PATID,Age_Great_65,Female,CA,LDH,CREATININE,CRP,ALBUMIN,B2M_5_5,PLATELETS,Ferritin_High,ISSIII,Tandem_Tx2,t11_14,HY,t4_14,t14_16_20,PR,HGB116F132M,Cyto_MM
P100001,0,1,0,0,0,0,0,0,0,0,1,1,1,0,0,0,0,1,0
P100002,1,1,0,1,1,1,0,0,1,1,1,1,0,0,1,0,0,1,0
P100003,0,0,1,0,1,0,1,0,0,0,1,1,0,0,0,0,0,0,0
P100011,0,0,1,0,0,1,0,1,0,0,0,1,0,0,0,0,0,0,0
P100012,0,1,0,0,0,0,1,0,1,0,0,0,0,0,0,0,0,0,0
P100013,1,1,0,1,0,0,0,0,0,0,0,1,0,0,0,0,0,0,0
P100014,1,0,0,0,0,0,1,0,0,0,0,1,0,1,0,0,0,0,0
P100015,0,1,0,0,0,0,1,0,0,0,0,1,0,0,0,0,1,0,0
P100016,1,0,0,1,1,1,0,1,1,0,1,0,0,0,0,0,0,0,1
P100018,0,1,1,0,0,0,1,0,0,0,0,1,0,1,1,0,0,1,0
P100019,0,0,0,0,0,0,0,0,1,0,0,1,1,1,0,1,1,1,0
P100020,0,1,0,1,0,0,0,0,0,0,0,0,1,0,0,0,0,0,1
P100025,0,0,0,1,0,1,0,0,0,0,0,1,0,1,0,0,0,1,0
P100026,1,0,0,1,0,0,1,0,0,0,0,0,0,0,0,0,0,0,0
P100029,0,0,0,0,0,1,1,0,0,1,0,1,0,1,0,0,0,0,1
P100031,0,1,0,1,0,0,0,1,0,0,0,0,0,1,0,0,0,0,1
P100032,0,1,0,0,0,1,0,1,0,0,0,0,0,0,0,0,1,0,0
P100036,0,1,1,1,0,0,1,0,0,0,0,1,0,0,0,0,0,0,0
P100037,0,1,0,0,1,0,0,1,0,0,0,1,0,1,0,0,1,1,1
P100040,1,0,0,1,1,0,0,0,0,0,0,0,0,1,0,0,0,0,0
P100044,0,1,0,0,0,1,0,1,0,0,0,0,0,1,0,0,0,0,1
P100046,0,1,0,0,0,0,0,1,1,0,1,1,0,0,1,0,0,0,0
P100050,0,1,0,0,0,0,0,0,0,0,1,0,0,1,0,0,0,0,0
P100054,0,1,0,1,1,0,1,0,0,0,1,0,0,0,0,0,0,0,0
P100057,0,0,0,0,1,1,1,0,0,0,1,1,0,1,0,0,1,0,0
P100059,1,1,0,0,0,0,0,0,0,0,0,0,1,1,0,0,1,0,0
P100060,0,1,1,0,0,1,1,0,0,0,0,0,0,1,0,0,0,0,0
P100061,0,0,0,0,0,0,0,1,0,0,0,1,0,1,0,0,0,1,0
P100063,0,0,1,1,0,0,0,0,0,0,1,0,0,1,0,0,1,1,0
P100064,1,0,1,0,0,0,0,0,0,0,0,1,0,1,0,0,0,0,0
P100065,1,1,0,0,0,1,0,0,0,0,0,0,0,0,0,0,0,0,0
P100066,1,0,0,0,0,1,0,1,0,0,0,1,0,1,0,0,1,0,0
P100067,1,1,0,0,0,0,0,0,1,0,0,1,0,0,0,0,1,0,1
P100069,1,0,0,0,0,0,0,0,1,1,0,0,0,0,0,0,0,0,0
P100070,1,1,1,0,1,1,0,0,0,0,0,1,0,0,0,0,0,0,0
P100071,0,0,0,0,0,1,1,0,0,1,0,0,0,1,0,0,0,0,1
P100074,0,1,1,0,0,1,0,1,1,0,1,1,0,1,0,0,0,0,0
P100076,0,0,0,1,0,0,1,1,0,1,1,1,0,0,1,1,0,1,0
P100077,0,0,0,0,0,1,1,1,0,0,1,0,1,0,0,0,0,0,0
P100080,1,0,0,1,1,0,0,1,0,0,0,1,1,1,0,0,0,1,0
P100081,0,1,0,0,1,0,1,0,0,0,1,1,0,0,0,0,0,0,0
P100082,1,0,1,1,0,0,0,0,0,0,0,1,0,0,0,0,0,0,0
P100087,1,1,0,0,0,0,1,0,0,0,0,1,0,1,0,0,0,1,0
P100090,1,1,0,0,0,0,0,0,0,0,0,0,0,1,0,0,0,0,0
P100091,0,0,0,1,0,0,1,0,0,1,1,1,0,0,0,0,0,0,0
P100092,0,0,0,0,0,0,0,0,0,0,0,0,0,0,0,0,0,0,0
P100094,0,0,0,0,0,0,0,0,0,1,0,1,0,0,0,0,1,0,0
P100095,0,0,0,0,0,0,1,0,0,0,1,1,0,1,0,0,0,0,1
P100096,1,0,0,1,0,1,0,0,0,0,1,1,0,1,1,0,1,1,0
P100100,0,0,0,0,1,0,1,0,0,0,0,1,1,0,0,0,1,0,0
P100102,1,0,0,1,0,1,1,1,1,1,0,0,0,0,0,0,1,0,0
P100104,1,1,0,0,0,0,0,0,1,0,0,0,1,1,0,0,1,1,0
P100108,1,0,0,0,0,0,0,0,0,1,0,0,0,0,0,0,0,1,0
P100110,0,1,0,0,0,0,0,0,0,0,0,0,0,0,0,0,0,0,0
P100111,1,1,0,0,0,0,0,1,0,0,0,0,0,0,0,1,1,1,0
P100112,0,1,0,0,0,1,0,0,0,0,1,0,0,1,0,0,0,0,0
P100115,0,0,0,0,0,0,0,0,1,0,0,0,0,1,0,0,0,0,0
P100117,0,0,0,0,1,0,1,0,0,0,0,1,1,1,0,0,0,1,0
P100118,1,1,0,0,0,0,1,0,0,0,0,1,1,0,0,0,0,1,0
P100119,0,0,1,0,0,0,1,1,0,0,1,1,0,1,1,1,1,0,0
P100120,0,1,0,0,0,0,0,0,0,0,0,1,0,0,1,0,0,1,0
P100121,0,1,0,0,0,1,1,0,0,0,0,1,0,1,0,0,0,0,1
P100122,0,0,0,0,0,0,0,0,0,0,1,0,0,0,0,0,0,0,0
P100124,1,1,0,1,0,0,0,0,0,0,0,1,1,0,0,0,0,0,0
P100127,0,0,0,1,0,0,1,0,0,0,0,0,0,1,0,1,0,0,0
P100128,0,1,1,0,0,1,1,1,0,0,0,0,0,1,0,0,0,0,0
P100132,0,1,0,1,1,0,0,0,0,0,0,0,0,1,0,0,0,0,0
P100133,0,0,0,1,0,0,1,0,0,0,0,0,0,1,0,0,0,0,0
P100135,0,0,0,1,0,0,1,1,0,0,0,1,0,1,0,0,1,0,0
P100136,1,0,0,0,0,0,0,0,0,0,0,1,1,0,1,0,0,0,1
P100139,0,1,0,0,0,0,0,1,0,0,1,1,0,1,0,0,1,0,0
P100140,0,1,1,0,0,0,1,0,0,0,0,0,0,0,0,0,0,1,0
P100147,1,1,0,0,0,1,0,0,1,1,0,0,0,1,0,0,1,0,0
P100150,0,1,0,0,1,0,0,0,0,0,1,1,0,1,0,0,1,0,0
P100153,0,0,1,0,0,0,1,0,0,0,0,1,0,1,0,0,1,0,1
P100154,0,0,0,0,0,0,0,0,0,0,1,1,0,0,0,0,1,0,0
P100155,0,1,0,0,0,0,0,0,1,0,0,0,0,0,0,0,0,1,0
P100160,1,0,0,0,0,0,1,0,0,0,1,1,1,1,0,0,0,0,1
P100162,1,1,0,0,0,1,0,1,0,0,1,1,0,0,0,0,0,1,1
P100168,1,1,0,0,0,1,0,0,0,1,0,1,0,0,0,0,0,0,0
P100171,1,0,0,1,0,0,0,1,1,1,0,0,0,1,1,0,0,0,0
P100173,1,0,0,1,0,1,0,0,0,0,0,0,1,0,0,0,0,0,0
P100176,0,1,0,0,0,0,0,0,0,1,0,1,0,0,0,0,0,0,0
P100178,0,1,0,1,0,0,0,0,1,0,0,1,0,0,0,1,1,0,0
P100180,0,0,0,0,0,0,1,0,0,0,0,1,0,1,0,0,0,0,0
P100184,0,0,0,0,0,0,1,0,0,0,1,1,0,0,0,0,1,0,0
P100186,0,0,0,1,0,0,0,0,0,0,0,0,0,0,0,0,0,0,0
P100187,0,1,1,1,0,1,0,0,0,0,0,1,0,1,0,1,0,0,1
P100188,1,1,0,0,0,0,0,1,0,1,0,1,0,1,0,1,1,1,0
P100189,1,0,0,0,0,0,0,0,0,0,1,0,0,0,0,1,0,1,1
P100190,0,1,0,1,0,1,0,0,0,1,0,1,0,0,0,0,1,1,0
P100194,1,1,1,1,0,0,0,0,0,0,1,0,0,1,0,0,0,0,0
P100200,0,0,0,0,0,0,0,0,0,1,0,0,1,1,0,0,1,0,0
P100206,1,0,0,0,0,0,0,0,1,1,0,1,1,1,0,0,1,0,0
P100208,0,0,0,0,0,1,1,0,0,0,0,0,0,0,0,0,0,0,1
P100209,0,0,0,0,0,1,0,0,1,0,0,0,1,1,0,0,1,1,0
P100211,0,1,0,1,0,1,0,0,0,0,1,1,0,0,0,0,0,1,0
P100219,0,0,0,0,0,0,0,1,0,0,0,1,0,0,0,1,0,0,0
P100220,0,1,0,1,0,0,1,0,0,0,1,1,0,0,0,0,0,0,0
P100223,1,0,0,0,0,0,0,0,0,0,1,1,0,0,0,0,0,0,0
P100225,1,1,0,1,0,0,0,0,1,0,0,1,0,1,0,0,0,1,0
P100226,0,0,0,0,0,0,0,0,1,0,0,0,0,0,0,0,0,0,0
P100227,0,0,0,1,0,0,1,1,0,0,0,0,0,1,1,0,0,0,0
P100230,1,1,0,0,0,0,0,0,0,0,1,1,0,1,0,0,0,0,1
P100234,0,1,0,0,0,1,1,1,0,0,1,1,0,1,0,0,1,1,0
P100235,0,1,1,0,0,0,0,0,0,0,1,1,0,0,1,0,0,0,0
P100237,0,1,0,0,0,1,1,1,0,0,0,0,0,1,0,0,1,0,0
P100238,0,0,0,0,1,0,0,1,0,0,0,1,0,1,0,0,1,0,0
P100239,1,0,0,0,0,0,0,0,1,0,1,0,0,0,0,0,1,0,0
P100240,0,0,0,1,0,0,0,1,1,0,0,0,0,0,0,0,0,0,0
P100241,0,1,0,0,0,0,0,1,0,1,0,1,0,1,0,0,0,0,0
P100244,0,0,0,1,0,1,1,0,0,1,0,0,0,1,0,1,0,0,0
P100246,0,0,0,1,0,0,0,0,0,0,1,0,0,0,0,0,0,1,0
P100248,1,1,0,0,0,0,0,0,0,0,0,0,0,1,0,0,0,0,0
P100249,1,0,0,0,1,1,1,0,0,0,1,1,0,1,0,0,1,0,0
P100251,0,1,0,0,0,1,1,1,0,0,0,1,0,0,1,0,0,1,0
P100254,0,0,0,0,1,0,0,0,1,1,1,0,0,0,0,1,0,0,1
P100255,0,1,0,0,0,0,0,0,0,0,0,0,0,1,0,0,0,0,0
P100256,0,0,0,1,0,0,0,0,0,1,0,1,0,0,0,0,0,0,0
P100257,0,1,0,0,0,0,0,0,0,1,1,1,1,1,0,0,0,0,1
P100259,0,1,0,0,0,0,0,0,0,0,0,1,0,1,0,0,0,0,0
P100264,0,1,1,0,1,0,0,1,0,0,1,1,0,1,0,0,1,0,0
P100266,0,1,1,0,1,0,0,0,0,0,0,1,0,0,0,0,0,0,0
P100268,0,1,0,1,0,1,0,0,0,0,0,0,0,0,0,0,1,0,1
P100270,0,1,0,0,0,0,0,0,0,0,0,1,1,1,0,0,1,0,0
P100278,1,0,0,0,0,1,1,1,0,0,0,1,0,1,0,0,0,1,0
P100281,0,1,0,0,0,0,1,0,0,1,1,1,0,0,0,0,0,0,0
P100286,0,1,0,0,0,0,0,0,1,0,0,1,0,0,0,0,1,0,0
P100287,1,0,0,0,0,0,0,0,1,1,0,1,0,1,0,0,1,0,0
P100288,0,0,0,0,0,1,0,0,0,0,0,0,1,1,0,0,0,0,0
P100289,0,1,0,1,1,1,1,1,1,0,1,0,1,0,0,1,0,1,1
P100290,1,1,0,1,1,0,1,0,0,0,0,1,1,1,0,0,0,1,0
P100291,0,0,0,0,0,0,0,0,0,0,0,0,1,0,1,0,0,0,0
P100293,0,1,0,0,0,0,1,1,0,0,1,1,0,1,1,0,1,0,0
P100294,0,0,0,0,0,0,0,0,1,0,0,1,0,0,0,0,0,0,0
P100295,1,1,0,0,1,0,0,0,0,0,0,1,0,0,0,0,1,0,0
P100297,1,1,0,0,0,0,1,0,0,0,1,1,0,1,0,0,0,0,0
P100298,0,1,0,1,0,1,0,0,0,0,0,1,0,0,0,0,0,0,1
P100300,1,1,1,0,0,0,0,0,0,1,1,0,0,1,0,0,1,0,0
P100301,0,1,0,0,0,0,0,0,0,1,0,1,0,0,0,0,0,0,0
P100302,0,0,0,0,0,0,0,1,0,0,0,0,0,0,0,0,1,1,0
P100303,1,0,0,0,0,0,1,1,1,0,0,0,0,0,0,0,1,0,0
P100305,0,0,1,0,0,0,0,0,0,0,0,1,0,1,1,0,0,0,1
P100306,0,0,0,0,0,0,0,0,0,1,0,1,0,0,0,0,0,1,0
P100308,0,0,0,0,0,0,0,0,0,0,0,1,0,0,0,0,0,0,0
P100310,0,0,0,0,1,0,0,1,0,1,0,1,0,0,0,0,0,0,0
P100311,1,0,0,1,0,1,0,0,0,0,0,0,1,0,0,0,0,0,0
P100312,0,1,0,0,0,1,0,0,1,0,0,1,0,0,0,0,0,1,1
P100317,0,1,0,1,0,0,0,0,1,0,0,0,0,0,1,0,0,0,0
P100318,0,0,0,0,0,0,1,0,0,0,0,1,0,0,0,0,0,0,0
P100320,0,0,1,0,0,1,1,0,0,0,0,0,0,0,1,0,0,0,0
P100323,0,1,0,0,0,0,1,0,1,0,0,0,0,0,0,0,0,1,0
P100326,1,1,0,0,0,1,1,1,0,0,0,0,1,1,0,1,0,1,0
P100328,1,1,0,0,0,0,1,0,1,0,1,1,0,1,0,0,0,1,0
P100329,0,0,0,1,0,0,0,1,1,1,1,0,0,1,0,0,0,0,0
P100331,0,0,0,0,0,0,0,1,0,0,1,1,0,0,0,0,0,1,0
P100332,1,0,0,0,0,0,1,0,1,0,0,1,0,1,0,0,0,0,0
P100334,0,0,0,0,0,0,0,0,0,0,1,0,0,1,0,0,0,1,0
P100335,0,0,0,1,1,1,1,1,0,0,1,1,0,0,0,0,0,1,1
P100336,1,0,0,0,0,0,0,1,1,0,0,1,0,1,0,0,0,0,0
P100337,0,0,0,1,0,0,1,0,0,0,0,0,0,1,0,0,0,0,0
P100340,0,0,0,0,0,0,1,0,0,1,0,1,0,0,0,0,1,0,0
P100346,1,1,1,0,0,1,1,0,0,0,1,0,0,0,0,1,0,1,0
P100347,0,1,0,0,0,0,0,0,0,1,0,0,0,0,0,0,1,0,0
P100348,1,0,0,0,0,0,1,0,0,1,0,1,0,0,0,0,0,0,0
P100351,1,0,0,0,1,0,0,0,0,0,0,1,0,0,0,0,1,0,0
P100354,0,1,1,0,0,0,1,0,0,0,0,1,0,0,0,0,0,0,0
P100358,0,0,0,0,0,0,0,0,0,0,0,1,0,1,0,0,0,0,1
P100361,0,0,0,0,1,0,0,0,0,0,0,1,1,1,0,0,1,1,1
P100364,0,1,0,0,0,0,0,0,0,0,0,0,1,1,0,0,0,0,0
P100366,0,1,1,1,0,0,0,0,0,0,1,1,0,1,0,0,1,0,0
P100368,1,0,0,0,0,1,0,1,0,0,0,1,0,1,0,1,0,1,0
P100369,0,0,0,1,0,1,0,1,0,0,1,0,0,0,0,0,0,0,0
P100370,0,1,1,0,0,0,0,0,0,0,0,1,0,1,1,0,0,0,0
P100371,0,1,0,0,0,0,0,0,0,0,1,1,0,0,0,0,0,0,0
P100372,0,1,0,1,0,0,1,0,0,0,1,0,0,1,0,0,1,1,0
P100373,0,0,0,0,0,0,1,0,1,0,1,1,0,0,0,0,0,1,0
P100377,1,1,0,1,0,0,0,1,0,0,0,0,0,0,0,0,0,0,1
P100378,0,0,0,0,0,1,1,0,1,0,1,1,1,0,0,0,0,0,0
P100382,1,0,0,0,1,0,0,0,0,0,0,1,0,1,1,0,0,1,0
P100384,0,1,0,0,0,0,0,1,1,0,0,1,0,0,0,0,1,0,0
P100389,0,1,0,1,0,0,0,0,0,0,1,1,0,1,0,0,1,0,0
P100390,1,1,0,0,0,0,1,0,0,1,1,1,0,0,0,0,0,0,0
P100394,0,1,0,0,0,0,0,0,0,0,0,1,0,0,0,0,0,0,0
P100395,0,0,0,0,0,1,1,1,0,0,0,0,0,0,0,0,0,1,0
P100397,1,1,0,0,0,0,0,1,1,0,0,0,0,1,0,0,1,0,0
P100398,0,1,1,1,0,0,0,1,0,0,0,1,1,1,0,0,0,1,0
P100402,0,0,0,0,0,0,1,0,0,0,0,0,1,0,0,0,0,1,0
P100403,1,1,0,1,0,0,0,1,0,0,0,0,0,1,0,0,0,1,0
P100406,1,0,0,0,1,1,1,1,0,1,1,1,0,1,0,0,0,0,0
P100408,0,0,1,0,0,1,1,1,0,0,1,0,0,1,0,0,0,1,0
P100409,0,1,0,0,0,0,0,0,1,0,0,1,1,1,0,0,0,0,0
P100411,0,1,0,0,0,0,1,0,0,0,0,0,0,1,1,0,1,0,0
P100412,0,1,0,0,1,0,1,1,1,1,0,1,0,1,0,1,0,1,0
P100415,1,0,0,0,1,0,0,1,0,0,1,0,0,0,0,0,0,1,0
P100416,0,1,0,1,0,0,1,1,0,0,0,1,0,0,0,0,1,0,1
P100418,0,1,0,0,0,1,0,1,0,0,0,1,0,1,0,0,0,0,0
P100419,0,1,0,0,0,0,0,0,0,0,0,0,0,1,0,0,0,0,1
P100420,1,1,0,0,0,0,1,1,1,0,0,1,0,1,0,0,0,0,0
P100422,1,1,0,1,0,0,0,0,0,0,1,1,0,0,0,0,0,0,0
P100423,0,1,0,0,0,0,1,0,0,0,1,1,0,1,1,0,1,0,1
P100425,0,0,0,0,0,0,1,0,0,0,0,1,0,0,0,0,0,1,1
P100426,0,0,0,0,0,0,0,0,0,0,0,1,0,0,0,0,0,1,1
P100427,0,0,0,0,1,0,0,1,1,1,0,1,1,0,0,0,1,0,0
P100428,0,0,0,0,0,0,0,0,1,0,0,1,0,0,0,0,0,0,0
P100429,0,0,0,0,0,1,0,0,0,0,0,0,0,1,0,0,0,0,0
P100430,0,1,0,0,0,0,0,0,0,0,0,1,0,0,1,0,1,1,1
P100431,1,0,1,0,0,0,0,0,0,0,0,1,1,0,0,1,0,0,0
P100432,0,0,0,0,0,0,0,0,0,0,1,0,1,0,0,0,0,0,1
P100433,0,0,0,0,1,0,1,0,0,0,0,0,0,1,0,0,0,0,0
P100435,0,1,0,0,0,0,0,0,1,0,0,0,0,1,1,0,0,0,1
P100437,1,1,0,0,0,0,1,0,0,1,1,1,0,1,0,0,0,0,0
P100438,0,0,0,1,0,0,0,0,1,0,1,1,1,0,1,0,0,0,0
P100441,0,0,0,0,1,0,0,0,1,0,0,0,1,0,0,0,0,0,0
P100444,1,1,0,0,1,1,0,0,0,0,0,1,0,0,0,0,1,1,0
P100445,0,1,0,0,0,0,0,0,0,1,0,1,1,0,1,0,0,0,0
P100446,0,0,0,0,0,0,0,0,0,0,0,0,0,0,1,1,0,0,0
P100448,0,0,0,0,0,1,0,0,0,0,0,0,1,0,0,1,0,0,0
P100450,0,0,0,0,0,0,0,0,1,1,0,1,0,1,0,0,1,0,0
P100452,1,1,0,0,0,0,0,0,0,0,0,0,0,1,0,0,0,0,0
P100453,0,1,1,1,0,1,0,0,0,0,1,0,0,1,0,0,1,0,0
P100454,0,0,0,0,0,0,0,1,0,0,0,1,0,1,0,0,0,0,0
P100455,1,1,0,0,0,1,0,0,0,0,1,0,0,1,0,1,0,0,0
P100456,1,0,1,0,0,0,1,0,0,0,0,1,0,0,0,0,1,0,0
P100457,1,0,0,0,1,1,0,0,0,0,0,1,1,0,0,0,0,1,0
P100458,1,0,0,0,0,1,0,0,0,1,0,0,0,1,0,0,1,0,0
P100461,1,1,0,0,0,0,0,0,0,0,0,0,0,1,0,0,0,0,1
P100462,1,1,1,0,0,0,0,0,0,1,0,1,0,1,0,0,1,0,0
P100466,1,0,0,0,0,0,1,1,0,0,0,0,0,0,0,0,1,0,0
P100469,0,1,0,0,0,0,1,1,0,1,0,1,1,0,0,0,0,1,0
P100470,0,1,1,0,0,1,0,0,0,0,1,0,0,0,0,0,0,0,0
P100471,0,0,1,1,0,0,0,0,0,0,0,1,0,0,0,0,0,1,1
P100473,0,0,0,0,0,0,0,0,0,1,0,0,0,1,1,0,0,1,0
P100474,0,1,0,0,0,0,1,0,1,0,1,1,0,1,0,0,0,0,0
P100477,1,0,0,0,1,0,0,1,1,0,0,0,0,1,0,0,0,0,0
P100479,0,1,0,0,1,0,1,1,0,0,0,0,0,1,0,0,0,0,0
P100480,0,1,0,0,0,0,1,0,0,0,0,1,0,0,0,1,0,0,1
P100481,0,0,0,0,0,1,1,0,1,0,1,1,0,0,0,0,0,0,0
P100487,0,0,0,1,1,1,0,0,0,0,1,0,0,0,0,0,0,0,0
P100491,0,0,1,1,0,0,0,0,0,1,0,1,0,0,0,0,0,0,0
P100494,1,1,0,0,0,0,0,0,0,1,1,0,0,0,0,0,1,1,0
P100495,1,0,0,1,0,0,1,0,0,1,0,1,0,0,1,0,0,1,1
P100496,0,0,0,1,1,0,0,1,0,0,0,1,0,0,0,0,0,0,0
P100497,0,1,0,0,0,0,1,0,0,1,0,0,0,0,0,0,0,0,0
P100499,0,1,0,0,0,0,0,0,0,0,0,1,0,0,0,0,0,0,0
P100502,1,1,0,0,0,0,0,0,1,0,1,1,1,1,0,0,0,0,0
P100505,0,1,0,0,0,0,0,0,0,0,0,0,0,0,0,0,0,0,1
P100506,0,1,1,1,0,0,1,0,0,0,0,1,0,1,0,0,1,0,0
P100507,0,0,0,0,0,1,1,1,1,0,0,0,0,0,0,0,1,0,0
P100508,0,0,0,0,0,0,0,0,0,0,0,1,0,0,0,0,0,0,0
P100511,0,1,0,0,1,0,0,0,0,0,0,0,0,0,0,0,0,0,0
P100512,1,0,0,0,0,0,0,1,0,1,0,1,0,1,0,1,1,1,0
P100513,0,1,0,0,1,0,0,0,0,0,0,1,0,1,0,0,1,1,1
P100515,0,1,0,0,0,0,0,0,0,0,1,0,0,0,0,0,0,1,1
P100516,0,0,0,0,0,1,0,1,0,0,0,0,0,0,0,1,1,0,0
P100519,1,1,0,0,0,0,1,0,0,0,0,1,0,0,0,1,0,0,0
P100521,0,1,0,0,0,0,0,0,0,1,0,1,0,0,0,0,0,1,1
P100522,1,0,0,1,0,1,0,0,0,0,0,0,0,0,1,0,0,0,0
P100523,1,0,0,1,0,0,1,0,0,0,1,1,1,0,0,0,0,1,0
P100525,0,0,0,0,0,0,1,0,1,0,0,1,0,0,0,0,0,0,0
P100526,1,1,0,1,1,1,0,0,0,0,0,0,0,1,0,1,0,1,0
P100527,1,1,0,0,0,0,1,0,0,0,0,1,0,1,0,1,1,1,1
P100528,0,0,0,0,0,0,0,0,0,0,0,0,0,1,0,0,1,1,1
P100531,1,1,1,0,1,1,1,0,0,0,1,0,0,0,0,1,1,0,0
P100532,0,1,0,0,0,0,0,0,0,0,0,1,0,0,0,0,0,0,0
P100534,0,1,0,1,0,0,1,0,0,0,0,1,0,1,0,0,0,0,0
P100535,0,0,0,0,0,0,1,0,0,0,0,1,0,1,0,0,0,1,0
P100536,0,1,1,0,0,0,1,1,1,0,0,1,1,0,0,0,0,1,1
P100540,1,0,0,0,0,0,0,0,0,0,0,0,0,1,0,1,0,0,0
P100541,1,1,0,0,0,0,0,0,0,0,1,1,0,1,0,0,0,0,0
P100542,1,1,0,0,1,0,1,1,1,1,0,0,0,0,0,0,0,1,0
P100543,0,1,0,0,0,0,0,1,0,0,1,1,0,0,0,0,0,0,0
P100545,0,0,0,0,0,0,0,0,0,0,1,1,0,0,0,0,0,1,0
P100546,1,0,0,0,0,0,1,0,0,0,0,1,0,0,0,0,0,0,0
P100551,0,0,0,0,0,1,0,1,0,0,0,1,0,0,0,1,0,0,0
P100552,1,1,0,0,0,0,0,0,0,0,0,0,1,0,0,1,1,0,0
P100554,0,1,0,0,0,0,0,0,1,0,0,0,1,0,0,0,0,0,0
P100556,0,0,0,0,0,0,0,1,0,0,0,1,0,1,0,0,1,0,0
P100558,1,1,0,0,0,0,1,0,1,0,1,0,0,0,0,0,0,0,0
P100560,1,0,0,0,0,1,0,1,0,0,0,0,0,1,0,0,0,1,0
P100563,0,0,0,0,0,1,1,0,0,0,0,0,0,1,0,0,1,0,0
P100564,0,0,0,0,0,1,1,1,0,0,0,0,0,1,0,1,0,0,0
P100568,0,1,1,0,0,1,0,0,1,0,0,1,0,0,0,0,0,0,0
P100569,0,1,0,0,0,1,0,0,1,1,1,0,1,0,0,0,1,0,0
P100570,1,1,1,0,1,1,1,1,0,0,1,1,0,0,0,0,0,1,0
