CHIPID,Cluster
CHIPID1000000,1
CHIPID1000002,2
CHIPID1000010,3
CHIPID1000012,4
CHIPID1000013,3
CHIPID1000014,3
CHIPID1000017,1
CHIPID1000019,3
CHIPID1000024,3
CHIPID1000028,2
CHIPID1000030,4
CHIPID1000031,1
CHIPID1000035,2
CHIPID1000036,1
CHIPID1000039,3
CHIPID1000043,1
CHIPID1000045,3
CHIPID1000049,4
CHIPID1000053,2
CHIPID1000056,2
CHIPID1000058,3
CHIPID1000059,4
CHIPID1000060,1
CHIPID1000062,4
CHIPID1000063,1
CHIPID1000064,3
CHIPID1000065,3
CHIPID1000066,3
CHIPID1000068,3
CHIPID1000069,2
CHIPID1000073,4
CHIPID1000075,1
CHIPID1000080,4
CHIPID1000081,3
CHIPID1000086,1
CHIPID1000089,3
CHIPID1000090,2
CHIPID1000091,4
CHIPID1000093,1
CHIPID1000094,2
CHIPID1000095,1
CHIPID1000099,1
CHIPID1000103,2
CHIPID1000107,2
CHIPID1000109,3
CHIPID1000110,1
CHIPID1000111,4
CHIPID1000114,2
CHIPID1000116,2
CHIPID1000117,1
CHIPID1000118,1
CHIPID1000119,3
CHIPID1000120,1
CHIPID1000121,1
CHIPID1000123,4
CHIPID1000126,2
CHIPID1000127,3
CHIPID1000131,4
CHIPID1000132,4
CHIPID1000135,3
CHIPID1000138,4
CHIPID1000149,1
CHIPID1000152,4
CHIPID1000153,3
CHIPID1000154,1
CHIPID1000159,2
CHIPID1000167,1
CHIPID1000170,2
CHIPID1000172,3
CHIPID1000175,3
CHIPID1000179,1
CHIPID1000183,2
CHIPID1000185,4
CHIPID1000186,4
CHIPID1000187,3
CHIPID1000188,2
CHIPID1000189,2
CHIPID1000193,3
CHIPID1000199,4
CHIPID1000207,1
CHIPID1000208,3
CHIPID1000210,1
CHIPID1000218,4
CHIPID1000222,4
CHIPID1000225,1
CHIPID1000226,2
CHIPID1000229,1
CHIPID1000233,3
CHIPID1000234,2
CHIPID1000236,4
CHIPID1000237,3
CHIPID1000238,3
CHIPID1000239,2
CHIPID1000240,3
CHIPID1000245,1
CHIPID1000247,3
CHIPID1000248,4
CHIPID1000250,3
CHIPID1000253,4
CHIPID1000254,1
CHIPID1000255,1
CHIPID1000256,4
CHIPID1000258,2
CHIPID1000263,3
CHIPID1000265,3
CHIPID1000267,4
CHIPID1000269,1
CHIPID1000277,1
CHIPID1000280,2
CHIPID1000285,4
CHIPID1000286,3
CHIPID1000287,3
CHIPID1000288,3
CHIPID1000289,2
CHIPID1000290,3
CHIPID1000292,3
CHIPID1000293,3
CHIPID1000294,3
CHIPID1000296,1
CHIPID1000297,1
CHIPID1000300,3
CHIPID1000302,2
CHIPID1000304,3
CHIPID1000305,3
CHIPID1000307,1
CHIPID1000309,1
CHIPID1000310,1
CHIPID1000311,2
CHIPID1000316,3
CHIPID1000317,1
CHIPID1000319,3
CHIPID1000322,3
CHIPID1000327,4
CHIPID1000328,1
CHIPID1000330,4
CHIPID1000333,1
CHIPID1000334,1
CHIPID1000336,3
CHIPID1000339,3
CHIPID1000345,3
CHIPID1000346,1
CHIPID1000347,1
CHIPID1000350,4
CHIPID1000353,1
CHIPID1000357,4
CHIPID1000360,3
CHIPID1000363,1
CHIPID1000365,3
CHIPID1000368,4
CHIPID1000369,2
CHIPID1000370,3
CHIPID1000371,2
CHIPID1000372,3
CHIPID1000376,2
CHIPID1000383,3
CHIPID1000388,2
CHIPID1000389,3
CHIPID1000393,1
CHIPID1000394,2
CHIPID1000396,3
CHIPID1000397,3
CHIPID1000401,2
CHIPID1000402,4
CHIPID1000407,2
CHIPID1000410,1
CHIPID1000411,1
CHIPID1000414,1
CHIPID1000415,2
CHIPID1000419,4
CHIPID1000424,4
CHIPID1000425,3
CHIPID1000426,1
CHIPID1000427,2
CHIPID1000428,4
CHIPID1000430,3
CHIPID1000431,3
CHIPID1000432,4
CHIPID1000434,4
CHIPID1000436,3
CHIPID1000437,3
CHIPID1000440,1
CHIPID1000443,4
CHIPID1000444,3
CHIPID1000445,1
CHIPID1000447,3
CHIPID1000449,3
CHIPID1000451,3
CHIPID1000453,2
CHIPID1000455,1
CHIPID1000457,4
CHIPID1000460,1
CHIPID1000461,3
CHIPID1000465,2
CHIPID1000468,3
CHIPID1000469,1
CHIPID1000470,3
CHIPID1000472,2
CHIPID1000473,3
CHIPID1000476,4
CHIPID1000478,3
CHIPID1000479,3
CHIPID1000480,1
CHIPID1000486,4
CHIPID1000490,3
CHIPID1000493,2
CHIPID1000494,4
CHIPID1000495,3
CHIPID1000496,3
CHIPID1000498,1
CHIPID1000501,3
CHIPID1000504,1
CHIPID1000505,1
CHIPID1000507,1
CHIPID1000510,4
CHIPID1000511,4
CHIPID1000515,3
CHIPID1000518,3
CHIPID1000520,1
CHIPID1000521,3
CHIPID1000524,3
CHIPID1000525,1
CHIPID1000526,2
CHIPID1000527,3
CHIPID1000533,1
CHIPID1000534,1
CHIPID1000535,2
CHIPID1000539,1
CHIPID1000540,1
CHIPID1000541,1
CHIPID1000542,1
CHIPID1000544,2
CHIPID1000550,2
CHIPID1000551,3
CHIPID1000553,1
CHIPID1000555,2
CHIPID1000557,4
CHIPID1000559,3
CHIPID1000562,1
CHIPID1000563,3
CHIPID1000567,3
CHIPID1000568,1
CHIPID1000569,2
