"sample_id","GEP70","GEP70_group","time","event"
"CHIPID1000000",0.45219,"GEP70 ≤ 0.66",6.10601,1
"CHIPID1000001",0.73032,"GEP70 > 0.66",3.64955,0
"CHIPID1000002",0.15207,"GEP70 ≤ 0.66",0.147,1
"CHIPID1000010",0.47308,"GEP70 ≤ 0.66",5.50615,0
"CHIPID1000011",0.75511,"GEP70 > 0.66",2.88235,1
"CHIPID1000012",0.41128,"GEP70 ≤ 0.66",4.79062,0
"CHIPID1000013",0.39175,"GEP70 ≤ 0.66",5.21643,0
"CHIPID1000014",0.36255,"GEP70 ≤ 0.66",5.39704,0
"CHIPID1000015",0.8551,"GEP70 > 0.66",0.57214,1
"CHIPID1000017",0.19756,"GEP70 ≤ 0.66",1.08863,1
"CHIPID1000018",0.8558,"GEP70 > 0.66",4.38539,1
"CHIPID1000019",0.41888,"GEP70 ≤ 0.66",2.80462,1
"CHIPID1000024",0.54464,"GEP70 ≤ 0.66",0.84884,1
"CHIPID1000025",0.86296,"GEP70 > 0.66",4.88122,1
"CHIPID1000028",0.29552,"GEP70 ≤ 0.66",2.58342,1
"CHIPID1000030",0.16549,"GEP70 ≤ 0.66",0.2363,1
"CHIPID1000031",0.25466,"GEP70 ≤ 0.66",0.41548,0
"CHIPID1000035",0.40067,"GEP70 ≤ 0.66",0.26991,1
"CHIPID1000036",0.1523,"GEP70 ≤ 0.66",3.43896,0
"CHIPID1000039",0.33049,"GEP70 ≤ 0.66",7.49015,1
"CHIPID1000043",0.20053,"GEP70 ≤ 0.66",6.90138,0
"CHIPID1000045",0.32255,"GEP70 ≤ 0.66",4.46121,0
"CHIPID1000049",0.54176,"GEP70 ≤ 0.66",4.8124,0
"CHIPID1000053",0.28445,"GEP70 ≤ 0.66",2.57871,0
"CHIPID1000056",0.57383,"GEP70 ≤ 0.66",1.87774,0
"CHIPID1000058",0.54113,"GEP70 ≤ 0.66",0.51066,0
"CHIPID1000059",0.32578,"GEP70 ≤ 0.66",3.1256,0
"CHIPID1000060",0.12071,"GEP70 ≤ 0.66",4.02741,0
"CHIPID1000062",0.19392,"GEP70 ≤ 0.66",5.78796,0
"CHIPID1000063",0.39945,"GEP70 ≤ 0.66",3.8851,1
"CHIPID1000064",0.22375,"GEP70 ≤ 0.66",11.08548,1
"CHIPID1000065",0.52537,"GEP70 ≤ 0.66",13.88137,1
"CHIPID1000066",0.56958,"GEP70 ≤ 0.66",2.64033,0
"CHIPID1000068",0.41437,"GEP70 ≤ 0.66",4.50867,0
"CHIPID1000069",0.49563,"GEP70 ≤ 0.66",10.76318,1
"CHIPID1000070",0.74367,"GEP70 > 0.66",3.44682,0
"CHIPID1000073",0.31913,"GEP70 ≤ 0.66",10.37298,0
"CHIPID1000075",0.18603,"GEP70 ≤ 0.66",0.96399,0
"CHIPID1000076",0.89341,"GEP70 > 0.66",0.89401,1
"CHIPID1000079",0.84439,"GEP70 > 0.66",9.31953,1
"CHIPID1000080",0.24961,"GEP70 ≤ 0.66",11.69501,0
"CHIPID1000081",0.53508,"GEP70 ≤ 0.66",1.10408,1
"CHIPID1000086",0.53587,"GEP70 ≤ 0.66",0.21286,1
"CHIPID1000089",0.17817,"GEP70 ≤ 0.66",6.32819,0
"CHIPID1000090",0.35648,"GEP70 ≤ 0.66",10.20163,0
"CHIPID1000091",0.3643,"GEP70 ≤ 0.66",1.3426,0
"CHIPID1000093",0.2609,"GEP70 ≤ 0.66",2.04658,0
"CHIPID1000094",0.18324,"GEP70 ≤ 0.66",1.25816,1
"CHIPID1000095",0.16895,"GEP70 ≤ 0.66",0.73426,1
"CHIPID1000099",0.18194,"GEP70 ≤ 0.66",0.73661,1
"CHIPID1000101",0.7404,"GEP70 > 0.66",1.47234,1
"CHIPID1000103",0.53481,"GEP70 ≤ 0.66",3.12933,0
"CHIPID1000107",0.40016,"GEP70 ≤ 0.66",8.98808,0
"CHIPID1000109",0.57536,"GEP70 ≤ 0.66",0.49795,1
"CHIPID1000110",0.57255,"GEP70 ≤ 0.66",7.37571,1
"CHIPID1000111",0.59237,"GEP70 ≤ 0.66",11.72848,0
"CHIPID1000114",0.21073,"GEP70 ≤ 0.66",1.46044,1
"CHIPID1000116",0.40139,"GEP70 ≤ 0.66",2.61017,1
"CHIPID1000117",0.44554,"GEP70 ≤ 0.66",0.88411,0
"CHIPID1000118",0.48946,"GEP70 ≤ 0.66",2.03689,1
"CHIPID1000119",0.1448,"GEP70 ≤ 0.66",4.26725,0
"CHIPID1000120",0.56265,"GEP70 ≤ 0.66",5.96212,0
"CHIPID1000121",0.38113,"GEP70 ≤ 0.66",4.07471,0
"CHIPID1000123",0.23782,"GEP70 ≤ 0.66",11.19316,0
"CHIPID1000126",0.42065,"GEP70 ≤ 0.66",3.0404,0
"CHIPID1000127",0.19662,"GEP70 ≤ 0.66",2.50684,1
"CHIPID1000131",0.14959,"GEP70 ≤ 0.66",14.48144,0
"CHIPID1000132",0.33475,"GEP70 ≤ 0.66",0.77319,0
"CHIPID1000134",0.70207,"GEP70 > 0.66",3.04368,1
"CHIPID1000135",0.27577,"GEP70 ≤ 0.66",3.99947,0
"CHIPID1000138",0.44038,"GEP70 ≤ 0.66",13.19816,0
"CHIPID1000139",0.87125,"GEP70 > 0.66",6.61612,1
"CHIPID1000146",0.84375,"GEP70 > 0.66",3.43456,1
"CHIPID1000149",0.12641,"GEP70 ≤ 0.66",9.67341,1
"CHIPID1000152",0.46938,"GEP70 ≤ 0.66",4.33737,1
"CHIPID1000153",0.18946,"GEP70 ≤ 0.66",0.73019,1
"CHIPID1000154",0.26075,"GEP70 ≤ 0.66",6.47916,0
"CHIPID1000159",0.43374,"GEP70 ≤ 0.66",3.33245,1
"CHIPID1000161",0.86317,"GEP70 > 0.66",0.93041,1
"CHIPID1000167",0.45193,"GEP70 ≤ 0.66",3.69084,1
"CHIPID1000170",0.20244,"GEP70 ≤ 0.66",4.59098,1
"CHIPID1000172",0.17592,"GEP70 ≤ 0.66",8.78596,0
"CHIPID1000175",0.49058,"GEP70 ≤ 0.66",12.39667,0
"CHIPID1000177",0.83512,"GEP70 > 0.66",0.57156,0
"CHIPID1000179",0.16389,"GEP70 ≤ 0.66",5.30831,1
"CHIPID1000183",0.20831,"GEP70 ≤ 0.66",0.64953,1
"CHIPID1000185",0.50643,"GEP70 ≤ 0.66",0.92056,0
"CHIPID1000186",0.36201,"GEP70 ≤ 0.66",12.06894,1
"CHIPID1000187",0.44998,"GEP70 ≤ 0.66",1.84226,1
"CHIPID1000188",0.37479,"GEP70 ≤ 0.66",2.57671,0
"CHIPID1000189",0.26315,"GEP70 ≤ 0.66",3.12482,0
"CHIPID1000193",0.42606,"GEP70 ≤ 0.66",11.37916,1
"CHIPID1000199",0.4954,"GEP70 ≤ 0.66",2.36404,0
"CHIPID1000205",0.82428,"GEP70 > 0.66",10.55874,1
"CHIPID1000207",0.37673,"GEP70 ≤ 0.66",2.64325,1
"CHIPID1000208",0.3293,"GEP70 ≤ 0.66",7.46997,1
"CHIPID1000210",0.57712,"GEP70 ≤ 0.66",0.75758,1
"CHIPID1000218",0.29695,"GEP70 ≤ 0.66",4.23601,0
"CHIPID1000219",0.79573,"GEP70 > 0.66",3.91871,0
"CHIPID1000222",0.30978,"GEP70 ≤ 0.66",6.94235,0
"CHIPID1000224",0.87796,"GEP70 > 0.66",10.83188,0
"CHIPID1000225",0.46829,"GEP70 ≤ 0.66",9.64569,1
"CHIPID1000226",0.2094,"GEP70 ≤ 0.66",3.54632,0
"CHIPID1000229",0.24466,"GEP70 ≤ 0.66",1.17004,1
"CHIPID1000233",0.49982,"GEP70 ≤ 0.66",6.42737,0
"CHIPID1000234",0.38585,"GEP70 ≤ 0.66",2.25852,0
"CHIPID1000236",0.4307,"GEP70 ≤ 0.66",3.14946,0
"CHIPID1000237",0.39325,"GEP70 ≤ 0.66",1.77455,0
"CHIPID1000238",0.5316,"GEP70 ≤ 0.66",1.55144,0
"CHIPID1000239",0.35353,"GEP70 ≤ 0.66",0.81132,1
"CHIPID1000240",0.31136,"GEP70 ≤ 0.66",6.02127,0
"CHIPID1000243",0.89941,"GEP70 > 0.66",0.8651,1
"CHIPID1000245",0.4095,"GEP70 ≤ 0.66",5.8437,1
"CHIPID1000247",0.58477,"GEP70 ≤ 0.66",1.3915,1
"CHIPID1000248",0.41785,"GEP70 ≤ 0.66",2.43472,1
"CHIPID1000250",0.31193,"GEP70 ≤ 0.66",0.23586,1
"CHIPID1000253",0.57461,"GEP70 ≤ 0.66",8.05435,0
"CHIPID1000254",0.31158,"GEP70 ≤ 0.66",14.89569,0
"CHIPID1000255",0.55909,"GEP70 ≤ 0.66",6.49069,0
"CHIPID1000256",0.24467,"GEP70 ≤ 0.66",7.24613,0
"CHIPID1000258",0.31165,"GEP70 ≤ 0.66",4.1461,1
"CHIPID1000263",0.50894,"GEP70 ≤ 0.66",0.61207,1
"CHIPID1000265",0.29481,"GEP70 ≤ 0.66",10.43391,0
"CHIPID1000267",0.14919,"GEP70 ≤ 0.66",6.81642,1
"CHIPID1000269",0.30359,"GEP70 ≤ 0.66",11.29626,0
"CHIPID1000277",0.53873,"GEP70 ≤ 0.66",5.973,1
"CHIPID1000280",0.5537,"GEP70 ≤ 0.66",1.96813,0
"CHIPID1000285",0.19317,"GEP70 ≤ 0.66",13.00588,0
"CHIPID1000286",0.56704,"GEP70 ≤ 0.66",7.23453,1
"CHIPID1000287",0.20602,"GEP70 ≤ 0.66",0.51636,0
"CHIPID1000288",0.2763,"GEP70 ≤ 0.66",3.25877,1
"CHIPID1000289",0.3022,"GEP70 ≤ 0.66",3.65102,1
"CHIPID1000290",0.1249,"GEP70 ≤ 0.66",5.93792,0
"CHIPID1000292",0.16213,"GEP70 ≤ 0.66",2.80907,1
"CHIPID1000293",0.43573,"GEP70 ≤ 0.66",5.16166,1
"CHIPID1000294",0.18502,"GEP70 ≤ 0.66",3.07055,1
"CHIPID1000296",0.19129,"GEP70 ≤ 0.66",2.47205,0
"CHIPID1000297",0.52108,"GEP70 ≤ 0.66",8.67903,1
"CHIPID1000299",0.81021,"GEP70 > 0.66",1.58443,1
"CHIPID1000300",0.18187,"GEP70 ≤ 0.66",11.18117,0
"CHIPID1000301",0.75094,"GEP70 > 0.66",1.06523,1
"CHIPID1000302",0.25474,"GEP70 ≤ 0.66",1.68745,0
"CHIPID1000304",0.17473,"GEP70 ≤ 0.66",7.53867,0
"CHIPID1000305",0.41428,"GEP70 ≤ 0.66",3.70076,1
"CHIPID1000307",0.5231,"GEP70 ≤ 0.66",8.10008,0
"CHIPID1000309",0.32172,"GEP70 ≤ 0.66",1.34804,1
"CHIPID1000310",0.22894,"GEP70 ≤ 0.66",0.63264,1
"CHIPID1000311",0.34762,"GEP70 ≤ 0.66",1.67997,1
"CHIPID1000316",0.32918,"GEP70 ≤ 0.66",4.63157,1
"CHIPID1000317",0.37742,"GEP70 ≤ 0.66",1.20566,1
"CHIPID1000319",0.42755,"GEP70 ≤ 0.66",13.45905,0
"CHIPID1000322",0.30698,"GEP70 ≤ 0.66",1.48941,1
"CHIPID1000325",0.86895,"GEP70 > 0.66",9.08532,0
"CHIPID1000327",0.57761,"GEP70 ≤ 0.66",1.11057,0
"CHIPID1000328",0.17999,"GEP70 ≤ 0.66",1.40339,1
"CHIPID1000330",0.13573,"GEP70 ≤ 0.66",13.39692,0
"CHIPID1000331",0.81998,"GEP70 > 0.66",2.84593,1
"CHIPID1000333",0.18432,"GEP70 ≤ 0.66",1.38262,0
"CHIPID1000334",0.13618,"GEP70 ≤ 0.66",3.33168,1
"CHIPID1000335",0.86075,"GEP70 > 0.66",6.9801,1
"CHIPID1000336",0.35206,"GEP70 ≤ 0.66",9.13124,1
"CHIPID1000339",0.35222,"GEP70 ≤ 0.66",4.37907,0
"CHIPID1000345",0.53437,"GEP70 ≤ 0.66",3.14078,1
"CHIPID1000346",0.23482,"GEP70 ≤ 0.66",8.03537,1
"CHIPID1000347",0.43505,"GEP70 ≤ 0.66",3.67721,0
"CHIPID1000350",0.55319,"GEP70 ≤ 0.66",12.90221,0
"CHIPID1000353",0.16986,"GEP70 ≤ 0.66",2.86082,1
"CHIPID1000357",0.17506,"GEP70 ≤ 0.66",10.13892,0
"CHIPID1000360",0.33438,"GEP70 ≤ 0.66",13.45562,0
"CHIPID1000363",0.24425,"GEP70 ≤ 0.66",3.06679,1
"CHIPID1000365",0.59535,"GEP70 ≤ 0.66",2.55252,1
"CHIPID1000367",0.83381,"GEP70 > 0.66",5.12213,0
"CHIPID1000368",0.12971,"GEP70 ≤ 0.66",8.27478,1
"CHIPID1000369",0.41087,"GEP70 ≤ 0.66",2.63336,0
"CHIPID1000370",0.43998,"GEP70 ≤ 0.66",1.5404,1
"CHIPID1000371",0.15471,"GEP70 ≤ 0.66",0.65684,1
"CHIPID1000372",0.18091,"GEP70 ≤ 0.66",7.7914,0
"CHIPID1000376",0.48441,"GEP70 ≤ 0.66",4.24835,1
"CHIPID1000377",0.86902,"GEP70 > 0.66",2.70748,1
"CHIPID1000381",0.82998,"GEP70 > 0.66",2.7958,0
"CHIPID1000383",0.13172,"GEP70 ≤ 0.66",0.30425,1
"CHIPID1000388",0.38966,"GEP70 ≤ 0.66",1.26508,1
"CHIPID1000389",0.50501,"GEP70 ≤ 0.66",0.61734,1
"CHIPID1000393",0.18415,"GEP70 ≤ 0.66",5.04853,1
"CHIPID1000394",0.4626,"GEP70 ≤ 0.66",1.42162,1
"CHIPID1000396",0.21139,"GEP70 ≤ 0.66",2.74035,0
"CHIPID1000397",0.31975,"GEP70 ≤ 0.66",5.5207,0
"CHIPID1000401",0.56383,"GEP70 ≤ 0.66",9.28807,0
"CHIPID1000402",0.58152,"GEP70 ≤ 0.66",9.82739,0
"CHIPID1000405",0.76173,"GEP70 > 0.66",3.63021,1
"CHIPID1000407",0.16029,"GEP70 ≤ 0.66",0.72564,0
"CHIPID1000408",0.77726,"GEP70 > 0.66",1.95312,1
"CHIPID1000410",0.36454,"GEP70 ≤ 0.66",5.75412,0
"CHIPID1000411",0.40245,"GEP70 ≤ 0.66",1.51757,1
"CHIPID1000414",0.1421,"GEP70 ≤ 0.66",2.93694,1
"CHIPID1000415",0.27248,"GEP70 ≤ 0.66",5.75665,0
"CHIPID1000417",0.72099,"GEP70 > 0.66",10.68788,0
"CHIPID1000418",0.88151,"GEP70 > 0.66",8.35396,0
"CHIPID1000419",0.54371,"GEP70 ≤ 0.66",5.9646,1
"CHIPID1000421",0.83074,"GEP70 > 0.66",0.61014,1
"CHIPID1000422",0.81836,"GEP70 > 0.66",2.46508,1
"CHIPID1000424",0.18706,"GEP70 ≤ 0.66",0.97462,0
"CHIPID1000425",0.13763,"GEP70 ≤ 0.66",1.73101,1
"CHIPID1000426",0.37261,"GEP70 ≤ 0.66",9.37977,0
"CHIPID1000427",0.52878,"GEP70 ≤ 0.66",3.50534,1
"CHIPID1000428",0.16083,"GEP70 ≤ 0.66",14.0379,0
"CHIPID1000429",0.79869,"GEP70 > 0.66",2.01541,0
"CHIPID1000430",0.27879,"GEP70 ≤ 0.66",10.78162,1
"CHIPID1000431",0.15211,"GEP70 ≤ 0.66",4.95603,0
"CHIPID1000432",0.5714,"GEP70 ≤ 0.66",1.27666,0
"CHIPID1000434",0.45362,"GEP70 ≤ 0.66",0.78433,1
"CHIPID1000436",0.19123,"GEP70 ≤ 0.66",7.73302,1
"CHIPID1000437",0.39195,"GEP70 ≤ 0.66",10.23673,0
"CHIPID1000440",0.44774,"GEP70 ≤ 0.66",1.71885,1
"CHIPID1000443",0.33099,"GEP70 ≤ 0.66",10.18441,0
"CHIPID1000444",0.21764,"GEP70 ≤ 0.66",0.87298,1
"CHIPID1000445",0.46851,"GEP70 ≤ 0.66",4.6711,0
"CHIPID1000447",0.30632,"GEP70 ≤ 0.66",5.82401,0
"CHIPID1000449",0.14335,"GEP70 ≤ 0.66",11.40211,0
"CHIPID1000451",0.35933,"GEP70 ≤ 0.66",0.90612,1
"CHIPID1000452",0.87348,"GEP70 > 0.66",0.71098,1
"CHIPID1000453",0.1524,"GEP70 ≤ 0.66",13.88112,0
"CHIPID1000454",0.89675,"GEP70 > 0.66",0.23897,1
"CHIPID1000455",0.12013,"GEP70 ≤ 0.66",15.26634,0
"CHIPID1000456",0.80448,"GEP70 > 0.66",13.86565,0
"CHIPID1000457",0.53018,"GEP70 ≤ 0.66",11.00652,0
"CHIPID1000460",0.16851,"GEP70 ≤ 0.66",3.46555,0
"CHIPID1000461",0.29138,"GEP70 ≤ 0.66",2.49567,1
"CHIPID1000465",0.46944,"GEP70 ≤ 0.66",4.48876,1
"CHIPID1000468",0.5006,"GEP70 ≤ 0.66",5.74631,0
"CHIPID1000469",0.187,"GEP70 ≤ 0.66",0.58883,0
"CHIPID1000470",0.20144,"GEP70 ≤ 0.66",9.59935,1
"CHIPID1000472",0.55884,"GEP70 ≤ 0.66",7.51468,0
"CHIPID1000473",0.54246,"GEP70 ≤ 0.66",2.16878,0
"CHIPID1000476",0.34814,"GEP70 ≤ 0.66",3.03091,1
"CHIPID1000478",0.25281,"GEP70 ≤ 0.66",1.41723,1
"CHIPID1000479",0.50434,"GEP70 ≤ 0.66",12.01147,0
"CHIPID1000480",0.27876,"GEP70 ≤ 0.66",1.92279,1
"CHIPID1000486",0.57466,"GEP70 ≤ 0.66",1.05278,0
"CHIPID1000490",0.4129,"GEP70 ≤ 0.66",4.67732,0
"CHIPID1000493",0.16023,"GEP70 ≤ 0.66",8.26469,1
"CHIPID1000494",0.39962,"GEP70 ≤ 0.66",0.98047,0
"CHIPID1000495",0.29677,"GEP70 ≤ 0.66",6.94114,0
"CHIPID1000496",0.34298,"GEP70 ≤ 0.66",3.062,1
"CHIPID1000498",0.22782,"GEP70 ≤ 0.66",15.14255,0
"CHIPID1000501",0.21144,"GEP70 ≤ 0.66",9.34816,0
"CHIPID1000504",0.41944,"GEP70 ≤ 0.66",7.76308,0
"CHIPID1000505",0.26039,"GEP70 ≤ 0.66",4.14693,1
"CHIPID1000506",0.8506,"GEP70 > 0.66",4.78287,0
"CHIPID1000507",0.21837,"GEP70 ≤ 0.66",3.17174,0
"CHIPID1000510",0.21379,"GEP70 ≤ 0.66",0.68249,0
"CHIPID1000511",0.38447,"GEP70 ≤ 0.66",9.87384,1
"CHIPID1000512",0.77129,"GEP70 > 0.66",7.93813,1
"CHIPID1000514",0.84464,"GEP70 > 0.66",6.34526,1
"CHIPID1000515",0.19314,"GEP70 ≤ 0.66",0.90827,0
"CHIPID1000518",0.21593,"GEP70 ≤ 0.66",7.78191,0
"CHIPID1000520",0.40842,"GEP70 ≤ 0.66",6.39325,0
"CHIPID1000521",0.21495,"GEP70 ≤ 0.66",7.50944,0
"CHIPID1000522",0.73637,"GEP70 > 0.66",5.85234,1
"CHIPID1000524",0.54722,"GEP70 ≤ 0.66",2.22321,1
"CHIPID1000525",0.52841,"GEP70 ≤ 0.66",4.00594,0
"CHIPID1000526",0.456,"GEP70 ≤ 0.66",4.0599,1
"CHIPID1000527",0.57647,"GEP70 ≤ 0.66",0.9203,1
"CHIPID1000530",0.81909,"GEP70 > 0.66",1.09882,1
"CHIPID1000531",0.83814,"GEP70 > 0.66",3.25155,0
"CHIPID1000533",0.16473,"GEP70 ≤ 0.66",2.02136,1
"CHIPID1000534",0.2982,"GEP70 ≤ 0.66",0.52114,0
"CHIPID1000535",0.24471,"GEP70 ≤ 0.66",3.31627,0
"CHIPID1000539",0.44016,"GEP70 ≤ 0.66",10.96538,0
"CHIPID1000540",0.33008,"GEP70 ≤ 0.66",5.87221,1
"CHIPID1000541",0.21963,"GEP70 ≤ 0.66",13.442,0
"CHIPID1000542",0.33316,"GEP70 ≤ 0.66",4.86457,0
"CHIPID1000544",0.14638,"GEP70 ≤ 0.66",0.1,1
"CHIPID1000545",0.78779,"GEP70 > 0.66",6.35414,1
"CHIPID1000550",0.1785,"GEP70 ≤ 0.66",1.96846,1
"CHIPID1000551",0.27181,"GEP70 ≤ 0.66",7.74652,0
"CHIPID1000553",0.20161,"GEP70 ≤ 0.66",5.55848,0
"CHIPID1000555",0.57172,"GEP70 ≤ 0.66",0.28725,1
"CHIPID1000557",0.41341,"GEP70 ≤ 0.66",11.3275,0
"CHIPID1000559",0.2154,"GEP70 ≤ 0.66",9.94786,0
"CHIPID1000562",0.37347,"GEP70 ≤ 0.66",1.27551,0
"CHIPID1000563",0.47174,"GEP70 ≤ 0.66",7.13023,0
"CHIPID1000567",0.26588,"GEP70 ≤ 0.66",4.25663,1
"CHIPID1000568",0.12013,"GEP70 ≤ 0.66",2.38949,1
"CHIPID1000569",0.26468,"GEP70 ≤ 0.66",7.77479,1
