"Probe_ID","Gene","PC_ME_Other","N_MGUS","N_GEP70_High","Mean_MGUS","Mean_GEP70_High","Log2FC_GEP70_High_vs_MGUS","PValue","FDR","ME_GeneSet"
"PROBE0632_at","MEHIGH001",2,45,43,11.9610824444444,12.9508881395349,0.989805695090443,1.93962935684645e-09,6.80571704156647e-08,"GEP70_ME"
"PROBE0633_at","MEHIGH002",2,45,43,7.95121977777778,10.3266348837209,2.37541510594315,8.28162938022259e-20,1.38027156337043e-17,"GEP70_ME"
"PROBE0634_at","MEHIGH003",2,45,43,6.80338822222222,8.08977534883721,1.28638712661499,2.46592741894385e-09,8.50319799635809e-08,"GEP70_ME"
"PROBE0635_at","MEHIGH004",2,45,43,8.97418888888889,10.5535453488372,1.57935645994832,6.16208877159749e-12,2.70861044905384e-10,"GEP70_ME"
"PROBE0636_at","MEHIGH005",2,45,43,8.90210622222222,10.6582511627907,1.75614494056847,1.00462777011059e-21,3.09116236957104e-19,"GEP70_ME"
"PROBE0638_at","MEHIGH007",2,45,43,7.75836422222222,9.87017395348837,2.11180973126615,3.71033111244986e-19,5.11769808613773e-17,"GEP70_ME"
"PROBE0639_at","MEHIGH008",2,45,43,9.25286222222222,11.3962046511628,2.14334242894057,3.23212977890149e-29,1.2928519115606e-25,"GEP70_ME"
"PROBE0640_at","MEHIGH009",2,45,43,8.94607222222222,10.9074244186047,1.96135219638243,1.97175639216868e-10,7.51145292254737e-09,"GEP70_ME"
"PROBE0641_at","MEHIGH010",2,45,43,8.72402377777778,9.76565837209302,1.04163459431525,7.81366100839937e-13,3.95628405488576e-11,"GEP70_ME"
"PROBE0642_at","MEHIGH011",2,45,43,10.7737448888889,12.5456662790698,1.77192139018088,2.56025994843858e-14,1.73576945656853e-12,"GEP70_ME"
"PROBE0643_at","MEHIGH012",2,45,43,9.57436311111111,10.5808574418605,1.00649433074935,8.39040615578681e-06,0.000172998065067769,"GEP70_ME"
"PROBE0644_at","MEHIGH013",2,45,43,7.007748,8.95779534883721,1.95004734883721,1.3129089144544e-26,1.05032713156352e-23,"GEP70_ME"
"PROBE0645_at","MEHIGH014",2,45,43,8.67051177777778,10.050506744186,1.37999496640827,1.04757541624276e-15,8.21627777445303e-14,"GEP70_ME"
"PROBE0646_at","MEHIGH015",2,45,43,6.848942,8.78297372093023,1.93403172093024,1.84219508476669e-19,2.72917790335806e-17,"GEP70_ME"
"PROBE0647_at","MEHIGH016",2,45,43,8.67934955555556,10.282893255814,1.6035437002584,7.01777302432934e-19,8.50639154464162e-17,"GEP70_ME"
"PROBE0648_at","MEHIGH017",2,45,43,10.0678553333333,11.1903541860465,1.12249885271318,2.49602321761563e-07,6.88558128997415e-06,"GEP70_ME"
"PROBE0649_at","MEHIGH018",2,45,43,10.885894,12.4695969767442,1.58370297674419,4.38399207624955e-06,9.58249634152907e-05,"GEP70_ME"
"PROBE0650_at","MEHIGH019",2,45,43,8.20398177777778,9.08474837209302,0.880766594315249,1.29539956208336e-05,0.000260381821524293,"GEP70_ME"
"PROBE0651_at","MEHIGH020",2,45,43,7.40409511111111,9.10798441860465,1.70388930749355,7.09084888783618e-20,1.29028211657528e-17,"GEP70_ME"
"PROBE0652_at","MEHIGH021",2,45,43,9.37547088888889,11.0796151162791,1.70414422739019,2.61522311776468e-12,1.21638284547195e-10,"GEP70_ME"
"PROBE0653_at","MEHIGH022",2,45,43,7.69958222222222,9.35291,1.65332777777778,8.5268948910903e-14,4.94312747309582e-12,"GEP70_ME"
"PROBE0654_at","MEHIGH023",2,45,43,8.13898555555556,9.27476976744186,1.13578421188631,6.19193932130932e-07,1.55228949398493e-05,"GEP70_ME"
"PROBE0655_at","MEHIGH024",2,45,43,8.44786577777778,10.38927,1.94140422222222,2.0922315320614e-20,4.40469796223452e-18,"GEP70_ME"
"PROBE0656_at","MEHIGH025",2,45,43,10.2998106666667,12.0942469767442,1.79443631007752,1.56651130314373e-22,6.2660452125749e-20,"GEP70_ME"
"PROBE0657_at","MEHIGH026",2,45,43,8.85452088888889,10.9227746511628,2.0682537622739,5.52279631178641e-22,1.8409321039288e-19,"GEP70_ME"
"PROBE0658_at","MEHIGH027",2,45,43,8.74487755555556,10.2515286046512,1.50665104909561,3.65448941284845e-09,1.22839980263814e-07,"GEP70_ME"
"PROBE0659_at","MEHIGH028",2,45,43,10.2350353333333,11.5054760465116,1.27044071317829,4.13406493290675e-12,1.90071950938241e-10,"GEP70_ME"
"PROBE0660_at","MEHIGH029",2,45,43,9.555044,10.7147997674419,1.15975576744187,1.3707456461839e-10,5.37547312228982e-09,"GEP70_ME"
"PROBE0661_at","MEHIGH030",2,45,43,8.01733111111111,9.04321930232558,1.02588819121447,9.98725855521058e-09,3.24788896104409e-07,"GEP70_ME"
"PROBE0662_at","MEHIGH031",2,45,43,8.64841755555556,10.5607725581395,1.91235500258398,9.19735891526136e-13,4.5419056371661e-11,"GEP70_ME"
"PROBE0663_at","MEHIGH032",2,45,43,9.13463644444444,10.6437023255814,1.50906588113695,1.6176473516885e-13,8.98692973160279e-12,"GEP70_ME"
"PROBE0664_at","MEHIGH033",2,45,43,10.6104428888889,12.5869455813953,1.97650269250646,1.36290948040356e-17,1.29800902895577e-15,"GEP70_ME"
"PROBE0665_at","MEHIGH034",2,45,43,8.84900044444444,10.623101627907,1.77410118346254,1.13805516945598e-20,2.52901148767996e-18,"GEP70_ME"
"PROBE0666_at","MEHIGH035",2,45,43,8.76156288888889,10.2048190697674,1.44325618087856,3.31106927347703e-14,2.13617372482389e-12,"GEP70_ME"
"PROBE0667_at","MEHIGH036",2,45,43,9.77216422222222,10.6809213953488,0.908757173126624,1.80862678865051e-06,4.18179604312257e-05,"GEP70_ME"
"PROBE0668_at","MEHIGH037",2,45,43,10.5588188888889,11.6630858139535,1.10426692506459,8.48905119212747e-07,2.0705002907628e-05,"GEP70_ME"
"PROBE0669_at","MEHIGH038",2,45,43,8.38760266666667,9.68848093023256,1.30087826356589,2.76591328362207e-08,8.51050241114482e-07,"GEP70_ME"
"PROBE0670_at","MEHIGH039",2,45,43,9.46229844444444,10.6355920930233,1.17329364857881,1.01712991707769e-12,4.96160935159848e-11,"GEP70_ME"
"PROBE0671_at","MEHIGH040",2,45,43,8.57683666666667,9.72238581395349,1.14554914728682,3.91655533782019e-06,8.65537091230982e-05,"GEP70_ME"
"PROBE0672_at","MEHIGH041",2,45,43,8.261746,9.94272232558139,1.6809763255814,5.5217681841827e-19,7.12486217313897e-17,"GEP70_ME"
"PROBE0673_at","MEHIGH042",2,45,43,8.22590311111111,9.4974588372093,1.27155572609819,6.29166555853612e-13,3.26839769274603e-11,"GEP70_ME"
"PROBE0674_at","MEHIGH043",2,45,43,9.54762622222222,11.0743125581395,1.52668633591731,1.43474430295368e-10,5.57182253574245e-09,"GEP70_ME"
"PROBE0675_at","MEHIGH044",2,45,43,8.90809333333333,11.0269223255814,2.11882899224806,1.48502534692679e-23,8.48585912529591e-21,"GEP70_ME"
"PROBE0676_at","MEHIGH045",2,45,43,8.59905955555556,10.2055534883721,1.60649393281654,2.21652366831749e-16,1.92741188549347e-14,"GEP70_ME"
"PROBE0677_at","MEHIGH046",2,45,43,10.0132802222222,11.4247079069767,1.41142768475452,2.24308077291303e-12,1.05556742254731e-10,"GEP70_ME"
"PROBE0678_at","MEHIGH047",2,45,43,9.00641533333333,10.0956855813953,1.08927024806201,1.56642352071768e-11,6.526764669657e-10,"GEP70_ME"
"PROBE0679_at","MEHIGH048",2,45,43,8.51620888888889,9.82740465116279,1.3111957622739,4.77241361709163e-14,2.93686991821023e-12,"GEP70_ME"
"PROBE0680_at","MEHIGH049",2,45,43,6.92090244444444,8.92025488372093,1.99935243927649,7.09655164116403e-20,1.29028211657528e-17,"GEP70_ME"
"PROBE0681_at","MEHIGH050",2,45,43,8.58490377777778,10.2967851162791,1.71188133850129,3.47609587037318e-20,6.95219174074635e-18,"GEP70_ME"
"PROBE0682_at","MEHIGH051",2,45,43,8.53657822222222,10.9407853488372,2.40420712661499,3.0274723676578e-19,4.32496052522543e-17,"GEP70_ME"
"PROBE0683_at","MEHIGH052",2,45,43,9.30305288888889,10.9007362790698,1.59768339018088,4.0112225177161e-07,1.07683825978956e-05,"GEP70_ME"
"PROBE0684_at","MEHIGH053",2,45,43,8.48961666666667,10.0043141860465,1.51469751937985,1.24621439978769e-11,5.30303999909656e-10,"GEP70_ME"
"PROBE0685_at","MEHIGH054",2,45,43,9.10019777777778,10.5881090697674,1.48791129198966,3.8083526544311e-16,3.17362721202592e-14,"GEP70_ME"
"PROBE0686_at","MEHIGH055",2,45,43,10.1630713333333,11.8135374418605,1.65046610852713,1.49711456821795e-06,3.54346643365196e-05,"GEP70_ME"
"PROBE0687_at","MEHIGH056",2,45,43,7.75744866666667,9.43057209302326,1.67312342635659,3.58071243045877e-09,1.21380082388433e-07,"GEP70_ME"
"PROBE0688_at","MEHIGH057",2,45,43,11.1869937777778,12.7118188372093,1.52482505943152,1.81040014145779e-13,9.87401333508655e-12,"GEP70_ME"
"PROBE0689_at","MEHIGH058",2,45,43,10.5725873333333,12.5713553488372,1.99876801550388,3.04911608165983e-14,1.99942038141628e-12,"GEP70_ME"
"PROBE0690_at","MEHIGH059",2,45,43,9.13571288888889,10.2111430232558,1.07543013436693,3.08898137679118e-10,1.15475939319296e-08,"GEP70_ME"
"PROBE0691_at","MEHIGH060",2,45,43,11.1237766666667,12.9943823255814,1.87060565891472,4.12769929211834e-14,2.62076145531323e-12,"GEP70_ME"
"PROBE0692_at","MEHIGH061",2,45,43,11.8065568888889,13.0257255813953,1.21916869250646,6.20915797593973e-07,1.55228949398493e-05,"GEP70_ME"
"PROBE0693_at","MEHIGH062",2,45,43,9.41380066666667,10.7690381395349,1.35523747286822,4.58083421473069e-08,1.38813158022142e-06,"GEP70_ME"
"PROBE0694_at","MEHIGH063",2,45,43,10.1517355555556,12.0831211627907,1.93138560723514,6.70209378429135e-26,4.4680625228609e-23,"GEP70_ME"
"PROBE0695_at","MEHIGH064",2,45,43,11.3463333333333,13.2990272093023,1.95269387596899,1.08326140564126e-09,3.86879073443309e-08,"GEP70_ME"
"PROBE0696_at","MEHIGH065",2,45,43,7.06813822222222,9.1568588372093,2.08872061498708,5.01193451922793e-27,5.01193451922793e-24,"GEP70_ME"
"PROBE0697_at","MEHIGH066",2,45,43,8.92390533333333,10.6882318604651,1.76432652713178,3.43162766855814e-10,1.27097321057709e-08,"GEP70_ME"
"PROBE0698_at","MEHIGH067",2,45,43,11.7628342222222,13.2279451162791,1.46511089405685,1.01474968817412e-10,4.05899875269647e-09,"GEP70_ME"
"PROBE0699_at","MEHIGH068",2,45,43,7.405716,9.01433046511628,1.60861446511628,6.1014916322616e-19,7.626864540327e-17,"GEP70_ME"
"PROBE0700_at","MEHIGH069",2,45,43,7.55578222222222,9.12478697674419,1.56900475452197,8.21097189714612e-16,6.70283420175193e-14,"GEP70_ME"
"PROBE0701_at","MEHIGH070",2,45,43,6.02477111111111,7.75642511627907,1.73165400516796,1.61613697450932e-19,2.48636457616818e-17,"GEP70_ME"
"PROBE0702_at","MEHIGH071",2,45,43,7.65411733333333,8.91250674418605,1.25838941085272,2.54051120194388e-08,8.00161008486261e-07,"GEP70_ME"
"PROBE0703_at","MEHIGH072",2,45,43,9.48525244444444,10.8249365116279,1.33968406718346,4.67463460608794e-14,2.92164662880496e-12,"GEP70_ME"
"PROBE0704_at","MEHIGH073",2,45,43,10.2264506666667,12.5381730232558,2.31172235658915,2.10690792519922e-28,4.21381585039845e-25,"GEP70_ME"
"PROBE0705_at","MEHIGH074",2,45,43,7.764434,9.78533255813953,2.02089855813954,1.2871883971901e-17,1.25579355823425e-15,"GEP70_ME"
"PROBE0706_at","MEHIGH075",2,45,43,7.89458288888889,8.51860046511628,0.62401757622739,0.000108283849049352,0.00190808544580357,"GEP70_ME"
"PROBE0707_at","MEHIGH076",2,45,43,8.651676,10.0033853488372,1.35170934883721,5.78587539355752e-15,4.06026343407546e-13,"GEP70_ME"
"PROBE0708_at","MEHIGH077",2,45,43,9.30480688888889,10.7107353488372,1.40592845994832,1.16677861962109e-09,4.13018980396847e-08,"GEP70_ME"
"PROBE0709_at","MEHIGH078",2,45,43,8.48361933333333,9.95913860465116,1.47551927131783,1.56532329929042e-06,3.6615749691004e-05,"GEP70_ME"
"PROBE0710_at","MEHIGH079",2,45,43,9.06707377777778,11.1314195348837,2.06434575710595,1.55115171904351e-18,1.77274482176401e-16,"GEP70_ME"
"PROBE0711_at","MEHIGH080",2,45,43,8.379052,9.71848302325581,1.33943102325581,1.69146688332399e-10,6.50564185893841e-09,"GEP70_ME"
"PROBE0712_at","MEHIGH081",2,45,43,8.14474355555556,9.52473395348837,1.37999039793282,1.0446798620784e-15,8.21627777445303e-14,"GEP70_ME"
"PROBE0713_at","MEHIGH082",2,45,43,7.32123288888889,8.19588279069767,0.874649901808789,2.89098506113894e-07,7.92050701681901e-06,"GEP70_ME"
"PROBE0714_at","MEHIGH083",2,45,43,10.4716308888889,11.7283158139535,1.2566849250646,1.29531755879567e-11,5.45396866861336e-10,"GEP70_ME"
"PROBE0715_at","MEHIGH084",2,45,43,9.02781444444445,10.0387825581395,1.01096811369509,8.52020724669704e-05,0.00153517247688235,"GEP70_ME"
"PROBE0716_at","MEHIGH085",2,45,43,8.68985511111111,10.2757058139535,1.58585070284238,9.57255118495936e-20,1.5316081895935e-17,"GEP70_ME"
"PROBE0717_at","MEHIGH086",2,45,43,8.19908355555556,9.91933348837209,1.72024993281654,1.76739905019866e-12,8.51758578408994e-11,"GEP70_ME"
"PROBE0718_at","MEHIGH087",2,45,43,8.53296711111111,9.64285558139535,1.10988847028424,3.68129123513574e-07,9.94943577063714e-06,"GEP70_ME"
"PROBE0719_at","MEHIGH088",2,45,43,8.37884311111111,9.81751627906977,1.43867316795866,8.55783403556175e-10,3.08390415695919e-08,"GEP70_ME"
"PROBE0720_at","MEHIGH089",2,45,43,7.31929688888889,8.70794093023256,1.38864404134367,2.49878600618887e-06,5.58387934343882e-05,"GEP70_ME"
"PROBE0721_at","MEHIGH090",2,45,43,9.19726688888889,10.9535386046512,1.75627171576227,3.22747981807795e-16,2.74679133453443e-14,"GEP70_ME"
"PROBE0722_at","MEHIGH091",2,45,43,10.5519948888889,12.0733176744186,1.52132278552972,1.19728966618028e-10,4.74174125219912e-09,"GEP70_ME"
"PROBE0723_at","MEHIGH092",2,45,43,9.54441977777778,10.8938093023256,1.3493895245478,6.71598541141455e-21,1.58023186150931e-18,"GEP70_ME"
"PROBE0724_at","MEHIGH093",2,45,43,8.53923088888889,9.99463279069767,1.45540190180879,6.22004629942222e-18,6.37953466607407e-16,"GEP70_ME"
"PROBE0725_at","MEHIGH094",2,45,43,11.5725582222222,13.4693141860465,1.89675596382429,6.07773350193635e-23,2.70121488974949e-20,"GEP70_ME"
"PROBE0726_at","MEHIGH095",2,45,43,11.0624384444444,11.9965669767442,0.934128532299741,1.43966066272595e-08,4.57035131024112e-07,"GEP70_ME"
"PROBE0727_at","MEHIGH096",2,45,43,8.56248111111111,9.4759911627907,0.913510051679587,1.22454671461523e-07,3.54941076700066e-06,"GEP70_ME"
"PROBE0728_at","MEHIGH097",2,45,43,10.5748075555556,12.3110302325581,1.73622267700259,6.79491889240329e-14,4.05666799546465e-12,"GEP70_ME"
"PROBE0729_at","MEHIGH098",2,45,43,8.74981177777778,9.81728604651163,1.06747426873385,2.10662616271307e-06,4.76073709087698e-05,"GEP70_ME"
"PROBE0730_at","MEHIGH099",2,45,43,9.60012955555556,11.5004209302326,1.90029137467701,1.10117693237171e-17,1.10117693237171e-15,"GEP70_ME"
"PROBE0731_at","MEHIGH100",2,45,43,7.86933555555556,9.40082069767442,1.53148514211886,1.32541909696207e-21,3.78691170560591e-19,"GEP70_ME"
