"Gene_Set","Input_Probe_ID","Probe_ID_Resolution","Found_In_ESET","Probe_ID","Gene"
"GEP1q","PROBE0027_a","Appended terminal t",TRUE,"PROBE0027_at","GEP1Q27"
"GEP1q","PROBE0007_a","Appended terminal t",TRUE,"PROBE0007_at","GEP1Q07"
"GEP1q","PROBE0030_a","Appended terminal t",TRUE,"PROBE0030_at","GEP1Q30"
"GEP1q","PROBE0009_a","Appended terminal t",TRUE,"PROBE0009_at","GEP1Q09"
"GEP1q","PROBE0019_a","Appended terminal t",TRUE,"PROBE0019_at","GEP1Q19"
"GEP1q","PROBE0003_a","Appended terminal t",TRUE,"PROBE0003_at","GEP1Q03"
"GEP1q","PROBE0021_a","Appended terminal t",TRUE,"PROBE0021_at","GEP1Q21"
"GEP1q","PROBE0002_a","Appended terminal t",TRUE,"PROBE0002_at","GEP1Q02"
"GEP1q","PROBE0110_a","Appended terminal t",TRUE,"PROBE0110_at","GEP1Q110"
"GEP1q","PROBE0043_a","Appended terminal t",TRUE,"PROBE0043_at","GEP1Q43"
"GEP1q","PROBE0072_a","Appended terminal t",TRUE,"PROBE0072_at","GEP1Q72"
"GEP1q","PROBE0017_a","Appended terminal t",TRUE,"PROBE0017_at","GEP1Q17"
"GEP1q","PROBE0097_a","Appended terminal t",TRUE,"PROBE0097_at","GEP1Q97"
"GEP1q","PROBE0001_a","Appended terminal t",TRUE,"PROBE0001_at","GEP1Q01"
"GEP1q","PROBE0016_a","Appended terminal t",TRUE,"PROBE0016_at","GEP1Q16"
"GEP1q","PROBE0033_a","Appended terminal t",TRUE,"PROBE0033_at","GEP1Q33"
"GEP1q","PROBE0018_a","Appended terminal t",TRUE,"PROBE0018_at","GEP1Q18"
"GEP1q","PROBE0046_a","Appended terminal t",TRUE,"PROBE0046_at","GEP1Q46"
"GEP1q","PROBE0029_a","Appended terminal t",TRUE,"PROBE0029_at","GEP1Q29"
"GEP1q","PROBE0010_a","Appended terminal t",TRUE,"PROBE0010_at","GEP1Q10"
"GEP1q","PROBE0004_a","Appended terminal t",TRUE,"PROBE0004_at","GEP1Q04"
"GEP1q","PROBE0035_a","Appended terminal t",TRUE,"PROBE0035_at","GEP1Q35"
"GEP1q","PROBE0089_a","Appended terminal t",TRUE,"PROBE0089_at","GEP1Q89"
"GEP1q","PROBE0012_a","Appended terminal t",TRUE,"PROBE0012_at","GEP1Q12"
"GEP1q","PROBE0061_a","Appended terminal t",TRUE,"PROBE0061_at","GEP1Q61"
"GEP1q","PROBE0013_a","Appended terminal t",TRUE,"PROBE0013_at","GEP1Q13"
"GEP1q","PROBE0106_a","Appended terminal t",TRUE,"PROBE0106_at","GEP1Q106"
"GEP1q","PROBE0024_a","Appended terminal t",TRUE,"PROBE0024_at","GEP1Q24"
"GEP1q","PROBE0042_a","Appended terminal t",TRUE,"PROBE0042_at","GEP1Q42"
"GEP1q","PROBE0015_a","Appended terminal t",TRUE,"PROBE0015_at","GEP1Q15"
"GEP1q","PROBE0005_a","Appended terminal t",TRUE,"PROBE0005_at","GEP1Q05"
"GEP1q","PROBE0031_a","Appended terminal t",TRUE,"PROBE0031_at","GEP1Q31"
"GEP1q","PROBE0032_a","Appended terminal t",TRUE,"PROBE0032_at","GEP1Q32"
"GEP1q","PROBE0082_a","Appended terminal t",TRUE,"PROBE0082_at","GEP1Q82"
"GEP1q","PROBE0070_a","Appended terminal t",TRUE,"PROBE0070_at","GEP1Q70"
"GEP1q","PROBE0056_a","Appended terminal t",TRUE,"PROBE0056_at","GEP1Q56"
"GEP1q","PROBE0036_a","Appended terminal t",TRUE,"PROBE0036_at","GEP1Q36"
"GEP1q","PROBE0105_a","Appended terminal t",TRUE,"PROBE0105_at","GEP1Q105"
"GEP1q","PROBE0022_a","Appended terminal t",TRUE,"PROBE0022_at","GEP1Q22"
"GEP1q","PROBE0014_a","Appended terminal t",TRUE,"PROBE0014_at","GEP1Q14"
