CHIPID,1q21_Percent_Cells_Copy_0,1q21_Percent_Cells_Copy_1,1q21_Percent_Cells_Copy_2,1q21_Percent_Cells_Copy_3,1q21_Percent_Cells_Copy_4,1q21_Percent_Cells_Copy_5,1q21_Percent_Cells_Copy_6
CHIPID1000000,0,0,85,15,0,0,0
CHIPID1000001,0,0,31,69,0,0,0
CHIPID1000002,0,0,6,94,0,0,0
CHIPID1000010,0,0,94,6,0,0,0
CHIPID1000011,0,0,20,80,0,0,0
CHIPID1000012,0,0,95,5,0,0,0
CHIPID1000013,0,0,94,6,0,0,0
CHIPID1000014,0,0,17,83,0,0,0
CHIPID1000015,0,0,23,77,0,0,0
CHIPID1000017,0,0,93,7,0,0,0
CHIPID1000018,0,0,30,70,0,0,0
CHIPID1000019,0,0,87,13,0,0,0
CHIPID1000024,0,0,35,65,0,0,0
CHIPID1000025,0,0,94,6,0,0,0
CHIPID1000028,0,0,37,21,42,0,0
CHIPID1000030,0,0,94,6,0,0,0
CHIPID1000031,0,0,26,74,0,0,0
CHIPID1000035,0,0,4,96,0,0,0
CHIPID1000036,0,0,96,4,0,0,0
CHIPID1000039,0,0,97,3,0,0,0
CHIPID1000043,0,0,93,7,0,0,0
CHIPID1000045,0,0,97,3,0,0,0
CHIPID1000049,0,0,97,3,0,0,0
CHIPID1000053,0,0,23,77,0,0,0
CHIPID1000056,0,0,26,74,0,0,0
CHIPID1000058,0,0,93,7,0,0,0
CHIPID1000059,0,0,94,6,0,0,0
CHIPID1000060,0,0,93,7,0,0,0
CHIPID1000062,0,0,95,5,0,0,0
CHIPID1000063,0,0,82,18,0,0,0
CHIPID1000064,0,0,8,92,0,0,0
CHIPID1000065,0,0,93,7,0,0,0
CHIPID1000066,0,0,91,9,0,0,0
CHIPID1000068,0,0,35,65,0,0,0
CHIPID1000069,0,0,39,16,45,0,0
CHIPID1000070,0,0,84,16,0,0,0
CHIPID1000073,0,0,31,69,0,0,0
CHIPID1000075,0,0,41,18,41,0,0
CHIPID1000076,0,0,18,82,0,0,0
CHIPID1000079,0,0,9,91,0,0,0
CHIPID1000080,0,0,95,5,0,0,0
CHIPID1000081,0,0,30,70,0,0,0
CHIPID1000086,0,0,92,8,0,0,0
CHIPID1000089,0,0,95,5,0,0,0
CHIPID1000090,0,0,15,85,0,0,0
CHIPID1000091,0,0,90,10,0,0,0
CHIPID1000093,0,0,91,9,0,0,0
CHIPID1000094,0,0,23,26,51,0,0
CHIPID1000095,0,0,91,9,0,0,0
CHIPID1000099,0,0,9,0,91,0,0
CHIPID1000101,0,0,16,84,0,0,0
CHIPID1000103,0,0,15,85,0,0,0
CHIPID1000107,0,0,26,74,0,0,0
CHIPID1000109,0,0,92,8,0,0,0
CHIPID1000110,0,0,94,6,0,0,0
CHIPID1000111,0,0,33,29,38,0,0
CHIPID1000114,0,0,8,92,0,0,0
CHIPID1000116,0,0,5,95,0,0,0
CHIPID1000117,0,0,84,16,0,0,0
CHIPID1000118,0,0,27,73,0,0,0
CHIPID1000119,0,0,91,9,0,0,0
CHIPID1000120,0,0,97,3,0,0,0
CHIPID1000121,0,0,93,7,0,0,0
CHIPID1000123,0,0,94,6,0,0,0
CHIPID1000126,0,0,15,85,0,0,0
CHIPID1000127,0,0,96,4,0,0,0
CHIPID1000131,0,0,93,7,0,0,0
CHIPID1000132,0,0,93,7,0,0,0
CHIPID1000134,0,0,20,80,0,0,0
CHIPID1000135,0,0,95,5,0,0,0
CHIPID1000138,0,0,86,14,0,0,0
CHIPID1000139,0,0,87,13,0,0,0
CHIPID1000146,0,0,93,7,0,0,0
CHIPID1000149,0,0,35,65,0,0,0
CHIPID1000152,0,0,92,8,0,0,0
CHIPID1000153,0,0,91,9,0,0,0
CHIPID1000154,0,0,92,8,0,0,0
CHIPID1000159,0,0,19,81,0,0,0
CHIPID1000161,0,0,27,73,0,0,0
CHIPID1000167,0,0,93,7,0,0,0
CHIPID1000170,0,0,39,61,0,0,0
CHIPID1000172,0,0,96,4,0,0,0
CHIPID1000175,0,0,91,9,0,0,0
CHIPID1000177,0,0,5,95,0,0,0
CHIPID1000179,0,0,95,5,0,0,0
CHIPID1000183,0,0,25,16,59,0,0
CHIPID1000185,0,0,92,8,0,0,0
CHIPID1000186,0,0,96,4,0,0,0
CHIPID1000187,0,0,91,9,0,0,0
CHIPID1000188,0,0,6,94,0,0,0
CHIPID1000189,0,0,22,21,57,0,0
CHIPID1000193,0,0,95,5,0,0,0
CHIPID1000199,0,0,94,6,0,0,0
CHIPID1000205,0,0,92,8,0,0,0
CHIPID1000207,0,0,94,6,0,0,0
CHIPID1000208,0,0,96,4,0,0,0
CHIPID1000210,0,0,24,76,0,0,0
CHIPID1000218,0,0,97,3,0,0,0
CHIPID1000219,0,0,7,0,93,0,0
CHIPID1000222,0,0,93,7,0,0,0
CHIPID1000224,0,0,93,7,0,0,0
CHIPID1000225,0,0,92,8,0,0,0
CHIPID1000226,0,0,7,93,0,0,0
CHIPID1000229,0,0,95,5,0,0,0
CHIPID1000233,0,0,95,5,0,0,0
CHIPID1000234,0,0,85,15,0,0,0
CHIPID1000236,0,0,37,63,0,0,0
CHIPID1000237,0,0,86,14,0,0,0
CHIPID1000238,0,0,95,5,0,0,0
CHIPID1000239,0,0,5,95,0,0,0
CHIPID1000240,0,0,95,5,0,0,0
CHIPID1000243,0,0,24,23,53,0,0
CHIPID1000245,0,0,87,13,0,0,0
CHIPID1000247,0,0,92,8,0,0,0
CHIPID1000248,0,0,28,72,0,0,0
CHIPID1000250,0,0,19,28,53,0,0
CHIPID1000253,0,0,95,5,0,0,0
CHIPID1000254,0,0,93,7,0,0,0
CHIPID1000255,0,0,15,85,0,0,0
CHIPID1000256,0,0,18,82,0,0,0
CHIPID1000258,0,0,40,60,0,0,0
CHIPID1000263,0,0,21,79,0,0,0
CHIPID1000265,0,0,91,9,0,0,0
CHIPID1000267,0,0,96,4,0,0,0
CHIPID1000269,0,0,91,9,0,0,0
CHIPID1000277,0,0,5,95,0,0,0
CHIPID1000280,0,0,17,83,0,0,0
CHIPID1000285,0,0,93,7,0,0,0
CHIPID1000286,0,0,21,79,0,0,0
CHIPID1000287,0,0,93,7,0,0,0
CHIPID1000288,0,0,27,73,0,0,0
CHIPID1000289,0,0,38,26,36,0,0
CHIPID1000290,0,0,96,4,0,0,0
CHIPID1000292,0,0,97,3,0,0,0
CHIPID1000293,0,0,82,18,0,0,0
CHIPID1000294,0,0,94,6,0,0,0
CHIPID1000296,0,0,39,61,0,0,0
CHIPID1000297,0,0,17,83,0,0,0
CHIPID1000299,0,0,15,85,0,0,0
CHIPID1000300,0,0,89,11,0,0,0
CHIPID1000301,0,0,47,17,36,0,0
CHIPID1000302,0,0,25,75,0,0,0
CHIPID1000304,0,0,90,10,0,0,0
CHIPID1000305,0,0,36,64,0,0,0
CHIPID1000307,0,0,97,3,0,0,0
CHIPID1000309,0,0,91,9,0,0,0
CHIPID1000310,0,0,7,93,0,0,0
CHIPID1000311,0,0,37,18,45,0,0
CHIPID1000316,0,0,37,63,0,0,0
CHIPID1000317,0,0,95,5,0,0,0
CHIPID1000319,0,0,94,6,0,0,0
CHIPID1000322,0,0,17,83,0,0,0
CHIPID1000325,0,0,97,3,0,0,0
CHIPID1000327,0,0,91,9,0,0,0
CHIPID1000328,0,0,21,79,0,0,0
CHIPID1000330,0,0,94,6,0,0,0
CHIPID1000331,0,0,94,6,0,0,0
CHIPID1000333,0,0,97,3,0,0,0
CHIPID1000334,0,0,38,62,0,0,0
CHIPID1000335,0,0,23,77,0,0,0
CHIPID1000336,0,0,93,7,0,0,0
CHIPID1000339,0,0,93,7,0,0,0
CHIPID1000345,0,0,3,97,0,0,0
CHIPID1000346,0,0,91,9,0,0,0
CHIPID1000347,0,0,94,6,0,0,0
CHIPID1000350,0,0,90,10,0,0,0
CHIPID1000353,0,0,91,9,0,0,0
CHIPID1000357,0,0,96,4,0,0,0
CHIPID1000360,0,0,92,8,0,0,0
CHIPID1000363,0,0,91,9,0,0,0
CHIPID1000365,0,0,88,12,0,0,0
CHIPID1000367,0,0,84,16,0,0,0
CHIPID1000368,0,0,97,3,0,0,0
CHIPID1000369,0,0,37,16,47,0,0
CHIPID1000370,0,0,33,67,0,0,0
CHIPID1000371,0,0,19,81,0,0,0
CHIPID1000372,0,0,95,5,0,0,0
CHIPID1000376,0,0,41,22,37,0,0
CHIPID1000377,0,0,5,0,95,0,0
CHIPID1000381,0,0,91,9,0,0,0
CHIPID1000383,0,0,81,19,0,0,0
CHIPID1000388,0,0,86,14,0,0,0
CHIPID1000389,0,0,97,3,0,0,0
CHIPID1000393,0,0,92,8,0,0,0
CHIPID1000394,0,0,32,68,0,0,0
CHIPID1000396,0,0,95,5,0,0,0
CHIPID1000397,0,0,18,82,0,0,0
CHIPID1000401,0,0,31,69,0,0,0
CHIPID1000402,0,0,93,7,0,0,0
CHIPID1000405,0,0,35,15,50,0,0
CHIPID1000407,0,0,97,3,0,0,0
CHIPID1000408,0,0,81,19,0,0,0
CHIPID1000410,0,0,97,3,0,0,0
CHIPID1000411,0,0,20,28,52,0,0
CHIPID1000414,0,0,34,66,0,0,0
CHIPID1000415,0,0,7,93,0,0,0
CHIPID1000417,0,0,91,9,0,0,0
CHIPID1000418,0,0,93,7,0,0,0
CHIPID1000419,0,0,95,5,0,0,0
CHIPID1000421,0,0,5,95,0,0,0
CHIPID1000422,0,0,23,24,53,0,0
CHIPID1000424,0,0,94,6,0,0,0
CHIPID1000425,0,0,96,4,0,0,0
CHIPID1000426,0,0,90,10,0,0,0
CHIPID1000427,0,0,7,93,0,0,0
CHIPID1000428,0,0,36,64,0,0,0
CHIPID1000429,0,0,8,92,0,0,0
CHIPID1000430,0,0,96,4,0,0,0
CHIPID1000431,0,0,85,15,0,0,0
CHIPID1000432,0,0,94,6,0,0,0
CHIPID1000434,0,0,24,76,0,0,0
CHIPID1000436,0,0,8,92,0,0,0
CHIPID1000437,0,0,40,60,0,0,0
CHIPID1000440,0,0,92,8,0,0,0
CHIPID1000443,0,0,87,13,0,0,0
CHIPID1000444,0,0,23,77,0,0,0
CHIPID1000445,0,0,91,9,0,0,0
CHIPID1000447,0,0,91,9,0,0,0
CHIPID1000449,0,0,91,9,0,0,0
CHIPID1000451,0,0,29,71,0,0,0
CHIPID1000452,0,0,17,83,0,0,0
CHIPID1000453,0,0,24,76,0,0,0
CHIPID1000454,0,0,15,85,0,0,0
CHIPID1000455,0,0,96,4,0,0,0
CHIPID1000456,0,0,37,63,0,0,0
CHIPID1000457,0,0,29,71,0,0,0
CHIPID1000460,0,0,95,5,0,0,0
CHIPID1000461,0,0,41,18,41,0,0
CHIPID1000465,0,0,36,27,37,0,0
CHIPID1000468,0,0,32,68,0,0,0
CHIPID1000469,0,0,95,5,0,0,0
CHIPID1000470,0,0,97,3,0,0,0
CHIPID1000472,0,0,24,23,53,0,0
CHIPID1000473,0,0,95,5,0,0,0
CHIPID1000476,0,0,84,16,0,0,0
CHIPID1000478,0,0,92,8,0,0,0
CHIPID1000479,0,0,32,68,0,0,0
CHIPID1000480,0,0,23,77,0,0,0
CHIPID1000486,0,0,89,11,0,0,0
CHIPID1000490,0,0,91,9,0,0,0
CHIPID1000493,0,0,30,15,55,0,0
CHIPID1000494,0,0,96,4,0,0,0
CHIPID1000495,0,0,8,92,0,0,0
CHIPID1000496,0,0,18,82,0,0,0
CHIPID1000498,0,0,95,5,0,0,0
CHIPID1000501,0,0,96,4,0,0,0
CHIPID1000504,0,0,96,4,0,0,0
CHIPID1000505,0,0,95,5,0,0,0
CHIPID1000506,0,0,95,5,0,0,0
CHIPID1000507,0,0,8,92,0,0,0
CHIPID1000510,0,0,96,4,0,0,0
CHIPID1000511,0,0,95,5,0,0,0
CHIPID1000512,0,0,92,8,0,0,0
CHIPID1000514,0,0,40,60,0,0,0
CHIPID1000515,0,0,97,3,0,0,0
CHIPID1000518,0,0,36,64,0,0,0
CHIPID1000520,0,0,95,5,0,0,0
CHIPID1000521,0,0,5,95,0,0,0
CHIPID1000522,0,0,16,84,0,0,0
CHIPID1000524,0,0,93,7,0,0,0
CHIPID1000525,0,0,21,79,0,0,0
CHIPID1000526,0,0,34,66,0,0,0
CHIPID1000527,0,0,92,8,0,0,0
CHIPID1000530,0,0,16,84,0,0,0
CHIPID1000531,0,0,97,3,0,0,0
CHIPID1000533,0,0,89,11,0,0,0
CHIPID1000534,0,0,94,6,0,0,0
CHIPID1000535,0,0,28,72,0,0,0
CHIPID1000539,0,0,87,13,0,0,0
CHIPID1000540,0,0,92,8,0,0,0
CHIPID1000541,0,0,97,3,0,0,0
CHIPID1000542,0,0,93,7,0,0,0
CHIPID1000544,0,0,8,92,0,0,0
CHIPID1000545,0,0,96,4,0,0,0
CHIPID1000550,0,0,33,67,0,0,0
CHIPID1000551,0,0,96,4,0,0,0
CHIPID1000553,0,0,97,3,0,0,0
CHIPID1000555,0,0,8,0,92,0,0
CHIPID1000557,0,0,31,69,0,0,0
CHIPID1000559,0,0,15,85,0,0,0
CHIPID1000562,0,0,90,10,0,0,0
CHIPID1000563,0,0,30,70,0,0,0
CHIPID1000567,0,0,93,7,0,0,0
CHIPID1000568,0,0,28,72,0,0,0
CHIPID1000569,0,0,3,97,0,0,0
