PATID,time,event,Age_Great_65,ALBUMIN,HGB116F132M,PLATELETS,Cyto_MM,Tandem_Tx2,HY,t14_16_20,PR,PolyIG_high_bin,GEP1q_3plus_bin
P100001,6.10601,1,0,0,1,0,0,1,0,0,0,1,0
P100014,5.21643,0,1,1,0,0,0,1,1,0,0,0,0
P100015,5.39704,0,0,1,0,0,0,1,0,0,1,1,1
P100025,0.84884,1,0,0,1,0,0,1,1,0,0,0,1
P100029,2.58342,1,0,1,0,0,1,1,1,0,0,0,1
P100032,0.41548,0,0,0,0,0,0,0,0,0,1,1,1
P100037,3.43896,0,0,0,1,0,1,1,1,0,1,1,0
P100044,6.90138,0,0,0,0,0,1,0,1,0,0,1,0
P100050,4.8124,0,0,0,0,0,0,0,1,0,0,1,0
P100057,1.87774,0,0,1,0,0,0,1,1,0,1,0,1
P100059,0.51066,0,1,0,0,0,0,0,1,0,1,0,0
P100060,3.1256,0,0,1,0,0,0,0,1,0,0,1,0
P100064,3.8851,1,1,0,0,0,0,1,1,0,0,1,0
P100066,13.88137,1,1,0,0,0,0,1,1,0,1,1,0
P100070,10.76318,1,1,0,0,0,0,1,0,0,0,1,1
P100074,10.37298,0,0,0,0,1,0,1,1,0,0,1,1
P100076,0.96399,0,0,1,1,0,0,1,0,1,0,1,1
P100081,11.69501,0,0,1,0,0,0,1,0,0,0,1,0
P100087,0.21286,1,1,1,1,0,0,1,1,0,0,1,0
P100092,1.3426,0,0,0,0,0,0,0,0,0,0,1,0
P100094,2.04658,0,0,0,0,0,0,1,0,0,1,1,0
P100095,1.25816,1,0,1,0,0,1,1,1,0,0,0,1
P100096,0.73426,1,1,0,1,0,0,1,1,0,1,1,0
P100112,11.72848,0,0,0,0,0,0,0,1,0,0,1,1
P100117,2.61017,1,0,1,1,0,0,1,1,0,0,0,1
P100120,4.26725,0,0,0,1,0,0,1,0,0,0,0,0
P100121,5.96212,0,0,1,0,0,1,1,1,0,0,1,0
P100122,4.07471,0,0,0,0,0,0,0,0,0,0,1,0
P100124,11.19316,0,1,0,0,0,0,1,0,0,0,1,0
P100127,3.0404,0,0,1,0,0,0,0,1,1,0,1,1
P100132,14.48144,0,0,0,0,0,0,0,1,0,0,1,0
P100136,3.99947,0,1,0,0,0,1,1,0,0,0,0,0
P100139,13.19816,0,0,0,0,0,0,1,1,0,1,1,0
P100168,3.69084,1,1,0,0,0,0,1,0,0,0,0,0
P100171,4.59098,1,1,0,0,1,0,0,1,0,0,1,1
P100173,8.78596,0,1,0,0,0,0,0,0,0,0,1,0
P100184,0.64953,1,0,1,0,0,0,1,0,0,1,0,1
P100189,2.57671,0,1,0,1,0,1,0,0,1,0,0,1
P100190,3.12482,0,0,0,1,0,0,1,0,0,1,1,1
P100194,11.37916,1,1,0,0,0,0,0,1,0,0,1,0
P100200,2.36404,0,0,0,0,0,0,0,1,0,1,1,0
P100226,9.64569,1,0,0,0,1,0,0,0,0,0,0,0
P100230,1.17004,1,1,0,0,0,1,1,1,0,0,0,0
P100234,6.42737,0,0,1,1,0,0,1,1,0,1,0,0
P100235,2.25852,0,0,0,0,0,0,1,0,0,0,0,0
P100239,1.55144,0,1,0,0,1,0,0,0,0,1,0,0
P100240,0.81132,1,0,0,0,1,0,0,0,0,0,1,1
P100246,5.8437,1,0,0,1,0,0,0,0,0,0,1,0
P100254,8.05435,0,0,0,0,1,1,0,0,1,0,1,0
P100255,14.89569,0,0,0,0,0,0,0,1,0,0,1,0
P100264,0.61207,1,0,0,0,0,0,1,1,0,1,0,1
P100266,10.43391,0,0,0,0,0,0,1,0,0,0,0,0
P100268,6.81642,1,0,0,0,0,1,0,0,0,1,1,0
P100281,1.96813,0,0,1,0,0,0,1,0,0,0,0,1
P100286,13.00588,0,0,0,0,1,0,1,0,0,1,1,0
P100289,3.25877,1,0,1,1,1,1,0,0,1,0,0,1
P100290,3.65102,1,1,1,1,0,0,1,1,0,0,0,1
P100293,2.80907,1,0,1,0,0,0,1,1,0,1,0,0
P100294,5.16166,1,0,0,0,1,0,1,0,0,0,1,0
P100297,2.47205,0,1,1,0,0,0,1,1,0,0,1,1
P100305,7.53867,0,0,0,0,0,1,1,1,0,0,0,0
P100306,3.70076,1,0,0,1,0,0,1,0,0,0,0,1
P100308,8.10008,0,0,0,0,0,0,1,0,0,0,1,0
P100317,4.63157,1,0,0,0,1,0,0,0,0,0,0,1
P100320,13.45905,0,0,1,0,0,0,0,0,0,0,0,0
P100328,1.11057,0,1,1,1,1,0,1,1,0,0,1,0
P100329,1.40339,1,0,0,0,1,0,0,1,0,0,1,1
P100340,4.37907,0,0,1,0,0,0,1,0,0,1,0,0
P100346,3.14078,1,1,1,1,0,0,0,0,1,0,0,1
P100351,12.90221,0,1,0,0,0,0,1,0,0,1,1,0
P100354,2.86082,1,0,1,0,0,0,1,0,0,0,1,0
P100358,10.13892,0,0,0,0,0,1,1,1,0,0,1,0
P100364,3.06679,1,0,0,0,0,0,0,1,0,0,1,0
P100366,2.55252,1,0,0,0,0,0,1,1,0,1,1,0
P100370,2.63336,0,0,0,0,0,0,1,1,0,0,0,1
P100377,4.24835,1,1,0,0,0,1,0,0,0,0,0,1
P100390,0.61734,1,1,1,0,0,0,1,0,0,0,0,0
P100402,9.28807,0,0,1,1,0,0,0,0,0,0,1,1
P100403,9.82739,0,1,0,1,0,0,0,1,0,0,1,0
P100408,0.72564,0,0,1,1,0,0,0,1,0,0,0,0
P100411,5.75412,0,0,1,0,0,0,0,1,0,1,1,0
P100416,5.75665,0,0,1,0,0,1,1,0,0,1,0,1
P100425,0.97462,0,0,1,1,0,1,1,0,0,0,1,0
P100426,1.73101,1,0,0,1,0,1,1,0,0,0,0,0
P100428,3.50534,1,0,0,0,1,0,1,0,0,0,0,1
P100429,14.0379,0,0,0,0,0,0,0,1,0,0,1,1
P100433,1.27666,0,0,1,0,0,0,0,1,0,0,1,0
P100435,0.78433,1,0,0,0,1,1,0,1,0,0,1,1
P100444,10.18441,0,1,0,1,0,0,1,0,0,1,1,0
P100445,0.87298,1,0,0,0,0,0,1,0,0,0,0,1
P100452,0.90612,1,1,0,0,0,0,0,1,0,0,0,1
P100458,11.00652,0,1,0,0,0,0,0,1,0,1,1,1
P100461,3.46555,0,1,0,0,0,1,0,1,0,0,1,0
P100462,2.49567,1,1,0,0,0,0,1,1,0,1,0,1
P100469,5.74631,0,0,1,1,0,0,1,0,0,0,0,1
P100477,3.03091,1,1,0,0,1,0,0,1,0,0,1,0
P100480,12.01147,0,0,1,0,0,1,1,0,1,0,0,1
P100487,1.05278,0,0,0,0,0,0,0,0,0,0,1,0
P100491,4.67732,0,0,0,0,0,0,1,0,0,0,0,0
P100494,8.26469,1,1,0,1,0,0,0,0,0,1,1,1
P100496,6.94114,0,0,0,0,0,0,1,0,0,0,1,1
P100497,3.062,1,0,1,0,0,0,0,0,0,0,0,1
P100499,15.14255,0,0,0,0,0,0,1,0,0,0,1,0
P100505,7.76308,0,0,0,0,0,1,0,0,0,0,1,0
P100508,3.17174,0,0,0,0,0,0,1,0,0,0,1,1
P100522,7.50944,0,1,0,0,0,0,0,0,0,0,0,1
P100525,2.22321,1,0,1,0,1,0,1,0,0,0,0,0
P100526,4.00594,0,1,0,1,0,0,0,1,1,0,1,1
P100528,0.9203,1,0,0,1,0,1,0,1,0,1,0,0
P100536,3.31627,0,0,1,1,1,1,1,0,0,0,1,1
P100541,5.87221,1,1,0,0,0,0,1,1,0,0,0,0
P100542,13.442,0,1,1,1,1,0,0,0,0,0,1,0
P100545,0.1,1,0,0,1,0,0,1,0,0,0,0,1
P100554,5.55848,0,0,0,0,1,0,0,0,0,0,1,0
P100558,11.3275,0,1,1,0,1,0,0,0,0,0,1,1
P100560,9.94786,0,1,0,1,0,0,0,1,0,0,1,1
P100563,1.27551,0,0,1,0,0,0,0,1,0,1,1,0
P100564,7.13023,0,0,1,0,0,0,0,1,1,0,0,1
P100568,4.25663,1,0,0,0,1,0,1,0,0,0,0,0
P100569,2.38949,1,0,0,0,1,0,0,0,0,1,1,1
P100570,7.77479,1,1,1,1,0,0,1,0,0,0,0,1
