"Term","chisq","df","p"
"Age_Great_65",2.208096287956401,1,0.1372879956423499
"ALBUMIN",0.8624671737105222,1,0.35304919038777366
"HGB116F132M",0.24572103646158724,1,0.6201042746287587
"PLATELETS",0.2583012101338685,1,0.6112896554594742
"Cyto_MM",1.8101012809150515e-5,1,0.9966053876324835
"Tandem_Tx2",0.13479619394032763,1,0.713510107725292
"HY",3.022230916243885,1,0.08213041295471962
"t14_16_20",0.15983112816136522,1,0.6893120405309483
"PR",0.45844867222190494,1,0.4983498820453428
"PolyIG_high_bin",0.4258063962862208,1,0.5140538930296803
"GEP1q_3plus_bin",0.1234507819594988,1,0.7253215616916026
"GLOBAL",9.442179553894114,11,0.5811471652352188
