CHIPID,GEP70,TT_Protocol,FISH1qCopies,FISH1q_Group,Time_Years,Event,Endpoint
CHIPID1000000,0.45219,TT4_S-TT3,2,1q2,6.10601,1,TTP
CHIPID1000010,0.47308,TT2_NoThal,2,1q2,5.50615,0,TTP
CHIPID1000013,0.39175,TT4_S-TT3,2,1q2,5.21643,0,TTP
CHIPID1000014,0.36255,TT3b,3,1q≥3,5.39704,0,TTP
CHIPID1000019,0.41888,TT2_Thal,2,1q2,2.80462,1,TTP
CHIPID1000024,0.54464,TT3b,3,1q≥3,0.84884,1,TTP
CHIPID1000028,0.29552,TT4_S-TT3,4,1q≥3,2.58342,1,TTP
CHIPID1000030,0.16549,TT2_Thal,2,1q2,0.2363,1,TTP
CHIPID1000031,0.25466,TT3a,3,1q≥3,0.41548,0,TTP
CHIPID1000035,0.40067,TT2_NoThal,3,1q≥3,0.26991,1,TTP
CHIPID1000036,0.1523,TT3a,2,1q2,3.43896,0,TTP
CHIPID1000039,0.33049,TT2_NoThal,2,1q2,7.49015,1,TTP
CHIPID1000043,0.20053,TT3a,2,1q2,6.90138,0,TTP
CHIPID1000045,0.32255,TT2_NoThal,2,1q2,4.46121,0,TTP
CHIPID1000049,0.54176,TT3b,2,1q2,4.8124,0,TTP
CHIPID1000056,0.57383,TT4_S-TT3,3,1q≥3,1.87774,0,TTP
CHIPID1000058,0.54113,TT3a,2,1q2,0.51066,0,TTP
CHIPID1000059,0.32578,TT3b,2,1q2,3.1256,0,TTP
CHIPID1000060,0.12071,TT2_NoThal,2,1q2,4.02741,0,TTP
CHIPID1000062,0.19392,TT2_Thal,2,1q2,5.78796,0,TTP
CHIPID1000063,0.39945,TT3b,2,1q2,3.8851,1,TTP
CHIPID1000064,0.22375,TT2_NoThal,3,1q≥3,11.08548,1,TTP
CHIPID1000065,0.52537,TT4_S-TT3,2,1q2,13.88137,1,TTP
CHIPID1000066,0.56958,TT2_NoThal,2,1q2,2.64033,0,TTP
CHIPID1000068,0.41437,TT2_NoThal,3,1q≥3,4.50867,0,TTP
CHIPID1000069,0.49563,TT3a,4,1q≥3,10.76318,1,TTP
CHIPID1000073,0.31913,TT3b,3,1q≥3,10.37298,0,TTP
CHIPID1000075,0.18603,TT4_S-TT3,4,1q≥3,0.96399,0,TTP
CHIPID1000080,0.24961,TT3b,2,1q2,11.69501,0,TTP
CHIPID1000081,0.53508,TT2_NoThal,3,1q≥3,1.10408,1,TTP
CHIPID1000086,0.53587,TT4_S-TT3,2,1q2,0.21286,1,TTP
CHIPID1000089,0.17817,TT2_Thal,2,1q2,6.32819,0,TTP
CHIPID1000090,0.35648,TT2_NoThal,3,1q≥3,10.20163,0,TTP
CHIPID1000091,0.3643,TT3a,2,1q2,1.3426,0,TTP
CHIPID1000093,0.2609,TT3a,2,1q2,2.04658,0,TTP
CHIPID1000094,0.18324,TT4_S-TT3,4,1q≥3,1.25816,1,TTP
CHIPID1000095,0.16895,TT3a,2,1q2,0.73426,1,TTP
CHIPID1000099,0.18194,TT2_Thal,4,1q≥3,0.73661,1,TTP
CHIPID1000107,0.40016,TT2_Thal,3,1q≥3,8.98808,0,TTP
CHIPID1000110,0.57255,TT2_Thal,2,1q2,7.37571,1,TTP
CHIPID1000111,0.59237,TT4_S-TT3,4,1q≥3,11.72848,0,TTP
CHIPID1000116,0.40139,TT3b,3,1q≥3,2.61017,1,TTP
CHIPID1000117,0.44554,TT2_Thal,2,1q2,0.88411,0,TTP
CHIPID1000118,0.48946,TT2_NoThal,3,1q≥3,2.03689,1,TTP
CHIPID1000119,0.1448,TT3a,2,1q2,4.26725,0,TTP
CHIPID1000120,0.56265,TT4_S-TT3,2,1q2,5.96212,0,TTP
CHIPID1000121,0.38113,TT4_S-TT3,2,1q2,4.07471,0,TTP
CHIPID1000123,0.23782,TT3b,2,1q2,11.19316,0,TTP
CHIPID1000126,0.42065,TT3a,3,1q≥3,3.0404,0,TTP
CHIPID1000127,0.19662,TT2_NoThal,2,1q2,2.50684,1,TTP
CHIPID1000131,0.14959,TT3b,2,1q2,14.48144,0,TTP
CHIPID1000132,0.33475,TT2_NoThal,2,1q2,0.77319,0,TTP
CHIPID1000135,0.27577,TT4_S-TT3,2,1q2,3.99947,0,TTP
CHIPID1000138,0.44038,TT4_S-TT3,2,1q2,13.19816,0,TTP
CHIPID1000152,0.46938,TT2_NoThal,2,1q2,4.33737,1,TTP
CHIPID1000159,0.43374,TT2_Thal,3,1q≥3,3.33245,1,TTP
CHIPID1000167,0.45193,TT3a,2,1q2,3.69084,1,TTP
CHIPID1000170,0.20244,TT4_S-TT3,3,1q≥3,4.59098,1,TTP
CHIPID1000172,0.17592,TT4_S-TT3,2,1q2,8.78596,0,TTP
CHIPID1000179,0.16389,TT2_Thal,2,1q2,5.30831,1,TTP
CHIPID1000183,0.20831,TT4_S-TT3,4,1q≥3,0.64953,1,TTP
CHIPID1000185,0.50643,TT2_Thal,2,1q2,0.92056,0,TTP
CHIPID1000186,0.36201,TT2_Thal,2,1q2,12.06894,1,TTP
CHIPID1000187,0.44998,TT2_Thal,2,1q2,1.84226,1,TTP
CHIPID1000188,0.37479,TT3a,3,1q≥3,2.57671,0,TTP
CHIPID1000189,0.26315,TT3b,4,1q≥3,3.12482,0,TTP
CHIPID1000193,0.42606,TT3b,2,1q2,11.37916,1,TTP
CHIPID1000199,0.4954,TT4_S-TT3,2,1q2,2.36404,0,TTP
CHIPID1000207,0.37673,TT2_Thal,2,1q2,2.64325,1,TTP
CHIPID1000208,0.3293,TT2_NoThal,2,1q2,7.46997,1,TTP
CHIPID1000218,0.29695,TT2_NoThal,2,1q2,4.23601,0,TTP
CHIPID1000225,0.46829,TT3a,2,1q2,9.64569,1,TTP
CHIPID1000226,0.2094,TT2_Thal,3,1q≥3,3.54632,0,TTP
CHIPID1000229,0.24466,TT3a,2,1q2,1.17004,1,TTP
CHIPID1000233,0.49982,TT3b,2,1q2,6.42737,0,TTP
CHIPID1000234,0.38585,TT4_S-TT3,2,1q2,2.25852,0,TTP
CHIPID1000236,0.4307,TT2_Thal,3,1q≥3,3.14946,0,TTP
CHIPID1000238,0.5316,TT3a,2,1q2,1.55144,0,TTP
CHIPID1000239,0.35353,TT3a,3,1q≥3,0.81132,1,TTP
CHIPID1000240,0.31136,TT2_Thal,2,1q2,6.02127,0,TTP
CHIPID1000245,0.4095,TT3a,2,1q2,5.8437,1,TTP
CHIPID1000248,0.41785,TT2_Thal,3,1q≥3,2.43472,1,TTP
CHIPID1000250,0.31193,TT2_Thal,4,1q≥3,0.23586,1,TTP
CHIPID1000253,0.57461,TT4_S-TT3,2,1q2,8.05435,0,TTP
CHIPID1000254,0.31158,TT4_S-TT3,2,1q2,14.89569,0,TTP
CHIPID1000255,0.55909,TT2_Thal,3,1q≥3,6.49069,0,TTP
CHIPID1000256,0.24467,TT2_Thal,3,1q≥3,7.24613,0,TTP
CHIPID1000258,0.31165,TT2_Thal,3,1q≥3,4.1461,1,TTP
CHIPID1000263,0.50894,TT4_S-TT3,3,1q≥3,0.61207,1,TTP
CHIPID1000265,0.29481,TT4_S-TT3,2,1q2,10.43391,0,TTP
CHIPID1000267,0.14919,TT3a,2,1q2,6.81642,1,TTP
CHIPID1000269,0.30359,TT2_Thal,2,1q2,11.29626,0,TTP
CHIPID1000280,0.5537,TT3b,3,1q≥3,1.96813,0,TTP
CHIPID1000285,0.19317,TT3b,2,1q2,13.00588,0,TTP
CHIPID1000286,0.56704,TT2_NoThal,3,1q≥3,7.23453,1,TTP
CHIPID1000287,0.20602,TT2_Thal,2,1q2,0.51636,0,TTP
CHIPID1000288,0.2763,TT3b,3,1q≥3,3.25877,1,TTP
CHIPID1000289,0.3022,TT4_S-TT3,4,1q≥3,3.65102,1,TTP
CHIPID1000290,0.1249,TT2_Thal,2,1q2,5.93792,0,TTP
CHIPID1000292,0.16213,TT3a,2,1q2,2.80907,1,TTP
CHIPID1000293,0.43573,TT3b,2,1q2,5.16166,1,TTP
CHIPID1000294,0.18502,TT2_NoThal,2,1q2,3.07055,1,TTP
CHIPID1000296,0.19129,TT3b,3,1q≥3,2.47205,0,TTP
CHIPID1000297,0.52108,TT2_Thal,3,1q≥3,8.67903,1,TTP
CHIPID1000300,0.18187,TT2_Thal,2,1q2,11.18117,0,TTP
CHIPID1000302,0.25474,TT2_NoThal,3,1q≥3,1.68745,0,TTP
CHIPID1000304,0.17473,TT3b,2,1q2,7.53867,0,TTP
CHIPID1000305,0.41428,TT3a,3,1q≥3,3.70076,1,TTP
CHIPID1000307,0.5231,TT3a,2,1q2,8.10008,0,TTP
CHIPID1000309,0.32172,TT2_NoThal,2,1q2,1.34804,1,TTP
CHIPID1000310,0.22894,TT2_Thal,3,1q≥3,0.63264,1,TTP
CHIPID1000311,0.34762,TT2_NoThal,4,1q≥3,1.67997,1,TTP
CHIPID1000316,0.32918,TT4_S-TT3,3,1q≥3,4.63157,1,TTP
CHIPID1000317,0.37742,TT2_NoThal,2,1q2,1.20566,1,TTP
CHIPID1000319,0.42755,TT4_S-TT3,2,1q2,13.45905,0,TTP
CHIPID1000322,0.30698,TT2_NoThal,3,1q≥3,1.48941,1,TTP
CHIPID1000327,0.57761,TT3b,2,1q2,1.11057,0,TTP
CHIPID1000328,0.17999,TT3a,3,1q≥3,1.40339,1,TTP
CHIPID1000330,0.13573,TT2_NoThal,2,1q2,13.39692,0,TTP
CHIPID1000333,0.18432,TT2_NoThal,2,1q2,1.38262,0,TTP
CHIPID1000334,0.13618,TT2_Thal,3,1q≥3,3.33168,1,TTP
CHIPID1000336,0.35206,TT2_Thal,2,1q2,9.13124,1,TTP
CHIPID1000339,0.35222,TT4_S-TT3,2,1q2,4.37907,0,TTP
CHIPID1000345,0.53437,TT3b,3,1q≥3,3.14078,1,TTP
CHIPID1000346,0.23482,TT2_Thal,2,1q2,8.03537,1,TTP
CHIPID1000347,0.43505,TT2_Thal,2,1q2,3.67721,0,TTP
CHIPID1000350,0.55319,TT4_S-TT3,2,1q2,12.90221,0,TTP
CHIPID1000353,0.16986,TT3a,2,1q2,2.86082,1,TTP
CHIPID1000357,0.17506,TT3b,2,1q2,10.13892,0,TTP
CHIPID1000363,0.24425,TT3b,2,1q2,3.06679,1,TTP
CHIPID1000365,0.59535,TT3b,2,1q2,2.55252,1,TTP
CHIPID1000368,0.12971,TT2_NoThal,2,1q2,8.27478,1,TTP
CHIPID1000369,0.41087,TT3b,4,1q≥3,2.63336,0,TTP
CHIPID1000370,0.43998,TT2_Thal,3,1q≥3,1.5404,1,TTP
CHIPID1000371,0.15471,TT2_NoThal,3,1q≥3,0.65684,1,TTP
CHIPID1000376,0.48441,TT4_S-TT3,4,1q≥3,4.24835,1,TTP
CHIPID1000383,0.13172,TT2_Thal,2,1q2,0.30425,1,TTP
CHIPID1000388,0.38966,TT2_NoThal,2,1q2,1.26508,1,TTP
CHIPID1000389,0.50501,TT3a,2,1q2,0.61734,1,TTP
CHIPID1000393,0.18415,TT2_NoThal,2,1q2,5.04853,1,TTP
CHIPID1000394,0.4626,TT2_Thal,3,1q≥3,1.42162,1,TTP
CHIPID1000396,0.21139,TT2_Thal,2,1q2,2.74035,0,TTP
CHIPID1000401,0.56383,TT4_S-TT3,3,1q≥3,9.28807,0,TTP
CHIPID1000402,0.58152,TT4_S-TT3,2,1q2,9.82739,0,TTP
CHIPID1000407,0.16029,TT4_S-TT3,2,1q2,0.72564,0,TTP
CHIPID1000410,0.36454,TT4_S-TT3,2,1q2,5.75412,0,TTP
CHIPID1000411,0.40245,TT2_NoThal,4,1q≥3,1.51757,1,TTP
CHIPID1000414,0.1421,TT2_NoThal,3,1q≥3,2.93694,1,TTP
CHIPID1000415,0.27248,TT4_S-TT3,3,1q≥3,5.75665,0,TTP
CHIPID1000424,0.18706,TT3b,2,1q2,0.97462,0,TTP
CHIPID1000425,0.13763,TT4_S-TT3,2,1q2,1.73101,1,TTP
CHIPID1000426,0.37261,TT2_NoThal,2,1q2,9.37977,0,TTP
CHIPID1000427,0.52878,TT3a,3,1q≥3,3.50534,1,TTP
CHIPID1000428,0.16083,TT3a,3,1q≥3,14.0379,0,TTP
CHIPID1000430,0.27879,TT2_NoThal,2,1q2,10.78162,1,TTP
CHIPID1000431,0.15211,TT2_Thal,2,1q2,4.95603,0,TTP
CHIPID1000432,0.5714,TT4_S-TT3,2,1q2,1.27666,0,TTP
CHIPID1000434,0.45362,TT3a,3,1q≥3,0.78433,1,TTP
CHIPID1000436,0.19123,TT2_NoThal,3,1q≥3,7.73302,1,TTP
CHIPID1000443,0.33099,TT4_S-TT3,2,1q2,10.18441,0,TTP
CHIPID1000444,0.21764,TT3b,3,1q≥3,0.87298,1,TTP
CHIPID1000447,0.30632,TT2_NoThal,2,1q2,5.82401,0,TTP
CHIPID1000449,0.14335,TT2_NoThal,2,1q2,11.40211,0,TTP
CHIPID1000451,0.35933,TT4_S-TT3,3,1q≥3,0.90612,1,TTP
CHIPID1000455,0.12013,TT2_NoThal,2,1q2,15.26634,0,TTP
CHIPID1000457,0.53018,TT4_S-TT3,3,1q≥3,11.00652,0,TTP
CHIPID1000460,0.16851,TT3a,2,1q2,3.46555,0,TTP
CHIPID1000461,0.29138,TT3a,4,1q≥3,2.49567,1,TTP
CHIPID1000465,0.46944,TT2_NoThal,4,1q≥3,4.48876,1,TTP
CHIPID1000468,0.5006,TT3b,3,1q≥3,5.74631,0,TTP
CHIPID1000470,0.20144,TT2_NoThal,2,1q2,9.59935,1,TTP
CHIPID1000476,0.34814,TT3b,2,1q2,3.03091,1,TTP
CHIPID1000479,0.50434,TT3b,3,1q≥3,12.01147,0,TTP
CHIPID1000480,0.27876,TT2_Thal,3,1q≥3,1.92279,1,TTP
CHIPID1000486,0.57466,TT3b,2,1q2,1.05278,0,TTP
CHIPID1000490,0.4129,TT4_S-TT3,2,1q2,4.67732,0,TTP
CHIPID1000493,0.16023,TT3a,4,1q≥3,8.26469,1,TTP
CHIPID1000494,0.39962,TT2_NoThal,2,1q2,0.98047,0,TTP
CHIPID1000495,0.29677,TT3b,3,1q≥3,6.94114,0,TTP
CHIPID1000496,0.34298,TT4_S-TT3,3,1q≥3,3.062,1,TTP
CHIPID1000498,0.22782,TT3b,2,1q2,15.14255,0,TTP
CHIPID1000501,0.21144,TT2_Thal,2,1q2,9.34816,0,TTP
CHIPID1000504,0.41944,TT3a,2,1q2,7.76308,0,TTP
CHIPID1000505,0.26039,TT2_Thal,2,1q2,4.14693,1,TTP
CHIPID1000507,0.21837,TT4_S-TT3,3,1q≥3,3.17174,0,TTP
CHIPID1000511,0.38447,TT2_NoThal,2,1q2,9.87384,1,TTP
CHIPID1000515,0.19314,TT2_NoThal,2,1q2,0.90827,0,TTP
CHIPID1000518,0.21593,TT2_Thal,3,1q≥3,7.78191,0,TTP
CHIPID1000521,0.21495,TT4_S-TT3,3,1q≥3,7.50944,0,TTP
CHIPID1000524,0.54722,TT3a,2,1q2,2.22321,1,TTP
CHIPID1000525,0.52841,TT4_S-TT3,3,1q≥3,4.00594,0,TTP
CHIPID1000526,0.456,TT2_Thal,3,1q≥3,4.0599,1,TTP
CHIPID1000527,0.57647,TT3a,2,1q2,0.9203,1,TTP
CHIPID1000533,0.16473,TT2_Thal,2,1q2,2.02136,1,TTP
CHIPID1000534,0.2982,TT2_NoThal,2,1q2,0.52114,0,TTP
CHIPID1000535,0.24471,TT4_S-TT3,3,1q≥3,3.31627,0,TTP
CHIPID1000539,0.44016,TT2_NoThal,2,1q2,10.96538,0,TTP
CHIPID1000540,0.33008,TT3b,2,1q2,5.87221,1,TTP
CHIPID1000541,0.21963,TT3a,2,1q2,13.442,0,TTP
CHIPID1000542,0.33316,TT2_Thal,2,1q2,4.86457,0,TTP
CHIPID1000544,0.14638,TT3a,3,1q≥3,0.1,1,TTP
CHIPID1000550,0.1785,TT2_Thal,3,1q≥3,1.96846,1,TTP
CHIPID1000551,0.27181,TT2_Thal,2,1q2,7.74652,0,TTP
CHIPID1000553,0.20161,TT3b,2,1q2,5.55848,0,TTP
CHIPID1000557,0.41341,TT4_S-TT3,3,1q≥3,11.3275,0,TTP
CHIPID1000559,0.2154,TT3b,3,1q≥3,9.94786,0,TTP
CHIPID1000562,0.37347,TT3a,2,1q2,1.27551,0,TTP
CHIPID1000563,0.47174,TT4_S-TT3,3,1q≥3,7.13023,0,TTP
CHIPID1000567,0.26588,TT3b,2,1q2,4.25663,1,TTP
CHIPID1000568,0.12013,TT3a,3,1q≥3,2.38949,1,TTP
CHIPID1000569,0.26468,TT4_S-TT3,3,1q≥3,7.77479,1,TTP
