"","Age_Great_651","ALBUMIN","HGB116F132M1","PLATELETS","Cyto_MM1","Tandem_Tx21","HY1","t14_16_201","PR1","PolyIG_high_bin1","GEP1q_3plus_bin1"
"Age_Great_651",1,-0.108196067855544,0.119115253443526,-0.0419694137638233,-0.100889153849443,-0.0731192667362166,0.133288409257048,0.0117776375270986,-0.0173803295977619,0.000596025777742523,-0.0118905770005358
"ALBUMIN",-0.108196067855544,1,0.164573941584205,-0.0658486397766393,0.00919445795054553,0.15094966047429,0.0127515342612668,0.196336492513957,-0.0471195210388666,-0.202225102653451,0.154494395909554
"HGB116F132M1",0.119115253443526,0.164573941584205,1,-0.0883331566671967,0.0438102801615905,0.0859814586104179,-0.0581591835972972,0.187093631036889,-0.040525382951603,-0.0573914224890677,0.122940886587129
"PLATELETS",-0.0419694137638233,-0.0658486397766393,-0.0883331566671967,1,-0.00992925781224166,-0.18025499071942,-0.172132593164774,0.0296956935458249,-0.121799691441173,0.0986210559023231,0.0668938899920671
"Cyto_MM1",-0.100889153849443,0.00919445795054553,0.0438102801615905,-0.00992925781224166,1,0.011205693546551,0.0230735100882071,0.183769124861158,-0.0830441302602675,-0.0983542518884649,-0.0376253548613266
"Tandem_Tx21",-0.0731192667362166,0.15094966047429,0.0859814586104179,-0.18025499071942,0.011205693546551,1,-0.115342321438388,-0.189035188453163,0.0919564587007694,-0.261274606871657,-0.0266446938542863
"HY1",0.133288409257048,0.0127515342612668,-0.0581591835972972,-0.172132593164774,0.0230735100882071,-0.115342321438388,1,-0.0690065559342354,0.0908513525158996,0.106948157986625,-0.0548637716969591
"t14_16_201",0.0117776375270986,0.196336492513957,0.187093631036889,0.0296956935458249,0.183769124861158,-0.189035188453163,-0.0690065559342354,1,-0.162761683995589,-0.076964150767175,0.262913884053426
"PR1",-0.0173803295977619,-0.0471195210388666,-0.040525382951603,-0.121799691441173,-0.0830441302602675,0.0919564587007694,0.0908513525158996,-0.162761683995589,1,0.0637437552406029,-0.0731691384986814
"PolyIG_high_bin1",0.000596025777742523,-0.202225102653451,-0.0573914224890677,0.0986210559023231,-0.0983542518884649,-0.261274606871657,0.106948157986625,-0.076964150767175,0.0637437552406029,1,-0.205644684850797
"GEP1q_3plus_bin1",-0.0118905770005358,0.154494395909554,0.122940886587129,0.0668938899920671,-0.0376253548613266,-0.0266446938542863,-0.0548637716969591,0.262913884053426,-0.0731691384986814,-0.205644684850797,1
