"PATID","Valid_endpoint","Complete_all_predictors","Included_in_model"
"P100001",TRUE,TRUE,TRUE
"P100014",TRUE,TRUE,TRUE
"P100015",TRUE,TRUE,TRUE
"P100025",TRUE,TRUE,TRUE
"P100029",TRUE,TRUE,TRUE
"P100032",TRUE,TRUE,TRUE
"P100037",TRUE,TRUE,TRUE
"P100044",TRUE,TRUE,TRUE
"P100050",TRUE,TRUE,TRUE
"P100057",TRUE,TRUE,TRUE
"P100059",TRUE,TRUE,TRUE
"P100060",TRUE,TRUE,TRUE
"P100064",TRUE,TRUE,TRUE
"P100066",TRUE,TRUE,TRUE
"P100070",TRUE,TRUE,TRUE
"P100074",TRUE,TRUE,TRUE
"P100076",TRUE,TRUE,TRUE
"P100081",TRUE,TRUE,TRUE
"P100087",TRUE,TRUE,TRUE
"P100092",TRUE,TRUE,TRUE
"P100094",TRUE,TRUE,TRUE
"P100095",TRUE,TRUE,TRUE
"P100096",TRUE,TRUE,TRUE
"P100112",TRUE,TRUE,TRUE
"P100117",TRUE,TRUE,TRUE
"P100120",TRUE,TRUE,TRUE
"P100121",TRUE,TRUE,TRUE
"P100122",TRUE,TRUE,TRUE
"P100124",TRUE,TRUE,TRUE
"P100127",TRUE,TRUE,TRUE
"P100132",TRUE,TRUE,TRUE
"P100136",TRUE,TRUE,TRUE
"P100139",TRUE,TRUE,TRUE
"P100168",TRUE,TRUE,TRUE
"P100171",TRUE,TRUE,TRUE
"P100173",TRUE,TRUE,TRUE
"P100184",TRUE,TRUE,TRUE
"P100189",TRUE,TRUE,TRUE
"P100190",TRUE,TRUE,TRUE
"P100194",TRUE,TRUE,TRUE
"P100200",TRUE,TRUE,TRUE
"P100226",TRUE,TRUE,TRUE
"P100230",TRUE,TRUE,TRUE
"P100234",TRUE,TRUE,TRUE
"P100235",TRUE,TRUE,TRUE
"P100239",TRUE,TRUE,TRUE
"P100240",TRUE,TRUE,TRUE
"P100246",TRUE,TRUE,TRUE
"P100254",TRUE,TRUE,TRUE
"P100255",TRUE,TRUE,TRUE
"P100264",TRUE,TRUE,TRUE
"P100266",TRUE,TRUE,TRUE
"P100268",TRUE,TRUE,TRUE
"P100281",TRUE,TRUE,TRUE
"P100286",TRUE,TRUE,TRUE
"P100289",TRUE,TRUE,TRUE
"P100290",TRUE,TRUE,TRUE
"P100293",TRUE,TRUE,TRUE
"P100294",TRUE,TRUE,TRUE
"P100297",TRUE,TRUE,TRUE
"P100305",TRUE,TRUE,TRUE
"P100306",TRUE,TRUE,TRUE
"P100308",TRUE,TRUE,TRUE
"P100317",TRUE,TRUE,TRUE
"P100320",TRUE,TRUE,TRUE
"P100328",TRUE,TRUE,TRUE
"P100329",TRUE,TRUE,TRUE
"P100340",TRUE,TRUE,TRUE
"P100346",TRUE,TRUE,TRUE
"P100351",TRUE,TRUE,TRUE
"P100354",TRUE,TRUE,TRUE
"P100358",TRUE,TRUE,TRUE
"P100364",TRUE,TRUE,TRUE
"P100366",TRUE,TRUE,TRUE
"P100370",TRUE,TRUE,TRUE
"P100377",TRUE,TRUE,TRUE
"P100390",TRUE,TRUE,TRUE
"P100402",TRUE,TRUE,TRUE
"P100403",TRUE,TRUE,TRUE
"P100408",TRUE,TRUE,TRUE
"P100411",TRUE,TRUE,TRUE
"P100416",TRUE,TRUE,TRUE
"P100425",TRUE,TRUE,TRUE
"P100426",TRUE,TRUE,TRUE
"P100428",TRUE,TRUE,TRUE
"P100429",TRUE,TRUE,TRUE
"P100433",TRUE,TRUE,TRUE
"P100435",TRUE,TRUE,TRUE
"P100444",TRUE,TRUE,TRUE
"P100445",TRUE,TRUE,TRUE
"P100452",TRUE,TRUE,TRUE
"P100458",TRUE,TRUE,TRUE
"P100461",TRUE,TRUE,TRUE
"P100462",TRUE,TRUE,TRUE
"P100469",TRUE,TRUE,TRUE
"P100477",TRUE,TRUE,TRUE
"P100480",TRUE,TRUE,TRUE
"P100487",TRUE,TRUE,TRUE
"P100491",TRUE,TRUE,TRUE
"P100494",TRUE,TRUE,TRUE
"P100496",TRUE,TRUE,TRUE
"P100497",TRUE,TRUE,TRUE
"P100499",TRUE,TRUE,TRUE
"P100505",TRUE,TRUE,TRUE
"P100508",TRUE,TRUE,TRUE
"P100522",TRUE,TRUE,TRUE
"P100525",TRUE,TRUE,TRUE
"P100526",TRUE,TRUE,TRUE
"P100528",TRUE,TRUE,TRUE
"P100536",TRUE,TRUE,TRUE
"P100541",TRUE,TRUE,TRUE
"P100542",TRUE,TRUE,TRUE
"P100545",TRUE,TRUE,TRUE
"P100554",TRUE,TRUE,TRUE
"P100558",TRUE,TRUE,TRUE
"P100560",TRUE,TRUE,TRUE
"P100563",TRUE,TRUE,TRUE
"P100564",TRUE,TRUE,TRUE
"P100568",TRUE,TRUE,TRUE
"P100569",TRUE,TRUE,TRUE
"P100570",TRUE,TRUE,TRUE
