cutpoint,n_lower,n_higher,HR,CI_lower_95,CI_upper_95,p_value,score_metric
0.31539,171,40,0.2324466460570002,0.10118155226715629,0.5340048857966277,5.854139566737202e-4,1.4590945596138656
0.317605,172,39,0.24015832353609645,0.10448497429656539,0.5520030104995134,7.813695023194167e-4,1.426456891733873
0.31839,173,38,0.2553403412979468,0.11104421333360424,0.5871417153299019,0.0013119419363158218,1.365157951949693
0.31909,174,37,0.2568545128669436,0.111692433788881,0.5906777974309183,0.0013786488434295986,1.3592454521747648
0.32101999999999997,175,36,0.2721364469183844,0.11826445910500355,0.6262088061097757,0.0022075705117501976,1.3014516953846722
0.313195,170,41,0.2738228885422674,0.12619961138981592,0.5941299934595651,0.0010478633281301832,1.2952737737770683
0.323005,176,35,0.2882243296133506,0.12515847278937128,0.6637446297452755,0.003467006009366257,1.2440161797801257
0.32351,177,34,0.288778886159949,0.12539510437484425,0.6650438668043447,0.0035189440545165913,1.2420939835004916
0.323855,178,33,0.29936436217546264,0.129905072544491,0.6898808459540952,0.00463299567082761,1.2060938448914162
0.292275,152,59,0.3097674671172783,0.17199403729880067,0.5579023854039339,9.462804385535148e-5,1.1719333690465654
0.312865,169,42,0.3142943742675644,0.15164574180580895,0.6513928615465809,0.00185359129334874,1.157425234582956
0.29461000000000004,153,58,0.3171845388904092,0.17604655622297152,0.5714740115887249,1.3198691137036484e-4,1.148271532873428
0.327095,179,32,0.3189815346083373,0.13827866450187812,0.7358273222237253,0.007378355345338464,1.1426220631130297
0.30944499999999997,166,45,0.32060520371975015,0.1606479790909114,0.6398318686226018,0.0012528153705958051,1.1375448077476722
0.30247,159,52,0.32436429849967185,0.1723794278283032,0.610352403802963,4.817945301571199e-4,1.1258880167440166
0.3056,163,48,0.3277334803384494,0.16954738832578686,0.6335056835459179,9.08329186091964e-4,1.1155545608475173
0.310075,167,44,0.3283704602216782,0.16448135067939224,0.6555585706270975,0.0015935058809312783,1.1136128560535652
0.29561000000000004,154,57,0.33265721677180515,0.18465505508348898,0.5992840207939617,2.474756772317857e-4,1.1006426982398347
0.28844000000000003,151,60,0.3328140341262823,0.18816962760189396,0.588645376637262,1.5595918527411154e-4,1.1001714010735988
0.303035,160,51,0.33297820378467735,0.17688426942762245,0.6268193579590058,6.563356806199098e-4,1.0996782452439744
0.306905,164,47,0.33798742476162247,0.17476962912998392,0.653634729704847,0.0012660943247960966,1.0847465890385066
0.29682,155,56,0.34736364182390944,0.19278061733370291,0.62590057719498,4.321311082007795e-4,1.0573830886144233
0.286055,150,61,0.34958255047122877,0.20089090222295575,0.6083299852889233,2.0042879129682925e-4,1.0510155492861786
0.301065,158,53,0.35113651356813175,0.1910475727016928,0.6453725080993414,7.512327895801233e-4,1.0465802035844491
0.311485,168,43,0.35229861209130847,0.17653546442762272,0.7030559694273075,0.003082902069725425,1.0432761332075406
0.29757999999999996,156,55,0.3523194035308868,0.19548560893842817,0.6349774941410473,5.182926524831687e-4,1.0432171184247125
0.303595,161,50,0.355248307086518,0.18886482726167952,0.6682099653895858,0.0013243526050283711,1.0349382774307279
0.30417,162,49,0.3557725955543464,0.1891396520386044,0.6692099640832695,0.0013460812012348125,1.0334635287674936
0.14459,33,178,0.3560236202260815,0.22039628189544383,0.5751132327133212,2.4343601259827483e-5,1.0327582013814336
0.30799,165,46,0.3594794801735829,0.1859071002732176,0.6951079139847466,0.0023582975463983576,1.02309818224402
0.275705,139,72,0.36276900415272234,0.21917582671160218,0.6004373399586748,8.011253960327555e-5,1.0139889994716391
0.14196,32,179,0.36397765915396646,0.22386823572012132,0.591775496586422,4.590435418949375e-5,1.0106627891796187
0.27228,134,77,0.3675750843083854,0.22635260956493214,0.596906935882081,5.2123444599110405e-5,1.0008276701546788
0.27686,140,71,0.37170681447748166,0.22451003431625388,0.6154110498881794,1.1949715664720145e-4,0.9896498685742317
0.284485,149,62,0.3743302563854737,0.21823061060926757,0.642087470930001,3.5806562592525186e-4,0.9826168327528695
0.147195,34,177,0.37433172423948957,0.2316483234432645,0.6049007292143369,5.9973644729416586e-5,0.9826129114798414
0.29888,157,54,0.37479339286308455,0.2081805466014368,0.6747512657979206,0.0010702434908263867,0.9813803572068583
0.272965,135,76,0.37852829223068307,0.23304385165845792,0.6148356500263721,8.661211734677163e-5,0.9714644606004388
0.27447,138,73,0.3797515725203463,0.231696993932482,0.6224131542841679,1.2261082120393414e-4,0.968237996579091
0.151035,36,175,0.38194904746364705,0.23786254245799293,0.6133167221322834,6.800432177258631e-5,0.9624680628749639
0.27958,145,66,0.38366552250272845,0.22928807731266082,0.6419838086764906,2.6498290232253465e-4,0.9579841411150998
0.271605,133,78,0.38580798401852134,0.23953227928184578,0.6214101956475508,8.992667517415532e-5,0.9524154840161874
0.27362,136,75,0.38681440141939644,0.23808790550521539,0.6284459549843383,1.2509235250515382e-4,0.9498102838846297
0.280795,146,65,0.38899144099161437,0.23242226821111348,0.6510320303185878,3.264212288601477e-4,0.9441979381980024
0.28288,148,63,0.3891454802199497,0.2298515336101226,0.6588348678694488,4.4258875502248426e-4,0.9438020201374439
0.276895,141,70,0.3904329073363784,0.2359559814308856,0.6460436146043961,2.519639508739906e-4,0.9404991366625779
0.27741499999999997,142,69,0.3917898463328639,0.23676189806131243,0.6483276445510611,2.660221549448612e-4,0.9370296892417496
0.24889,106,105,0.39205271336368663,0.2570151934581781,0.5980398589970527,1.3851827190297662e-5,0.9363589753657924
0.14843499999999998,35,176,0.39862578303506097,0.24676482383789558,0.6439431375547331,1.7077422723153787e-4,0.9197321893137733
0.278135,143,68,0.40007688877899034,0.24170954622717142,0.6622060213734478,3.664929843939674e-4,0.9160985283989507
0.24305500000000002,103,108,0.40046808879083656,0.26335390130323955,0.6089702462965284,1.8748445982203666e-5,0.915121194073095
0.24213,102,109,0.4015191689360013,0.2643935880326183,0.609763815464268,1.8646594225358766e-5,0.9125000034323775
0.243425,104,107,0.4019586366241008,0.2643033406503721,0.6113079961801778,2.037500607915721e-5,0.9114060896269621
0.274005,137,74,0.40201549640610124,0.2474599242641478,0.6531015469726269,2.325650409382753e-4,0.911264642832198
0.278435,144,67,0.4021258747485563,0.24292548180879356,0.6656577067924462,3.9620169854914555e-4,0.910990118110283
0.27063000000000004,132,79,0.40374316290293355,0.2525598843684033,0.645425309718181,1.5111834010000726e-4,0.9069763385751947
0.246055,105,106,0.40728621159487277,0.26772109879813977,0.6196077145207657,2.7167330465097984e-5,0.8982391180928653
0.281605,147,64,0.4077966123132463,0.24374731861111595,0.6822560262887594,6.351941453093947e-4,0.8969867281022651
0.17251499999999997,48,163,0.4102732770676727,0.2664141280929679,0.631813947258491,5.248964564646009e-5,0.8909318118825231
0.15331,37,174,0.4103144310826994,0.2558147123322946,0.6581245105872879,2.1948478475855224e-4,0.8908315081254661
0.167255,44,167,0.4115322805391109,0.26526898642815183,0.6384418329716518,7.410932299285077e-5,0.8878678159171702
0.25400999999999996,114,97,0.4136442573798387,0.26966806811406424,0.6344895517660832,5.250796889092222e-5,0.8827489562421703
0.25095500000000004,111,100,0.4138648747691292,0.27105887081990576,0.6319075042612049,4.393135653128403e-5,0.8822157478799988
0.24981,108,103,0.4139221779644617,0.27227963261244764,0.6292485698139244,3.6656462358641116e-5,0.8820772987577644
0.251905,112,99,0.41485908467229315,0.2716902346759486,0.633471645900009,4.62215728344937e-5,0.8798163714198158
0.25029999999999997,109,102,0.4149639606431783,0.2726353122786856,0.6315949580905968,4.0606496201314985e-5,0.879563604346075
0.16991,46,165,0.4159070979648997,0.26918481375090647,0.642602053686627,7.743260788672324e-5,0.8772933658607497
0.25307,113,98,0.4162883047375071,0.2721708892497906,0.6367174429965636,5.298218790138026e-5,0.8763772185279657
0.17065,47,164,0.4167430842802645,0.26970709114177877,0.6439385689126388,8.062558411258391e-5,0.8752853518974059
0.2585,119,92,0.41799265271217534,0.2707353221616033,0.6453456325032877,8.271787396115142e-5,0.872291423855462
0.24117,101,110,0.4185977602329751,0.27623138297825606,0.6343380791235309,4.0224740387966254e-5,0.870844819598563
0.267435,124,87,0.42027730341564473,0.2696934781469417,0.6549398709229739,1.2828613365528484e-4,0.8668405393436464
0.26043000000000005,120,91,0.42135236884696725,0.27286224085010685,0.6506500063175787,9.673391598126368e-5,0.8642858147385976
0.23988500000000001,98,113,0.42218973555732897,0.2793301197602748,0.638112971715829,4.2840968755531845e-5,0.8623004556651376
0.2494,107,104,0.4228477740711006,0.2789293795749227,0.6410233311003989,5.017145539246179e-5,0.860743036877728
0.26977,131,80,0.4230555374137038,0.2664764980546465,0.6716389214169836,2.645267968145184e-4,0.8602518144319469
0.263865,122,89,0.4249854705306126,0.2739407715755112,0.6593127745219212,1.3392647667926833e-4,0.8557002976289025
0.22548,85,126,0.425148929771615,0.28304844862723255,0.6385889531017878,3.777274037019365e-5,0.8553157484494818
0.23670000000000002,94,117,0.4253176055773225,0.28201500284418285,0.6414377383815068,4.5396924209437724e-5,0.8549190819119796
0.26800500000000005,125,86,0.42551953258539565,0.2724840533349727,0.6645044742824003,1.718548990238693e-4,0.8544444270037551
0.25492499999999996,115,96,0.42587416182944415,0.2775746269679378,0.653405549689818,9.287260520487997e-5,0.8536113711169575
0.16665000000000002,43,168,0.42592983183326943,0.2734293753791461,0.6634847532162903,1.605975676532073e-4,0.8534806602860181
0.240125,99,112,0.4266813202075196,0.28222730380358857,0.645072062697135,5.3724875560681136e-5,0.8517178670899597
0.2406,100,111,0.42831618526323195,0.28327658119660604,0.6476170878069226,5.830552754207454e-5,0.8478936055272307
0.250645,110,101,0.4290262229389216,0.28186715138928625,0.6530150784226272,7.87206181930918e-5,0.8462372361904694
0.23583,93,118,0.4297851918523813,0.2853044144200391,0.647432362766183,5.354809840689392e-5,0.8444697489447865
0.256295,117,94,0.4333898665258443,0.2818857839216445,0.6663222734903836,1.3904109190109967e-4,0.8361175714964557
0.168465,45,166,0.4340600850030164,0.2798399535559604,0.6732711144305894,1.9428316120755212e-4,0.8345723097569052
0.23931,97,114,0.43455679622105964,0.28807474130299243,0.6555229670181083,7.085479635912167e-5,0.8334286265453028
0.26142,121,90,0.4356881791686355,0.2821264571911075,0.6728337049888853,1.7887209570592155e-4,0.8308284768932159
0.17465,49,162,0.43605567106647297,0.28335850835686865,0.6710387818309635,1.6075205939529642e-4,0.82998535785198
0.221405,82,129,0.43627587703547444,0.2904596332592493,0.6552946402476097,6.432925850840351e-5,0.8294804902379221
0.26818,126,85,0.43718357485479303,0.27987884747842257,0.6829007616860066,2.768187800637158e-4,0.8274020923360949
0.26909,130,81,0.4373767988275222,0.27727644226090964,0.6899196433449766,3.7636083799977115e-4,0.8269602155218972
0.22227,83,128,0.43745205727822545,0.2914728873173337,0.656542377502882,6.576200902645857e-5,0.8267881625532195
0.25682499999999997,118,93,0.43786190127950425,0.28473682706292164,0.6733342032702184,1.6901929389580896e-4,0.8258517122036677
0.26883,129,82,0.43841939676421404,0.27927485065223706,0.6882523328190622,3.388466147126154e-4,0.8245792998831689
0.268425,127,84,0.43879437605908944,0.2808896142543174,0.6854667979527342,2.953702779928028e-4,0.8237243673015515
0.23374499999999998,91,120,0.439654679085132,0.29227157962407935,0.6613583061687649,7.991152164944317e-5,0.8217656804635446
0.22353499999999998,84,127,0.44107584774746444,0.29382813660336476,0.6621146147373982,7.836879371933026e-5,0.8185384279668746
0.2663,123,88,0.44140241136666514,0.28457136342035994,0.6846651272935741,2.608386645590628e-4,0.8177983221779004
0.234715,92,119,0.44142817082805647,0.2934155728305716,0.6641052760792696,8.70201592822812e-5,0.8177399656553282
0.23050500000000002,88,123,0.4420996669066704,0.29432231731412845,0.6640750768158163,8.425181232020403e-5,0.8162199315845812
0.231325,89,122,0.4431118677929914,0.29497660480160914,0.6656396615285822,8.843288653437684e-5,0.8139330175808833
0.18052,58,153,0.4440469973531768,0.2923700388715368,0.6744115663130903,1.404403807059989e-4,0.8118248722570747
0.22785,86,125,0.4454141284141289,0.29688226099391873,0.6682573257382394,9.328320387337483e-5,0.8087508039297457
0.238505,96,115,0.44635604191510275,0.2964200183000896,0.672133134923488,1.1233559491751102e-4,0.8066383451761664
0.19201000000000001,66,145,0.44704416390467483,0.29613005552800564,0.6748672779090121,1.274568993675364e-4,0.8050978885674349
0.163045,42,169,0.4472041754951485,0.28573723436196063,0.6999142937281817,4.2972195262200845e-4,0.8047400202099968
0.2556,116,95,0.44922938060084655,0.293310062021924,0.6880331175953172,2.3407360018822912e-4,0.8002216517544312
0.23766500000000002,95,116,0.4502957967369094,0.29938512205089723,0.6772758217572902,1.2756741013750307e-4,0.7978505860799144
0.219965,81,130,0.4538304994623931,0.30220993782830674,0.6815200179131687,1.399651398477252e-4,0.7900314998547314
0.23248,90,121,0.4544125650720399,0.30239083569828257,0.6828605728692845,1.4724382425510127e-4,0.7887497599503751
0.157005,40,171,0.4546314219278956,0.2891242236474026,0.7148820918452196,6.417428851775191e-4,0.788268250005391
0.22963499999999998,87,124,0.45629875982139073,0.3040299126694537,0.6848291879783126,1.5217768237341946e-4,0.784607508954313
0.19127,65,146,0.45666679619369716,0.30215732450130633,0.6901853631713438,1.9953006821337487e-4,0.7838012651922832
0.17925000000000002,56,155,0.45714030399690214,0.30038369899972756,0.69570105912628,2.58742843598283e-4,0.7827649242720052
0.175905,51,160,0.4573774046587831,0.29826359947351444,0.7013731835251338,3.356450986473448e-4,0.7822463981353338
0.21854,80,131,0.45760199937941387,0.3047080247852466,0.6872138992191577,1.6460732081613743e-4,0.7817554696528995
0.158765,41,170,0.4579320955459032,0.29118212936968896,0.7201740181823515,7.223576742723559e-4,0.7810343688602086
0.26866999999999996,128,83,0.45851275644253403,0.2936718229968315,0.7158805556323283,6.027626149196668e-4,0.7797671655515245
0.17522500000000002,50,161,0.45882212012884527,0.29820199258337177,0.7059568452101193,3.944034300450419e-4,0.7790926818794424
0.182445,59,152,0.4596450057113051,0.3025753000337632,0.6982510841161541,2.688413113054694e-4,0.7773008141479039
0.180245,57,154,0.4617190304062828,0.3033329359649112,0.7028068427886729,3.1185240897197797e-4,0.7727987321980333
0.15425,38,173,0.4635388812283563,0.29070206165993945,0.7391357776532976,0.0012392241275873182,0.7688650113491521
0.217165,79,132,0.46489412433694616,0.3095931583338344,0.6980985885029367,2.2197977950878022e-4,0.7659455889179578
0.177305,53,158,0.4678775719523465,0.3059647886736021,0.7154725982850004,4.5666375231905374e-4,0.7595486156797403
0.17683500000000002,52,159,0.46872571020494996,0.30556985258455277,0.7189969479935577,5.180374444251767e-4,0.7577375212695674
0.17825000000000002,55,156,0.47054808425367634,0.30847391475078256,0.7177770599296458,4.66832220231897e-4,0.7538571269773582
0.21181,77,134,0.47218020236913955,0.3144750184197012,0.7089725111703624,2.963574351543894e-4,0.7503945815774281
0.185885,60,151,0.4728977095494187,0.3112024485582535,0.7186069541969717,4.518997448353185e-4,0.7488761727582494
0.190815,64,147,0.4736734219291702,0.31294215125641145,0.716958421041381,4.103840132953537e-4,0.7472371780169037
0.17775000000000002,54,157,0.47414391141568457,0.30999371584192437,0.7252161487273618,5.779139806607582e-4,0.7462443927858134
0.198715,69,142,0.4752539716524979,0.3159760204166682,0.7148211350773707,3.5426829061506546e-4,0.7439059406732461
0.19324,67,144,0.47843595702235153,0.3177995433672765,0.7202683885148184,4.124167140884429e-4,0.7372329181702628
0.200415,71,140,0.4796186979373748,0.31911518486562823,0.720849731760664,4.084846410285041e-4,0.7347638700637643
0.15551500000000001,39,172,0.47967355882408685,0.3033339908910641,0.7585260140450115,0.0016780041714593039,0.7346494922265929
0.20797,75,136,0.4805979307157293,0.3200121501992086,0.7217675043415029,4.1339889742272927e-4,0.7327242613159014
0.214995,78,133,0.4829287085227655,0.3215127861363529,0.7253837096747934,4.5372553133320387e-4,0.7278862376258652
0.18963000000000002,62,149,0.48573900660028685,0.32043679928605934,0.7363148772510483,6.685194549639321e-4,0.722083822786585
0.20589000000000002,74,137,0.48947173365436614,0.3257747294395649,0.7354240719001386,5.829854996206499e-4,0.7144285640223793
0.19067,63,148,0.4900641034295505,0.3232319531573965,0.7430045919787602,7.82372857349342e-4,0.7132190731084765
0.19931,70,141,0.4923548569948867,0.3273056432193613,0.7406328312035524,6.708143555928026e-4,0.7085555684138872
0.19638,68,143,0.49235994441998493,0.326969154914532,0.7414103478128312,6.924377238984263e-4,0.70854523562496
0.20971499999999998,76,135,0.4925209364404515,0.32783779912392214,0.7399295428422689,6.487456673444159e-4,0.708218308734553
0.201875,72,139,0.4945610470714631,0.32898449407296293,0.7434716033339129,7.114543822607832e-4,0.7040846834227512
0.188115,61,150,0.4973709543366337,0.32751167710148843,0.7553253319303084,0.001051789851440538,0.6984191442985179
0.203985,73,138,0.5081679479675557,0.33794071634680417,0.7641419067022065,0.00114439329956547,0.6769432798065086
