chipid,patid,sample_group,tt_on_for_tx1,TT_On_for_Tx1,GEP70,IG_ARD,PCBmBx_All,POST_SORT_PURITY,YearsTTP,CensTTP
CHIPID1000000,P100001,RNAS_CD138_NDMM,TT4_S-TT3,TT4_S-TT3,0.45219,0.29993,,90,6.10601,1
CHIPID2000000,P100001,RNBX_WB_NDMM,TT4_S-TT3,TT4_S-TT3,0.45219,0.29993,36.5,90,6.10601,1
CHIPID1000001,P100002,RNAS_CD138_NDMM,TT2_Thal,TT2_Thal,0.73032,0.13905,,91,3.64955,0
CHIPID2000001,P100002,RNBX_WB_NDMM,TT2_Thal,TT2_Thal,0.73032,0.13905,7.43,91,3.64955,0
CHIPID1000002,P100003,RNAS_CD138_NDMM,TT5,TT5,0.15207,0.31696,,96,0.147,1
CHIPID2000002,P100003,RNBX_WB_NDMM,TT5,TT5,0.15207,0.31696,35.41,96,0.147,1
CHIPID1000010,P100011,RNAS_CD138_NDMM,TT2_NoThal,TT2_NoThal,0.47308,0.22934,,92,5.50615,0
CHIPID2000010,P100011,RNBX_WB_NDMM,TT2_NoThal,TT2_NoThal,0.47308,0.22934,7.93,92,5.50615,0
CHIPID1000011,P100012,RNAS_CD138_NDMM,TT2_Thal,TT2_Thal,0.75511,0.22946,,90,2.88235,1
CHIPID2000011,P100012,RNBX_WB_NDMM,TT2_Thal,TT2_Thal,0.75511,0.22946,21.84,90,2.88235,1
CHIPID1000012,P100013,RNAS_CD138_NDMM,TT5,TT5,0.41128,0.29187,,98,4.79062,0
CHIPID2000012,P100013,RNBX_WB_NDMM,TT5,TT5,0.41128,0.29187,42.93,98,4.79062,0
CHIPID1000013,P100014,RNAS_CD138_NDMM,TT4_S-TT3,TT4_S-TT3,0.39175,0.11691,,97,5.21643,0
CHIPID2000013,P100014,RNBX_WB_NDMM,TT4_S-TT3,TT4_S-TT3,0.39175,0.11691,6.46,97,5.21643,0
CHIPID1000014,P100015,RNAS_CD138_NDMM,TT3b,TT3b,0.36255,0.29431,,89,5.39704,0
CHIPID2000014,P100015,RNBX_WB_NDMM,TT3b,TT3b,0.36255,0.29431,51.72,89,5.39704,0
CHIPID1000015,P100016,RNAS_CD138_NDMM,TT5,TT5,0.8551,0.17292,,88,0.57214,1
CHIPID2000015,P100016,RNBX_WB_NDMM,TT5,TT5,0.8551,0.17292,6.77,88,0.57214,1
CHIPID1000017,P100018,RNAS_CD138_NDMM,TT5,TT5,0.19756,0.20071,,95,1.08863,1
CHIPID2000017,P100018,RNBX_WB_NDMM,TT5,TT5,0.19756,0.20071,22.13,95,1.08863,1
CHIPID1000018,P100019,RNAS_CD138_NDMM,TT3b,TT3b,0.8558,0.32469,,94,4.38539,1
CHIPID2000018,P100019,RNBX_WB_NDMM,TT3b,TT3b,0.8558,0.32469,36.23,94,4.38539,1
CHIPID1000019,P100020,RNAS_CD138_NDMM,TT2_Thal,TT2_Thal,0.41888,0.10006,,87,2.80462,1
CHIPID2000019,P100020,RNBX_WB_NDMM,TT2_Thal,TT2_Thal,0.41888,0.10006,24.55,87,2.80462,1
CHIPID1000024,P100025,RNAS_CD138_NDMM,TT3b,TT3b,0.54464,0.22074,,93,0.84884,1
CHIPID2000024,P100025,RNBX_WB_NDMM,TT3b,TT3b,0.54464,0.22074,21.45,93,0.84884,1
CHIPID1000025,P100026,RNAS_CD138_NDMM,TT4_S-TT3,TT4_S-TT3,0.86296,0.34808,,95,4.88122,1
CHIPID2000025,P100026,RNBX_WB_NDMM,TT4_S-TT3,TT4_S-TT3,0.86296,0.34808,33.62,95,4.88122,1
CHIPID1000028,P100029,RNAS_CD138_NDMM,TT4_S-TT3,TT4_S-TT3,0.29552,0.12267,,94,2.58342,1
CHIPID2000028,P100029,RNBX_WB_NDMM,TT4_S-TT3,TT4_S-TT3,0.29552,0.12267,19.66,94,2.58342,1
CHIPID1000030,P100031,RNAS_CD138_NDMM,TT2_Thal,TT2_Thal,0.16549,0.21007,,98,0.2363,1
CHIPID2000030,P100031,RNBX_WB_NDMM,TT2_Thal,TT2_Thal,0.16549,0.21007,24.74,98,0.2363,1
CHIPID1000031,P100032,RNAS_CD138_NDMM,TT3a,TT3a,0.25466,0.32328,,93,0.41548,0
CHIPID2000031,P100032,RNBX_WB_NDMM,TT3a,TT3a,0.25466,0.32328,29.15,93,0.41548,0
CHIPID1000035,P100036,RNAS_CD138_NDMM,TT2_NoThal,TT2_NoThal,0.40067,0.04,,95,0.26991,1
CHIPID2000035,P100036,RNBX_WB_NDMM,TT2_NoThal,TT2_NoThal,0.40067,0.04,5.27,95,0.26991,1
CHIPID1000036,P100037,RNAS_CD138_NDMM,TT3a,TT3a,0.1523,0.39821,,95,3.43896,0
CHIPID2000036,P100037,RNBX_WB_NDMM,TT3a,TT3a,0.1523,0.39821,37.89,95,3.43896,0
CHIPID1000039,P100040,RNAS_CD138_NDMM,TT2_NoThal,TT2_NoThal,0.33049,0.11631,,98,7.49015,1
CHIPID2000039,P100040,RNBX_WB_NDMM,TT2_NoThal,TT2_NoThal,0.33049,0.11631,24.08,98,7.49015,1
CHIPID1000043,P100044,RNAS_CD138_NDMM,TT3a,TT3a,0.20053,0.30672,,97,6.90138,0
CHIPID2000043,P100044,RNBX_WB_NDMM,TT3a,TT3a,0.20053,0.30672,43.07,97,6.90138,0
CHIPID1000045,P100046,RNAS_CD138_NDMM,TT2_NoThal,TT2_NoThal,0.32255,0.21355,,97,4.46121,0
CHIPID2000045,P100046,RNBX_WB_NDMM,TT2_NoThal,TT2_NoThal,0.32255,0.21355,13.74,97,4.46121,0
CHIPID1000049,P100050,RNAS_CD138_NDMM,TT3b,TT3b,0.54176,0.27792,,97,4.8124,0
CHIPID2000049,P100050,RNBX_WB_NDMM,TT3b,TT3b,0.54176,0.27792,53.43,97,4.8124,0
CHIPID1000053,P100054,RNAS_CD138_NDMM,TT5,TT5,0.28445,0.26134,,89,2.57871,0
CHIPID2000053,P100054,RNBX_WB_NDMM,TT5,TT5,0.28445,0.26134,38.17,89,2.57871,0
CHIPID1000056,P100057,RNAS_CD138_NDMM,TT4_S-TT3,TT4_S-TT3,0.57383,0.04821,,92,1.87774,0
CHIPID2000056,P100057,RNBX_WB_NDMM,TT4_S-TT3,TT4_S-TT3,0.57383,0.04821,4.37,92,1.87774,0
CHIPID1000058,P100059,RNAS_CD138_NDMM,TT3a,TT3a,0.54113,0.17052,,97,0.51066,0
CHIPID2000058,P100059,RNBX_WB_NDMM,TT3a,TT3a,0.54113,0.17052,17.84,97,0.51066,0
CHIPID1000059,P100060,RNAS_CD138_NDMM,TT3b,TT3b,0.32578,0.24351,,93,3.1256,0
CHIPID2000059,P100060,RNBX_WB_NDMM,TT3b,TT3b,0.32578,0.24351,18.24,93,3.1256,0
CHIPID1000060,P100061,RNAS_CD138_NDMM,TT2_NoThal,TT2_NoThal,0.12071,0.43538,,96,4.02741,0
CHIPID2000060,P100061,RNBX_WB_NDMM,TT2_NoThal,TT2_NoThal,0.12071,0.43538,5.92,96,4.02741,0
CHIPID1000062,P100063,RNAS_CD138_NDMM,TT2_Thal,TT2_Thal,0.19392,0.2736,,95,5.78796,0
CHIPID2000062,P100063,RNBX_WB_NDMM,TT2_Thal,TT2_Thal,0.19392,0.2736,43.55,95,5.78796,0
CHIPID1000063,P100064,RNAS_CD138_NDMM,TT3b,TT3b,0.39945,0.23875,,88,3.8851,1
CHIPID2000063,P100064,RNBX_WB_NDMM,TT3b,TT3b,0.39945,0.23875,43.49,88,3.8851,1
CHIPID1000064,P100065,RNAS_CD138_NDMM,TT2_NoThal,TT2_NoThal,0.22375,0.25,,96,11.08548,1
CHIPID2000064,P100065,RNBX_WB_NDMM,TT2_NoThal,TT2_NoThal,0.22375,0.25,27.95,96,11.08548,1
CHIPID1000065,P100066,RNAS_CD138_NDMM,TT4_S-TT3,TT4_S-TT3,0.52537,0.2679,,95,13.88137,1
CHIPID2000065,P100066,RNBX_WB_NDMM,TT4_S-TT3,TT4_S-TT3,0.52537,0.2679,27.14,95,13.88137,1
CHIPID1000066,P100067,RNAS_CD138_NDMM,TT2_NoThal,TT2_NoThal,0.56958,0.07776,,96,2.64033,0
CHIPID2000066,P100067,RNBX_WB_NDMM,TT2_NoThal,TT2_NoThal,0.56958,0.07776,34.74,96,2.64033,0
CHIPID1000068,P100069,RNAS_CD138_NDMM,TT2_NoThal,TT2_NoThal,0.41437,0.18419,,91,4.50867,0
CHIPID2000068,P100069,RNBX_WB_NDMM,TT2_NoThal,TT2_NoThal,0.41437,0.18419,9.53,91,4.50867,0
CHIPID1000069,P100070,RNAS_CD138_NDMM,TT3a,TT3a,0.49563,0.25355,,92,10.76318,1
CHIPID2000069,P100070,RNBX_WB_NDMM,TT3a,TT3a,0.49563,0.25355,48.29,92,10.76318,1
CHIPID1000070,P100071,RNAS_CD138_NDMM,TT2_NoThal,TT2_NoThal,0.74367,0.19528,,88,3.44682,0
CHIPID2000070,P100071,RNBX_WB_NDMM,TT2_NoThal,TT2_NoThal,0.74367,0.19528,29.08,88,3.44682,0
CHIPID1000073,P100074,RNAS_CD138_NDMM,TT3b,TT3b,0.31913,0.32397,,89,10.37298,0
CHIPID2000073,P100074,RNBX_WB_NDMM,TT3b,TT3b,0.31913,0.32397,16.42,89,10.37298,0
CHIPID1000075,P100076,RNAS_CD138_NDMM,TT4_S-TT3,TT4_S-TT3,0.18603,0.31887,,88,0.96399,0
CHIPID2000075,P100076,RNBX_WB_NDMM,TT4_S-TT3,TT4_S-TT3,0.18603,0.31887,47.59,88,0.96399,0
CHIPID1000076,P100077,RNAS_CD138_NDMM,TT2_NoThal,TT2_NoThal,0.89341,0.16356,,88,0.89401,1
CHIPID2000076,P100077,RNBX_WB_NDMM,TT2_NoThal,TT2_NoThal,0.89341,0.16356,7.92,88,0.89401,1
CHIPID1000079,P100080,RNAS_CD138_NDMM,TT3a,TT3a,0.84439,0.3564,,98,9.31953,1
CHIPID2000079,P100080,RNBX_WB_NDMM,TT3a,TT3a,0.84439,0.3564,50.19,98,9.31953,1
CHIPID1000080,P100081,RNAS_CD138_NDMM,TT3b,TT3b,0.24961,0.30709,,95,11.69501,0
CHIPID2000080,P100081,RNBX_WB_NDMM,TT3b,TT3b,0.24961,0.30709,52.22,95,11.69501,0
CHIPID1000081,P100082,RNAS_CD138_NDMM,TT2_NoThal,TT2_NoThal,0.53508,0.09392,,88,1.10408,1
CHIPID2000081,P100082,RNBX_WB_NDMM,TT2_NoThal,TT2_NoThal,0.53508,0.09392,26.01,88,1.10408,1
CHIPID1000086,P100087,RNAS_CD138_NDMM,TT4_S-TT3,TT4_S-TT3,0.53587,0.4065,,95,0.21286,1
CHIPID2000086,P100087,RNBX_WB_NDMM,TT4_S-TT3,TT4_S-TT3,0.53587,0.4065,12.39,95,0.21286,1
CHIPID1000089,P100090,RNAS_CD138_NDMM,TT2_Thal,TT2_Thal,0.17817,0.12845,,96,6.32819,0
CHIPID2000089,P100090,RNBX_WB_NDMM,TT2_Thal,TT2_Thal,0.17817,0.12845,13.49,96,6.32819,0
CHIPID1000090,P100091,RNAS_CD138_NDMM,TT2_NoThal,TT2_NoThal,0.35648,0.27364,,92,10.20163,0
CHIPID2000090,P100091,RNBX_WB_NDMM,TT2_NoThal,TT2_NoThal,0.35648,0.27364,25,92,10.20163,0
CHIPID1000091,P100092,RNAS_CD138_NDMM,TT3a,TT3a,0.3643,0.46598,,88,1.3426,0
CHIPID2000091,P100092,RNBX_WB_NDMM,TT3a,TT3a,0.3643,0.46598,38.76,88,1.3426,0
CHIPID1000093,P100094,RNAS_CD138_NDMM,TT3a,TT3a,0.2609,0.41844,,92,2.04658,0
CHIPID2000093,P100094,RNBX_WB_NDMM,TT3a,TT3a,0.2609,0.41844,31.67,92,2.04658,0
CHIPID1000094,P100095,RNAS_CD138_NDMM,TT4_S-TT3,TT4_S-TT3,0.18324,0.2052,,92,1.25816,1
CHIPID2000094,P100095,RNBX_WB_NDMM,TT4_S-TT3,TT4_S-TT3,0.18324,0.2052,18.95,92,1.25816,1
CHIPID1000095,P100096,RNAS_CD138_NDMM,TT3a,TT3a,0.16895,0.25688,,95,0.73426,1
CHIPID2000095,P100096,RNBX_WB_NDMM,TT3a,TT3a,0.16895,0.25688,13.09,95,0.73426,1
CHIPID1000099,P100100,RNAS_CD138_NDMM,TT2_Thal,TT2_Thal,0.18194,0.31348,,95,0.73661,1
CHIPID2000099,P100100,RNBX_WB_NDMM,TT2_Thal,TT2_Thal,0.18194,0.31348,23.43,95,0.73661,1
CHIPID1000101,P100102,RNAS_CD138_NDMM,TT3a,TT3a,0.7404,0.18136,,94,1.47234,1
CHIPID2000101,P100102,RNBX_WB_NDMM,TT3a,TT3a,0.7404,0.18136,42.81,94,1.47234,1
CHIPID1000103,P100104,RNAS_CD138_NDMM,TT5,TT5,0.53481,0.30714,,89,3.12933,0
CHIPID2000103,P100104,RNBX_WB_NDMM,TT5,TT5,0.53481,0.30714,19.11,89,3.12933,0
CHIPID1000107,P100108,RNAS_CD138_NDMM,TT2_Thal,TT2_Thal,0.40016,0.17425,,92,8.98808,0
CHIPID2000107,P100108,RNBX_WB_NDMM,TT2_Thal,TT2_Thal,0.40016,0.17425,42.03,92,8.98808,0
CHIPID1000109,P100110,RNAS_CD138_NDMM,TT5,TT5,0.57536,0.15125,,89,0.49795,1
CHIPID2000109,P100110,RNBX_WB_NDMM,TT5,TT5,0.57536,0.15125,9.63,89,0.49795,1
CHIPID1000110,P100111,RNAS_CD138_NDMM,TT2_Thal,TT2_Thal,0.57255,0.2621,,97,7.37571,1
CHIPID2000110,P100111,RNBX_WB_NDMM,TT2_Thal,TT2_Thal,0.57255,0.2621,36.42,97,7.37571,1
CHIPID1000111,P100112,RNAS_CD138_NDMM,TT4_S-TT3,TT4_S-TT3,0.59237,0.27688,,86,11.72848,0
CHIPID2000111,P100112,RNBX_WB_NDMM,TT4_S-TT3,TT4_S-TT3,0.59237,0.27688,27.94,86,11.72848,0
CHIPID1000114,P100115,RNAS_CD138_NDMM,TT5,TT5,0.21073,0.20068,,98,1.46044,1
CHIPID2000114,P100115,RNBX_WB_NDMM,TT5,TT5,0.21073,0.20068,17.01,98,1.46044,1
CHIPID1000116,P100117,RNAS_CD138_NDMM,TT3b,TT3b,0.40139,0.22993,,95,2.61017,1
CHIPID2000116,P100117,RNBX_WB_NDMM,TT3b,TT3b,0.40139,0.22993,45.45,95,2.61017,1
CHIPID1000117,P100118,RNAS_CD138_NDMM,TT2_Thal,TT2_Thal,0.44554,0.27691,,91,0.88411,0
CHIPID2000117,P100118,RNBX_WB_NDMM,TT2_Thal,TT2_Thal,0.44554,0.27691,43.85,91,0.88411,0
CHIPID1000118,P100119,RNAS_CD138_NDMM,TT2_NoThal,TT2_NoThal,0.48946,0.2486,,92,2.03689,1
CHIPID2000118,P100119,RNBX_WB_NDMM,TT2_NoThal,TT2_NoThal,0.48946,0.2486,39.38,92,2.03689,1
CHIPID1000119,P100120,RNAS_CD138_NDMM,TT3a,TT3a,0.1448,0.14659,,97,4.26725,0
CHIPID2000119,P100120,RNBX_WB_NDMM,TT3a,TT3a,0.1448,0.14659,3.96,97,4.26725,0
CHIPID1000120,P100121,RNAS_CD138_NDMM,TT4_S-TT3,TT4_S-TT3,0.56265,0.3173,,95,5.96212,0
CHIPID2000120,P100121,RNBX_WB_NDMM,TT4_S-TT3,TT4_S-TT3,0.56265,0.3173,19.9,95,5.96212,0
CHIPID1000121,P100122,RNAS_CD138_NDMM,TT4_S-TT3,TT4_S-TT3,0.38113,0.33022,,95,4.07471,0
CHIPID2000121,P100122,RNBX_WB_NDMM,TT4_S-TT3,TT4_S-TT3,0.38113,0.33022,5.91,95,4.07471,0
CHIPID1000123,P100124,RNAS_CD138_NDMM,TT3b,TT3b,0.23782,0.368,,88,11.19316,0
CHIPID2000123,P100124,RNBX_WB_NDMM,TT3b,TT3b,0.23782,0.368,23.39,88,11.19316,0
CHIPID1000126,P100127,RNAS_CD138_NDMM,TT3a,TT3a,0.42065,0.29733,,88,3.0404,0
CHIPID2000126,P100127,RNBX_WB_NDMM,TT3a,TT3a,0.42065,0.29733,24.2,88,3.0404,0
CHIPID1000127,P100128,RNAS_CD138_NDMM,TT2_NoThal,TT2_NoThal,0.19662,0.23339,,96,2.50684,1
CHIPID2000127,P100128,RNBX_WB_NDMM,TT2_NoThal,TT2_NoThal,0.19662,0.23339,36.84,96,2.50684,1
CHIPID1000131,P100132,RNAS_CD138_NDMM,TT3b,TT3b,0.14959,0.3543,,96,14.48144,0
CHIPID2000131,P100132,RNBX_WB_NDMM,TT3b,TT3b,0.14959,0.3543,57.46,96,14.48144,0
CHIPID1000132,P100133,RNAS_CD138_NDMM,TT2_NoThal,TT2_NoThal,0.33475,0.25122,,98,0.77319,0
CHIPID2000132,P100133,RNBX_WB_NDMM,TT2_NoThal,TT2_NoThal,0.33475,0.25122,49.07,98,0.77319,0
CHIPID1000134,P100135,RNAS_CD138_NDMM,TT3b,TT3b,0.70207,0.2533,,93,3.04368,1
CHIPID2000134,P100135,RNBX_WB_NDMM,TT3b,TT3b,0.70207,0.2533,48.33,93,3.04368,1
CHIPID1000135,P100136,RNAS_CD138_NDMM,TT4_S-TT3,TT4_S-TT3,0.27577,0.09102,,86,3.99947,0
CHIPID2000135,P100136,RNBX_WB_NDMM,TT4_S-TT3,TT4_S-TT3,0.27577,0.09102,41.78,86,3.99947,0
CHIPID1000138,P100139,RNAS_CD138_NDMM,TT4_S-TT3,TT4_S-TT3,0.44038,0.30333,,89,13.19816,0
CHIPID2000138,P100139,RNBX_WB_NDMM,TT4_S-TT3,TT4_S-TT3,0.44038,0.30333,8.28,89,13.19816,0
CHIPID1000139,P100140,RNAS_CD138_NDMM,TT2_Thal,TT2_Thal,0.87125,0.2363,,93,6.61612,1
CHIPID2000139,P100140,RNBX_WB_NDMM,TT2_Thal,TT2_Thal,0.87125,0.2363,47.38,93,6.61612,1
CHIPID1000146,P100147,RNAS_CD138_NDMM,TT5,TT5,0.84375,0.05192,,98,3.43456,1
CHIPID2000146,P100147,RNBX_WB_NDMM,TT5,TT5,0.84375,0.05192,7.84,98,3.43456,1
CHIPID1000149,P100150,RNAS_CD138_NDMM,TT5,TT5,0.12641,0.39965,,94,9.67341,1
CHIPID2000149,P100150,RNBX_WB_NDMM,TT5,TT5,0.12641,0.39965,57.87,94,9.67341,1
CHIPID1000152,P100153,RNAS_CD138_NDMM,TT2_NoThal,TT2_NoThal,0.46938,0.27457,,96,4.33737,1
CHIPID2000152,P100153,RNBX_WB_NDMM,TT2_NoThal,TT2_NoThal,0.46938,0.27457,43.39,96,4.33737,1
CHIPID1000153,P100154,RNAS_CD138_NDMM,TT5,TT5,0.18946,0.04,,95,0.73019,1
CHIPID2000153,P100154,RNBX_WB_NDMM,TT5,TT5,0.18946,0.04,11.14,95,0.73019,1
CHIPID1000154,P100155,RNAS_CD138_NDMM,TT5,TT5,0.26075,0.43008,,98,6.47916,0
CHIPID2000154,P100155,RNBX_WB_NDMM,TT5,TT5,0.26075,0.43008,6.12,98,6.47916,0
CHIPID1000159,P100160,RNAS_CD138_NDMM,TT2_Thal,TT2_Thal,0.43374,0.15967,,88,3.33245,1
CHIPID2000159,P100160,RNBX_WB_NDMM,TT2_Thal,TT2_Thal,0.43374,0.15967,43.59,88,3.33245,1
CHIPID1000161,P100162,RNAS_CD138_NDMM,TT2_Thal,TT2_Thal,0.86317,0.22137,,87,0.93041,1
CHIPID2000161,P100162,RNBX_WB_NDMM,TT2_Thal,TT2_Thal,0.86317,0.22137,10.37,87,0.93041,1
CHIPID1000167,P100168,RNAS_CD138_NDMM,TT3a,TT3a,0.45193,0.23533,,96,3.69084,1
CHIPID2000167,P100168,RNBX_WB_NDMM,TT3a,TT3a,0.45193,0.23533,23.51,96,3.69084,1
CHIPID1000170,P100171,RNAS_CD138_NDMM,TT4_S-TT3,TT4_S-TT3,0.20244,0.27852,,91,4.59098,1
CHIPID2000170,P100171,RNBX_WB_NDMM,TT4_S-TT3,TT4_S-TT3,0.20244,0.27852,49.92,91,4.59098,1
CHIPID1000172,P100173,RNAS_CD138_NDMM,TT4_S-TT3,TT4_S-TT3,0.17592,0.2506,,98,8.78596,0
CHIPID2000172,P100173,RNBX_WB_NDMM,TT4_S-TT3,TT4_S-TT3,0.17592,0.2506,6.46,98,8.78596,0
CHIPID1000175,P100176,RNAS_CD138_NDMM,TT5,TT5,0.49058,0.23706,,92,12.39667,0
CHIPID2000175,P100176,RNBX_WB_NDMM,TT5,TT5,0.49058,0.23706,31.93,92,12.39667,0
CHIPID1000177,P100178,RNAS_CD138_NDMM,TT2_NoThal,TT2_NoThal,0.83512,0.06201,,95,0.57156,0
CHIPID2000177,P100178,RNBX_WB_NDMM,TT2_NoThal,TT2_NoThal,0.83512,0.06201,43.17,95,0.57156,0
CHIPID1000179,P100180,RNAS_CD138_NDMM,TT2_Thal,TT2_Thal,0.16389,0.26926,,96,5.30831,1
CHIPID2000179,P100180,RNBX_WB_NDMM,TT2_Thal,TT2_Thal,0.16389,0.26926,14.45,96,5.30831,1
CHIPID1000183,P100184,RNAS_CD138_NDMM,TT4_S-TT3,TT4_S-TT3,0.20831,0.07079,,91,0.64953,1
CHIPID2000183,P100184,RNBX_WB_NDMM,TT4_S-TT3,TT4_S-TT3,0.20831,0.07079,11.67,91,0.64953,1
CHIPID1000185,P100186,RNAS_CD138_NDMM,TT2_Thal,TT2_Thal,0.50643,0.24035,,95,0.92056,0
CHIPID2000185,P100186,RNBX_WB_NDMM,TT2_Thal,TT2_Thal,0.50643,0.24035,57.05,95,0.92056,0
CHIPID1000186,P100187,RNAS_CD138_NDMM,TT2_Thal,TT2_Thal,0.36201,0.26892,,98,12.06894,1
CHIPID2000186,P100187,RNBX_WB_NDMM,TT2_Thal,TT2_Thal,0.36201,0.26892,40.44,98,12.06894,1
CHIPID1000187,P100188,RNAS_CD138_NDMM,TT2_Thal,TT2_Thal,0.44998,0.10173,,98,1.84226,1
CHIPID2000187,P100188,RNBX_WB_NDMM,TT2_Thal,TT2_Thal,0.44998,0.10173,55.01,98,1.84226,1
CHIPID1000188,P100189,RNAS_CD138_NDMM,TT3a,TT3a,0.37479,0.14133,,97,2.57671,0
CHIPID2000188,P100189,RNBX_WB_NDMM,TT3a,TT3a,0.37479,0.14133,51.65,97,2.57671,0
CHIPID1000189,P100190,RNAS_CD138_NDMM,TT3b,TT3b,0.26315,0.28064,,89,3.12482,0
CHIPID2000189,P100190,RNBX_WB_NDMM,TT3b,TT3b,0.26315,0.28064,18.57,89,3.12482,0
CHIPID1000193,P100194,RNAS_CD138_NDMM,TT3b,TT3b,0.42606,0.25259,,96,11.37916,1
CHIPID2000193,P100194,RNBX_WB_NDMM,TT3b,TT3b,0.42606,0.25259,6.21,96,11.37916,1
CHIPID1000199,P100200,RNAS_CD138_NDMM,TT4_S-TT3,TT4_S-TT3,0.4954,0.26012,,90,2.36404,0
CHIPID2000199,P100200,RNBX_WB_NDMM,TT4_S-TT3,TT4_S-TT3,0.4954,0.26012,36.05,90,2.36404,0
CHIPID1000205,P100206,RNAS_CD138_NDMM,TT2_NoThal,TT2_NoThal,0.82428,0.29161,,95,10.55874,1
CHIPID2000205,P100206,RNBX_WB_NDMM,TT2_NoThal,TT2_NoThal,0.82428,0.29161,55.9,95,10.55874,1
CHIPID1000207,P100208,RNAS_CD138_NDMM,TT2_Thal,TT2_Thal,0.37673,0.25069,,96,2.64325,1
CHIPID2000207,P100208,RNBX_WB_NDMM,TT2_Thal,TT2_Thal,0.37673,0.25069,24.15,96,2.64325,1
CHIPID1000208,P100209,RNAS_CD138_NDMM,TT2_NoThal,TT2_NoThal,0.3293,0.1754,,97,7.46997,1
CHIPID2000208,P100209,RNBX_WB_NDMM,TT2_NoThal,TT2_NoThal,0.3293,0.1754,21.58,97,7.46997,1
CHIPID1000210,P100211,RNAS_CD138_NDMM,TT5,TT5,0.57712,0.23351,,92,0.75758,1
CHIPID2000210,P100211,RNBX_WB_NDMM,TT5,TT5,0.57712,0.23351,45.45,92,0.75758,1
CHIPID1000218,P100219,RNAS_CD138_NDMM,TT2_NoThal,TT2_NoThal,0.29695,0.31,,97,4.23601,0
CHIPID2000218,P100219,RNBX_WB_NDMM,TT2_NoThal,TT2_NoThal,0.29695,0.31,46.83,97,4.23601,0
CHIPID1000219,P100220,RNAS_CD138_NDMM,TT5,TT5,0.79573,0.21585,,96,3.91871,0
CHIPID2000219,P100220,RNBX_WB_NDMM,TT5,TT5,0.79573,0.21585,8.99,96,3.91871,0
CHIPID1000222,P100223,RNAS_CD138_NDMM,TT5,TT5,0.30978,0.3021,,97,6.94235,0
CHIPID2000222,P100223,RNBX_WB_NDMM,TT5,TT5,0.30978,0.3021,14.55,97,6.94235,0
CHIPID1000224,P100225,RNAS_CD138_NDMM,TT2_Thal,TT2_Thal,0.87796,0.28945,,96,10.83188,0
CHIPID2000224,P100225,RNBX_WB_NDMM,TT2_Thal,TT2_Thal,0.87796,0.28945,52.65,96,10.83188,0
CHIPID1000225,P100226,RNAS_CD138_NDMM,TT3a,TT3a,0.46829,0.22207,,97,9.64569,1
CHIPID2000225,P100226,RNBX_WB_NDMM,TT3a,TT3a,0.46829,0.22207,43.26,97,9.64569,1
CHIPID1000226,P100227,RNAS_CD138_NDMM,TT2_Thal,TT2_Thal,0.2094,0.17641,,97,3.54632,0
CHIPID2000226,P100227,RNBX_WB_NDMM,TT2_Thal,TT2_Thal,0.2094,0.17641,21.27,97,3.54632,0
CHIPID1000229,P100230,RNAS_CD138_NDMM,TT3a,TT3a,0.24466,0.21644,,96,1.17004,1
CHIPID2000229,P100230,RNBX_WB_NDMM,TT3a,TT3a,0.24466,0.21644,39.82,96,1.17004,1
CHIPID1000233,P100234,RNAS_CD138_NDMM,TT3b,TT3b,0.49982,0.1478,,97,6.42737,0
CHIPID2000233,P100234,RNBX_WB_NDMM,TT3b,TT3b,0.49982,0.1478,28.91,97,6.42737,0
CHIPID1000234,P100235,RNAS_CD138_NDMM,TT4_S-TT3,TT4_S-TT3,0.38585,0.17735,,93,2.25852,0
CHIPID2000234,P100235,RNBX_WB_NDMM,TT4_S-TT3,TT4_S-TT3,0.38585,0.17735,51.04,93,2.25852,0
CHIPID1000236,P100237,RNAS_CD138_NDMM,TT2_Thal,TT2_Thal,0.4307,0.37737,,94,3.14946,0
CHIPID2000236,P100237,RNBX_WB_NDMM,TT2_Thal,TT2_Thal,0.4307,0.37737,18.59,94,3.14946,0
CHIPID1000237,P100238,RNAS_CD138_NDMM,TT5,TT5,0.39325,0.25216,,93,1.77455,0
CHIPID2000237,P100238,RNBX_WB_NDMM,TT5,TT5,0.39325,0.25216,5.57,93,1.77455,0
CHIPID1000238,P100239,RNAS_CD138_NDMM,TT3a,TT3a,0.5316,0.19061,,96,1.55144,0
CHIPID2000238,P100239,RNBX_WB_NDMM,TT3a,TT3a,0.5316,0.19061,14.66,96,1.55144,0
CHIPID1000239,P100240,RNAS_CD138_NDMM,TT3a,TT3a,0.35353,0.30889,,96,0.81132,1
CHIPID2000239,P100240,RNBX_WB_NDMM,TT3a,TT3a,0.35353,0.30889,27.83,96,0.81132,1
CHIPID1000240,P100241,RNAS_CD138_NDMM,TT2_Thal,TT2_Thal,0.31136,0.1807,,95,6.02127,0
CHIPID2000240,P100241,RNBX_WB_NDMM,TT2_Thal,TT2_Thal,0.31136,0.1807,4.35,95,6.02127,0
CHIPID1000243,P100244,RNAS_CD138_NDMM,TT4_S-TT3,TT4_S-TT3,0.89941,0.23639,,89,0.8651,1
CHIPID2000243,P100244,RNBX_WB_NDMM,TT4_S-TT3,TT4_S-TT3,0.89941,0.23639,42.73,89,0.8651,1
CHIPID1000245,P100246,RNAS_CD138_NDMM,TT3a,TT3a,0.4095,0.28226,,88,5.8437,1
CHIPID2000245,P100246,RNBX_WB_NDMM,TT3a,TT3a,0.4095,0.28226,26.33,88,5.8437,1
CHIPID1000247,P100248,RNAS_CD138_NDMM,TT5,TT5,0.58477,0.18098,,92,1.3915,1
CHIPID2000247,P100248,RNBX_WB_NDMM,TT5,TT5,0.58477,0.18098,6.46,92,1.3915,1
CHIPID1000248,P100249,RNAS_CD138_NDMM,TT2_Thal,TT2_Thal,0.41785,0.36161,,87,2.43472,1
CHIPID2000248,P100249,RNBX_WB_NDMM,TT2_Thal,TT2_Thal,0.41785,0.36161,55.08,87,2.43472,1
CHIPID1000250,P100251,RNAS_CD138_NDMM,TT2_Thal,TT2_Thal,0.31193,0.07705,,94,0.23586,1
CHIPID2000250,P100251,RNBX_WB_NDMM,TT2_Thal,TT2_Thal,0.31193,0.07705,54.62,94,0.23586,1
CHIPID1000253,P100254,RNAS_CD138_NDMM,TT4_S-TT3,TT4_S-TT3,0.57461,0.25447,,97,8.05435,0
CHIPID2000253,P100254,RNBX_WB_NDMM,TT4_S-TT3,TT4_S-TT3,0.57461,0.25447,41.08,97,8.05435,0
CHIPID1000254,P100255,RNAS_CD138_NDMM,TT4_S-TT3,TT4_S-TT3,0.31158,0.34107,,95,14.89569,0
CHIPID2000254,P100255,RNBX_WB_NDMM,TT4_S-TT3,TT4_S-TT3,0.31158,0.34107,53.59,95,14.89569,0
CHIPID1000255,P100256,RNAS_CD138_NDMM,TT2_Thal,TT2_Thal,0.55909,0.4037,,91,6.49069,0
CHIPID2000255,P100256,RNBX_WB_NDMM,TT2_Thal,TT2_Thal,0.55909,0.4037,36.84,91,6.49069,0
CHIPID1000256,P100257,RNAS_CD138_NDMM,TT2_Thal,TT2_Thal,0.24467,0.3524,,91,7.24613,0
CHIPID2000256,P100257,RNBX_WB_NDMM,TT2_Thal,TT2_Thal,0.24467,0.3524,10.34,91,7.24613,0
CHIPID1000258,P100259,RNAS_CD138_NDMM,TT2_Thal,TT2_Thal,0.31165,0.3022,,92,4.1461,1
CHIPID2000258,P100259,RNBX_WB_NDMM,TT2_Thal,TT2_Thal,0.31165,0.3022,57.36,92,4.1461,1
CHIPID1000263,P100264,RNAS_CD138_NDMM,TT4_S-TT3,TT4_S-TT3,0.50894,0.10976,,86,0.61207,1
CHIPID2000263,P100264,RNBX_WB_NDMM,TT4_S-TT3,TT4_S-TT3,0.50894,0.10976,13.87,86,0.61207,1
CHIPID1000265,P100266,RNAS_CD138_NDMM,TT4_S-TT3,TT4_S-TT3,0.29481,0.22636,,91,10.43391,0
CHIPID2000265,P100266,RNBX_WB_NDMM,TT4_S-TT3,TT4_S-TT3,0.29481,0.22636,4.95,91,10.43391,0
CHIPID1000267,P100268,RNAS_CD138_NDMM,TT3a,TT3a,0.14919,0.24962,,96,6.81642,1
CHIPID2000267,P100268,RNBX_WB_NDMM,TT3a,TT3a,0.14919,0.24962,29.61,96,6.81642,1
CHIPID1000269,P100270,RNAS_CD138_NDMM,TT2_Thal,TT2_Thal,0.30359,0.36709,,95,11.29626,0
CHIPID2000269,P100270,RNBX_WB_NDMM,TT2_Thal,TT2_Thal,0.30359,0.36709,8.63,95,11.29626,0
CHIPID1000277,P100278,RNAS_CD138_NDMM,TT5,TT5,0.53873,0.29287,,98,5.973,1
CHIPID2000277,P100278,RNBX_WB_NDMM,TT5,TT5,0.53873,0.29287,48.86,98,5.973,1
CHIPID1000280,P100281,RNAS_CD138_NDMM,TT3b,TT3b,0.5537,0.22247,,89,1.96813,0
CHIPID2000280,P100281,RNBX_WB_NDMM,TT3b,TT3b,0.5537,0.22247,13.43,89,1.96813,0
CHIPID1000285,P100286,RNAS_CD138_NDMM,TT3b,TT3b,0.19317,0.31015,,91,13.00588,0
CHIPID2000285,P100286,RNBX_WB_NDMM,TT3b,TT3b,0.19317,0.31015,32.84,91,13.00588,0
CHIPID1000286,P100287,RNAS_CD138_NDMM,TT2_NoThal,TT2_NoThal,0.56704,0.17815,,94,7.23453,1
CHIPID2000286,P100287,RNBX_WB_NDMM,TT2_NoThal,TT2_NoThal,0.56704,0.17815,38.22,94,7.23453,1
CHIPID1000287,P100288,RNAS_CD138_NDMM,TT2_Thal,TT2_Thal,0.20602,0.05769,,89,0.51636,0
CHIPID2000287,P100288,RNBX_WB_NDMM,TT2_Thal,TT2_Thal,0.20602,0.05769,36.96,89,0.51636,0
CHIPID1000288,P100289,RNAS_CD138_NDMM,TT3b,TT3b,0.2763,0.14259,,93,3.25877,1
CHIPID2000288,P100289,RNBX_WB_NDMM,TT3b,TT3b,0.2763,0.14259,4.03,93,3.25877,1
CHIPID1000289,P100290,RNAS_CD138_NDMM,TT4_S-TT3,TT4_S-TT3,0.3022,0.18865,,89,3.65102,1
CHIPID2000289,P100290,RNBX_WB_NDMM,TT4_S-TT3,TT4_S-TT3,0.3022,0.18865,31.01,89,3.65102,1
CHIPID1000290,P100291,RNAS_CD138_NDMM,TT2_Thal,TT2_Thal,0.1249,0.23157,,98,5.93792,0
CHIPID2000290,P100291,RNBX_WB_NDMM,TT2_Thal,TT2_Thal,0.1249,0.23157,31.14,98,5.93792,0
CHIPID1000292,P100293,RNAS_CD138_NDMM,TT3a,TT3a,0.16213,0.17835,,97,2.80907,1
CHIPID2000292,P100293,RNBX_WB_NDMM,TT3a,TT3a,0.16213,0.17835,32.66,97,2.80907,1
CHIPID1000293,P100294,RNAS_CD138_NDMM,TT3b,TT3b,0.43573,0.24085,,87,5.16166,1
CHIPID2000293,P100294,RNBX_WB_NDMM,TT3b,TT3b,0.43573,0.24085,29.97,87,5.16166,1
CHIPID1000294,P100295,RNAS_CD138_NDMM,TT2_NoThal,TT2_NoThal,0.18502,0.12016,,98,3.07055,1
CHIPID2000294,P100295,RNBX_WB_NDMM,TT2_NoThal,TT2_NoThal,0.18502,0.12016,19.83,98,3.07055,1
CHIPID1000296,P100297,RNAS_CD138_NDMM,TT3b,TT3b,0.19129,0.40464,,91,2.47205,0
CHIPID2000296,P100297,RNBX_WB_NDMM,TT3b,TT3b,0.19129,0.40464,31.47,91,2.47205,0
CHIPID1000297,P100298,RNAS_CD138_NDMM,TT2_Thal,TT2_Thal,0.52108,0.2835,,90,8.67903,1
CHIPID2000297,P100298,RNBX_WB_NDMM,TT2_Thal,TT2_Thal,0.52108,0.2835,20.82,90,8.67903,1
CHIPID1000299,P100300,RNAS_CD138_NDMM,TT3b,TT3b,0.81021,0.21219,,94,1.58443,1
CHIPID2000299,P100300,RNBX_WB_NDMM,TT3b,TT3b,0.81021,0.21219,34.88,94,1.58443,1
CHIPID1000300,P100301,RNAS_CD138_NDMM,TT2_Thal,TT2_Thal,0.18187,0.28095,,91,11.18117,0
CHIPID2000300,P100301,RNBX_WB_NDMM,TT2_Thal,TT2_Thal,0.18187,0.28095,12.38,91,11.18117,0
CHIPID1000301,P100302,RNAS_CD138_NDMM,TT2_NoThal,TT2_NoThal,0.75094,0.10502,,93,1.06523,1
CHIPID2000301,P100302,RNBX_WB_NDMM,TT2_NoThal,TT2_NoThal,0.75094,0.10502,5.68,93,1.06523,1
CHIPID1000302,P100303,RNAS_CD138_NDMM,TT2_NoThal,TT2_NoThal,0.25474,0.18015,,86,1.68745,0
CHIPID2000302,P100303,RNBX_WB_NDMM,TT2_NoThal,TT2_NoThal,0.25474,0.18015,21.83,86,1.68745,0
CHIPID1000304,P100305,RNAS_CD138_NDMM,TT3b,TT3b,0.17473,0.16763,,92,7.53867,0
CHIPID2000304,P100305,RNBX_WB_NDMM,TT3b,TT3b,0.17473,0.16763,20.12,92,7.53867,0
CHIPID1000305,P100306,RNAS_CD138_NDMM,TT3a,TT3a,0.41428,0.07758,,93,3.70076,1
CHIPID2000305,P100306,RNBX_WB_NDMM,TT3a,TT3a,0.41428,0.07758,7.05,93,3.70076,1
CHIPID1000307,P100308,RNAS_CD138_NDMM,TT3a,TT3a,0.5231,0.27233,,96,8.10008,0
CHIPID2000307,P100308,RNBX_WB_NDMM,TT3a,TT3a,0.5231,0.27233,23.96,96,8.10008,0
CHIPID1000309,P100310,RNAS_CD138_NDMM,TT2_NoThal,TT2_NoThal,0.32172,0.34252,,92,1.34804,1
CHIPID2000309,P100310,RNBX_WB_NDMM,TT2_NoThal,TT2_NoThal,0.32172,0.34252,37.03,92,1.34804,1
CHIPID1000310,P100311,RNAS_CD138_NDMM,TT2_Thal,TT2_Thal,0.22894,0.26697,,95,0.63264,1
CHIPID2000310,P100311,RNBX_WB_NDMM,TT2_Thal,TT2_Thal,0.22894,0.26697,37.93,95,0.63264,1
CHIPID1000311,P100312,RNAS_CD138_NDMM,TT2_NoThal,TT2_NoThal,0.34762,0.14907,,93,1.67997,1
CHIPID2000311,P100312,RNBX_WB_NDMM,TT2_NoThal,TT2_NoThal,0.34762,0.14907,15.25,93,1.67997,1
CHIPID1000316,P100317,RNAS_CD138_NDMM,TT4_S-TT3,TT4_S-TT3,0.32918,0.20658,,87,4.63157,1
CHIPID2000316,P100317,RNBX_WB_NDMM,TT4_S-TT3,TT4_S-TT3,0.32918,0.20658,21.1,87,4.63157,1
CHIPID1000317,P100318,RNAS_CD138_NDMM,TT2_NoThal,TT2_NoThal,0.37742,0.18034,,96,1.20566,1
CHIPID2000317,P100318,RNBX_WB_NDMM,TT2_NoThal,TT2_NoThal,0.37742,0.18034,32.98,96,1.20566,1
CHIPID1000319,P100320,RNAS_CD138_NDMM,TT4_S-TT3,TT4_S-TT3,0.42755,0.15362,,95,13.45905,0
CHIPID2000319,P100320,RNBX_WB_NDMM,TT4_S-TT3,TT4_S-TT3,0.42755,0.15362,3.9,95,13.45905,0
CHIPID1000322,P100323,RNAS_CD138_NDMM,TT2_NoThal,TT2_NoThal,0.30698,0.1909,,89,1.48941,1
CHIPID2000322,P100323,RNBX_WB_NDMM,TT2_NoThal,TT2_NoThal,0.30698,0.1909,5.71,89,1.48941,1
CHIPID1000325,P100326,RNAS_CD138_NDMM,TT3b,TT3b,0.86895,0.2386,,96,9.08532,0
CHIPID2000325,P100326,RNBX_WB_NDMM,TT3b,TT3b,0.86895,0.2386,18.64,96,9.08532,0
CHIPID1000327,P100328,RNAS_CD138_NDMM,TT3b,TT3b,0.57761,0.35573,,97,1.11057,0
CHIPID2000327,P100328,RNBX_WB_NDMM,TT3b,TT3b,0.57761,0.35573,44.38,97,1.11057,0
CHIPID1000328,P100329,RNAS_CD138_NDMM,TT3a,TT3a,0.17999,0.27437,,91,1.40339,1
CHIPID2000328,P100329,RNBX_WB_NDMM,TT3a,TT3a,0.17999,0.27437,55.99,91,1.40339,1
CHIPID1000330,P100331,RNAS_CD138_NDMM,TT2_NoThal,TT2_NoThal,0.13573,0.46422,,95,13.39692,0
CHIPID2000330,P100331,RNBX_WB_NDMM,TT2_NoThal,TT2_NoThal,0.13573,0.46422,45.18,95,13.39692,0
CHIPID1000331,P100332,RNAS_CD138_NDMM,TT2_NoThal,TT2_NoThal,0.81998,0.14081,,96,2.84593,1
CHIPID2000331,P100332,RNBX_WB_NDMM,TT2_NoThal,TT2_NoThal,0.81998,0.14081,32.66,96,2.84593,1
CHIPID1000333,P100334,RNAS_CD138_NDMM,TT2_NoThal,TT2_NoThal,0.18432,0.34768,,96,1.38262,0
CHIPID2000333,P100334,RNBX_WB_NDMM,TT2_NoThal,TT2_NoThal,0.18432,0.34768,25.11,96,1.38262,0
CHIPID1000334,P100335,RNAS_CD138_NDMM,TT2_Thal,TT2_Thal,0.13618,0.29024,,87,3.33168,1
CHIPID2000334,P100335,RNBX_WB_NDMM,TT2_Thal,TT2_Thal,0.13618,0.29024,30.34,87,3.33168,1
CHIPID1000335,P100336,RNAS_CD138_NDMM,TT2_NoThal,TT2_NoThal,0.86075,0.04,,92,6.9801,1
CHIPID2000335,P100336,RNBX_WB_NDMM,TT2_NoThal,TT2_NoThal,0.86075,0.04,33.75,92,6.9801,1
CHIPID1000336,P100337,RNAS_CD138_NDMM,TT2_Thal,TT2_Thal,0.35206,0.1263,,97,9.13124,1
CHIPID2000336,P100337,RNBX_WB_NDMM,TT2_Thal,TT2_Thal,0.35206,0.1263,10.97,97,9.13124,1
CHIPID1000339,P100340,RNAS_CD138_NDMM,TT4_S-TT3,TT4_S-TT3,0.35222,0.04,,95,4.37907,0
CHIPID2000339,P100340,RNBX_WB_NDMM,TT4_S-TT3,TT4_S-TT3,0.35222,0.04,17.65,95,4.37907,0
CHIPID1000345,P100346,RNAS_CD138_NDMM,TT3b,TT3b,0.53437,0.19985,,98,3.14078,1
CHIPID2000345,P100346,RNBX_WB_NDMM,TT3b,TT3b,0.53437,0.19985,53.87,98,3.14078,1
CHIPID1000346,P100347,RNAS_CD138_NDMM,TT2_Thal,TT2_Thal,0.23482,0.23633,,96,8.03537,1
CHIPID2000346,P100347,RNBX_WB_NDMM,TT2_Thal,TT2_Thal,0.23482,0.23633,56.06,96,8.03537,1
CHIPID1000347,P100348,RNAS_CD138_NDMM,TT2_Thal,TT2_Thal,0.43505,0.35292,,88,3.67721,0
CHIPID2000347,P100348,RNBX_WB_NDMM,TT2_Thal,TT2_Thal,0.43505,0.35292,38.19,88,3.67721,0
CHIPID1000350,P100351,RNAS_CD138_NDMM,TT4_S-TT3,TT4_S-TT3,0.55319,0.25538,,90,12.90221,0
CHIPID2000350,P100351,RNBX_WB_NDMM,TT4_S-TT3,TT4_S-TT3,0.55319,0.25538,25.14,90,12.90221,0
CHIPID1000353,P100354,RNAS_CD138_NDMM,TT3a,TT3a,0.16986,0.31282,,96,2.86082,1
CHIPID2000353,P100354,RNBX_WB_NDMM,TT3a,TT3a,0.16986,0.31282,27.15,96,2.86082,1
CHIPID1000357,P100358,RNAS_CD138_NDMM,TT3b,TT3b,0.17506,0.31931,,97,10.13892,0
CHIPID2000357,P100358,RNBX_WB_NDMM,TT3b,TT3b,0.17506,0.31931,37.47,97,10.13892,0
CHIPID1000360,P100361,RNAS_CD138_NDMM,TT5,TT5,0.33438,0.06483,,93,13.45562,0
CHIPID2000360,P100361,RNBX_WB_NDMM,TT5,TT5,0.33438,0.06483,26.21,93,13.45562,0
CHIPID1000363,P100364,RNAS_CD138_NDMM,TT3b,TT3b,0.24425,0.27098,,97,3.06679,1
CHIPID2000363,P100364,RNBX_WB_NDMM,TT3b,TT3b,0.24425,0.27098,24,97,3.06679,1
CHIPID1000365,P100366,RNAS_CD138_NDMM,TT3b,TT3b,0.59535,0.27028,,91,2.55252,1
CHIPID2000365,P100366,RNBX_WB_NDMM,TT3b,TT3b,0.59535,0.27028,33.39,91,2.55252,1
CHIPID1000367,P100368,RNAS_CD138_NDMM,TT3b,TT3b,0.83381,0.19497,,87,5.12213,0
CHIPID2000367,P100368,RNBX_WB_NDMM,TT3b,TT3b,0.83381,0.19497,7.18,87,5.12213,0
CHIPID1000368,P100369,RNAS_CD138_NDMM,TT2_NoThal,TT2_NoThal,0.12971,0.23826,,97,8.27478,1
CHIPID2000368,P100369,RNBX_WB_NDMM,TT2_NoThal,TT2_NoThal,0.12971,0.23826,27.48,97,8.27478,1
CHIPID1000369,P100370,RNAS_CD138_NDMM,TT3b,TT3b,0.41087,0.2399,,87,2.63336,0
CHIPID2000369,P100370,RNBX_WB_NDMM,TT3b,TT3b,0.41087,0.2399,41.02,87,2.63336,0
CHIPID1000370,P100371,RNAS_CD138_NDMM,TT2_Thal,TT2_Thal,0.43998,0.19866,,87,1.5404,1
CHIPID2000370,P100371,RNBX_WB_NDMM,TT2_Thal,TT2_Thal,0.43998,0.19866,35.04,87,1.5404,1
CHIPID1000371,P100372,RNAS_CD138_NDMM,TT2_NoThal,TT2_NoThal,0.15471,0.10605,,89,0.65684,1
CHIPID2000371,P100372,RNBX_WB_NDMM,TT2_NoThal,TT2_NoThal,0.15471,0.10605,52.87,89,0.65684,1
CHIPID1000372,P100373,RNAS_CD138_NDMM,TT5,TT5,0.18091,0.16094,,92,7.7914,0
CHIPID2000372,P100373,RNBX_WB_NDMM,TT5,TT5,0.18091,0.16094,41.48,92,7.7914,0
CHIPID1000376,P100377,RNAS_CD138_NDMM,TT4_S-TT3,TT4_S-TT3,0.48441,0.17078,,90,4.24835,1
CHIPID2000376,P100377,RNBX_WB_NDMM,TT4_S-TT3,TT4_S-TT3,0.48441,0.17078,16.71,90,4.24835,1
CHIPID1000377,P100378,RNAS_CD138_NDMM,TT2_NoThal,TT2_NoThal,0.86902,0.14859,,95,2.70748,1
CHIPID2000377,P100378,RNBX_WB_NDMM,TT2_NoThal,TT2_NoThal,0.86902,0.14859,14.39,95,2.70748,1
CHIPID1000381,P100382,RNAS_CD138_NDMM,TT2_Thal,TT2_Thal,0.82998,0.33661,,98,2.7958,0
CHIPID2000381,P100382,RNBX_WB_NDMM,TT2_Thal,TT2_Thal,0.82998,0.33661,32.72,98,2.7958,0
CHIPID1000383,P100384,RNAS_CD138_NDMM,TT2_Thal,TT2_Thal,0.13172,0.10465,,90,0.30425,1
CHIPID2000383,P100384,RNBX_WB_NDMM,TT2_Thal,TT2_Thal,0.13172,0.10465,31.9,90,0.30425,1
CHIPID1000388,P100389,RNAS_CD138_NDMM,TT2_NoThal,TT2_NoThal,0.38966,0.11527,,91,1.26508,1
CHIPID2000388,P100389,RNBX_WB_NDMM,TT2_NoThal,TT2_NoThal,0.38966,0.11527,26.49,91,1.26508,1
CHIPID1000389,P100390,RNAS_CD138_NDMM,TT3a,TT3a,0.50501,0.16642,,95,0.61734,1
CHIPID2000389,P100390,RNBX_WB_NDMM,TT3a,TT3a,0.50501,0.16642,20.77,95,0.61734,1
CHIPID1000393,P100394,RNAS_CD138_NDMM,TT2_NoThal,TT2_NoThal,0.18415,0.30448,,96,5.04853,1
CHIPID2000393,P100394,RNBX_WB_NDMM,TT2_NoThal,TT2_NoThal,0.18415,0.30448,17.75,96,5.04853,1
CHIPID1000394,P100395,RNAS_CD138_NDMM,TT2_Thal,TT2_Thal,0.4626,0.2246,,89,1.42162,1
CHIPID2000394,P100395,RNBX_WB_NDMM,TT2_Thal,TT2_Thal,0.4626,0.2246,52.82,89,1.42162,1
CHIPID1000396,P100397,RNAS_CD138_NDMM,TT2_Thal,TT2_Thal,0.21139,0.25677,,98,2.74035,0
CHIPID2000396,P100397,RNBX_WB_NDMM,TT2_Thal,TT2_Thal,0.21139,0.25677,5.49,98,2.74035,0
CHIPID1000397,P100398,RNAS_CD138_NDMM,TT5,TT5,0.31975,0.20956,,88,5.5207,0
CHIPID2000397,P100398,RNBX_WB_NDMM,TT5,TT5,0.31975,0.20956,32.26,88,5.5207,0
CHIPID1000401,P100402,RNAS_CD138_NDMM,TT4_S-TT3,TT4_S-TT3,0.56383,0.26074,,90,9.28807,0
CHIPID2000401,P100402,RNBX_WB_NDMM,TT4_S-TT3,TT4_S-TT3,0.56383,0.26074,47.96,90,9.28807,0
CHIPID1000402,P100403,RNAS_CD138_NDMM,TT4_S-TT3,TT4_S-TT3,0.58152,0.32273,,98,9.82739,0
CHIPID2000402,P100403,RNBX_WB_NDMM,TT4_S-TT3,TT4_S-TT3,0.58152,0.32273,33.62,98,9.82739,0
CHIPID1000405,P100406,RNAS_CD138_NDMM,TT5,TT5,0.76173,0.40482,,86,3.63021,1
CHIPID2000405,P100406,RNBX_WB_NDMM,TT5,TT5,0.76173,0.40482,33.29,86,3.63021,1
CHIPID1000407,P100408,RNAS_CD138_NDMM,TT4_S-TT3,TT4_S-TT3,0.16029,0.23108,,98,0.72564,0
CHIPID2000407,P100408,RNBX_WB_NDMM,TT4_S-TT3,TT4_S-TT3,0.16029,0.23108,6.68,98,0.72564,0
CHIPID1000408,P100409,RNAS_CD138_NDMM,TT3a,TT3a,0.77726,0.37473,,90,1.95312,1
CHIPID2000408,P100409,RNBX_WB_NDMM,TT3a,TT3a,0.77726,0.37473,17.12,90,1.95312,1
CHIPID1000410,P100411,RNAS_CD138_NDMM,TT4_S-TT3,TT4_S-TT3,0.36454,0.32374,,98,5.75412,0
CHIPID2000410,P100411,RNBX_WB_NDMM,TT4_S-TT3,TT4_S-TT3,0.36454,0.32374,8.3,98,5.75412,0
CHIPID1000411,P100412,RNAS_CD138_NDMM,TT2_NoThal,TT2_NoThal,0.40245,0.31291,,91,1.51757,1
CHIPID2000411,P100412,RNBX_WB_NDMM,TT2_NoThal,TT2_NoThal,0.40245,0.31291,50.95,91,1.51757,1
CHIPID1000414,P100415,RNAS_CD138_NDMM,TT2_NoThal,TT2_NoThal,0.1421,0.27223,,88,2.93694,1
CHIPID2000414,P100415,RNBX_WB_NDMM,TT2_NoThal,TT2_NoThal,0.1421,0.27223,43.7,88,2.93694,1
CHIPID1000415,P100416,RNAS_CD138_NDMM,TT4_S-TT3,TT4_S-TT3,0.27248,0.20277,,95,5.75665,0
CHIPID2000415,P100416,RNBX_WB_NDMM,TT4_S-TT3,TT4_S-TT3,0.27248,0.20277,39.95,95,5.75665,0
CHIPID1000417,P100418,RNAS_CD138_NDMM,TT3a,TT3a,0.72099,0.3303,,98,10.68788,0
CHIPID2000417,P100418,RNBX_WB_NDMM,TT3a,TT3a,0.72099,0.3303,15.44,98,10.68788,0
CHIPID1000418,P100419,RNAS_CD138_NDMM,TT4_S-TT3,TT4_S-TT3,0.88151,0.3483,,98,8.35396,0
CHIPID2000418,P100419,RNBX_WB_NDMM,TT4_S-TT3,TT4_S-TT3,0.88151,0.3483,29.55,98,8.35396,0
CHIPID1000419,P100420,RNAS_CD138_NDMM,TT5,TT5,0.54371,0.21397,,95,5.9646,1
CHIPID2000419,P100420,RNBX_WB_NDMM,TT5,TT5,0.54371,0.21397,29.06,95,5.9646,1
CHIPID1000421,P100422,RNAS_CD138_NDMM,TT2_NoThal,TT2_NoThal,0.83074,0.23295,,98,0.61014,1
CHIPID2000421,P100422,RNBX_WB_NDMM,TT2_NoThal,TT2_NoThal,0.83074,0.23295,21.75,98,0.61014,1
CHIPID1000422,P100423,RNAS_CD138_NDMM,TT5,TT5,0.81836,0.14912,,90,2.46508,1
CHIPID2000422,P100423,RNBX_WB_NDMM,TT5,TT5,0.81836,0.14912,48.53,90,2.46508,1
CHIPID1000424,P100425,RNAS_CD138_NDMM,TT3b,TT3b,0.18706,0.26825,,97,0.97462,0
CHIPID2000424,P100425,RNBX_WB_NDMM,TT3b,TT3b,0.18706,0.26825,19.82,97,0.97462,0
CHIPID1000425,P100426,RNAS_CD138_NDMM,TT4_S-TT3,TT4_S-TT3,0.13763,0.09125,,97,1.73101,1
CHIPID2000425,P100426,RNBX_WB_NDMM,TT4_S-TT3,TT4_S-TT3,0.13763,0.09125,45.19,97,1.73101,1
CHIPID1000426,P100427,RNAS_CD138_NDMM,TT2_NoThal,TT2_NoThal,0.37261,0.33296,,92,9.37977,0
CHIPID2000426,P100427,RNBX_WB_NDMM,TT2_NoThal,TT2_NoThal,0.37261,0.33296,24.03,92,9.37977,0
CHIPID1000427,P100428,RNAS_CD138_NDMM,TT3a,TT3a,0.52878,0.23987,,95,3.50534,1
CHIPID2000427,P100428,RNBX_WB_NDMM,TT3a,TT3a,0.52878,0.23987,34.44,95,3.50534,1
CHIPID1000428,P100429,RNAS_CD138_NDMM,TT3a,TT3a,0.16083,0.24918,,94,14.0379,0
CHIPID2000428,P100429,RNBX_WB_NDMM,TT3a,TT3a,0.16083,0.24918,28.93,94,14.0379,0
CHIPID1000429,P100430,RNAS_CD138_NDMM,TT4_S-TT3,TT4_S-TT3,0.79869,0.15837,,96,2.01541,0
CHIPID2000429,P100430,RNBX_WB_NDMM,TT4_S-TT3,TT4_S-TT3,0.79869,0.15837,49.06,96,2.01541,0
CHIPID1000430,P100431,RNAS_CD138_NDMM,TT2_NoThal,TT2_NoThal,0.27879,0.15488,,98,10.78162,1
CHIPID2000430,P100431,RNBX_WB_NDMM,TT2_NoThal,TT2_NoThal,0.27879,0.15488,16.62,98,10.78162,1
CHIPID1000431,P100432,RNAS_CD138_NDMM,TT2_Thal,TT2_Thal,0.15211,0.11731,,90,4.95603,0
CHIPID2000431,P100432,RNBX_WB_NDMM,TT2_Thal,TT2_Thal,0.15211,0.11731,52.33,90,4.95603,0
CHIPID1000432,P100433,RNAS_CD138_NDMM,TT4_S-TT3,TT4_S-TT3,0.5714,0.27835,,95,1.27666,0
CHIPID2000432,P100433,RNBX_WB_NDMM,TT4_S-TT3,TT4_S-TT3,0.5714,0.27835,24.03,95,1.27666,0
CHIPID1000434,P100435,RNAS_CD138_NDMM,TT3a,TT3a,0.45362,0.37118,,89,0.78433,1
CHIPID2000434,P100435,RNBX_WB_NDMM,TT3a,TT3a,0.45362,0.37118,6.05,89,0.78433,1
CHIPID1000436,P100437,RNAS_CD138_NDMM,TT2_NoThal,TT2_NoThal,0.19123,0.17726,,95,7.73302,1
CHIPID2000436,P100437,RNBX_WB_NDMM,TT2_NoThal,TT2_NoThal,0.19123,0.17726,45.69,95,7.73302,1
CHIPID1000437,P100438,RNAS_CD138_NDMM,TT5,TT5,0.39195,0.15577,,92,10.23673,0
CHIPID2000437,P100438,RNBX_WB_NDMM,TT5,TT5,0.39195,0.15577,20.45,92,10.23673,0
CHIPID1000440,P100441,RNAS_CD138_NDMM,TT5,TT5,0.44774,0.25319,,98,1.71885,1
CHIPID2000440,P100441,RNBX_WB_NDMM,TT5,TT5,0.44774,0.25319,12.85,98,1.71885,1
CHIPID1000443,P100444,RNAS_CD138_NDMM,TT4_S-TT3,TT4_S-TT3,0.33099,0.26563,,94,10.18441,0
CHIPID2000443,P100444,RNBX_WB_NDMM,TT4_S-TT3,TT4_S-TT3,0.33099,0.26563,36,94,10.18441,0
CHIPID1000444,P100445,RNAS_CD138_NDMM,TT3b,TT3b,0.21764,0.13549,,90,0.87298,1
CHIPID2000444,P100445,RNBX_WB_NDMM,TT3b,TT3b,0.21764,0.13549,13.68,90,0.87298,1
CHIPID1000445,P100446,RNAS_CD138_NDMM,TT5,TT5,0.46851,0.29587,,98,4.6711,0
CHIPID2000445,P100446,RNBX_WB_NDMM,TT5,TT5,0.46851,0.29587,22.15,98,4.6711,0
CHIPID1000447,P100448,RNAS_CD138_NDMM,TT2_NoThal,TT2_NoThal,0.30632,0.1941,,98,5.82401,0
CHIPID2000447,P100448,RNBX_WB_NDMM,TT2_NoThal,TT2_NoThal,0.30632,0.1941,45.71,98,5.82401,0
CHIPID1000449,P100450,RNAS_CD138_NDMM,TT2_NoThal,TT2_NoThal,0.14335,0.19238,,96,11.40211,0
CHIPID2000449,P100450,RNBX_WB_NDMM,TT2_NoThal,TT2_NoThal,0.14335,0.19238,27.89,96,11.40211,0
CHIPID1000451,P100452,RNAS_CD138_NDMM,TT4_S-TT3,TT4_S-TT3,0.35933,0.24149,,87,0.90612,1
CHIPID2000451,P100452,RNBX_WB_NDMM,TT4_S-TT3,TT4_S-TT3,0.35933,0.24149,24.95,87,0.90612,1
CHIPID1000452,P100453,RNAS_CD138_NDMM,TT4_S-TT3,TT4_S-TT3,0.87348,0.24862,,92,0.71098,1
CHIPID2000452,P100453,RNBX_WB_NDMM,TT4_S-TT3,TT4_S-TT3,0.87348,0.24862,44.22,92,0.71098,1
CHIPID1000453,P100454,RNAS_CD138_NDMM,TT5,TT5,0.1524,0.2376,,91,13.88112,0
CHIPID2000453,P100454,RNBX_WB_NDMM,TT5,TT5,0.1524,0.2376,51.84,91,13.88112,0
CHIPID1000454,P100455,RNAS_CD138_NDMM,TT3b,TT3b,0.89675,0.23055,,94,0.23897,1
CHIPID2000454,P100455,RNBX_WB_NDMM,TT3b,TT3b,0.89675,0.23055,3.87,94,0.23897,1
CHIPID1000455,P100456,RNAS_CD138_NDMM,TT2_NoThal,TT2_NoThal,0.12013,0.41095,,96,15.26634,0
CHIPID2000455,P100456,RNBX_WB_NDMM,TT2_NoThal,TT2_NoThal,0.12013,0.41095,18.85,96,15.26634,0
CHIPID1000456,P100457,RNAS_CD138_NDMM,TT2_Thal,TT2_Thal,0.80448,0.40371,,89,13.86565,0
CHIPID2000456,P100457,RNBX_WB_NDMM,TT2_Thal,TT2_Thal,0.80448,0.40371,25.88,89,13.86565,0
CHIPID1000457,P100458,RNAS_CD138_NDMM,TT4_S-TT3,TT4_S-TT3,0.53018,0.29491,,91,11.00652,0
CHIPID2000457,P100458,RNBX_WB_NDMM,TT4_S-TT3,TT4_S-TT3,0.53018,0.29491,30.87,91,11.00652,0
CHIPID1000460,P100461,RNAS_CD138_NDMM,TT3a,TT3a,0.16851,0.4119,,92,3.46555,0
CHIPID2000460,P100461,RNBX_WB_NDMM,TT3a,TT3a,0.16851,0.4119,43.8,92,3.46555,0
CHIPID1000461,P100462,RNAS_CD138_NDMM,TT3a,TT3a,0.29138,0.0447,,89,2.49567,1
CHIPID2000461,P100462,RNBX_WB_NDMM,TT3a,TT3a,0.29138,0.0447,29.2,89,2.49567,1
CHIPID1000465,P100466,RNAS_CD138_NDMM,TT2_NoThal,TT2_NoThal,0.46944,0.10691,,88,4.48876,1
CHIPID2000465,P100466,RNBX_WB_NDMM,TT2_NoThal,TT2_NoThal,0.46944,0.10691,32.12,88,4.48876,1
CHIPID1000468,P100469,RNAS_CD138_NDMM,TT3b,TT3b,0.5006,0.13389,,91,5.74631,0
CHIPID2000468,P100469,RNBX_WB_NDMM,TT3b,TT3b,0.5006,0.13389,42.07,91,5.74631,0
CHIPID1000469,P100470,RNAS_CD138_NDMM,TT5,TT5,0.187,0.25632,,86,0.58883,0
CHIPID2000469,P100470,RNBX_WB_NDMM,TT5,TT5,0.187,0.25632,55.29,86,0.58883,0
CHIPID1000470,P100471,RNAS_CD138_NDMM,TT2_NoThal,TT2_NoThal,0.20144,0.04,,96,9.59935,1
CHIPID2000470,P100471,RNBX_WB_NDMM,TT2_NoThal,TT2_NoThal,0.20144,0.04,37.9,96,9.59935,1
CHIPID1000472,P100473,RNAS_CD138_NDMM,TT5,TT5,0.55884,0.28905,,91,7.51468,0
CHIPID2000472,P100473,RNBX_WB_NDMM,TT5,TT5,0.55884,0.28905,51.26,91,7.51468,0
CHIPID1000473,P100474,RNAS_CD138_NDMM,TT5,TT5,0.54246,0.19481,,89,2.16878,0
CHIPID2000473,P100474,RNBX_WB_NDMM,TT5,TT5,0.54246,0.19481,16.97,89,2.16878,0
CHIPID1000476,P100477,RNAS_CD138_NDMM,TT3b,TT3b,0.34814,0.25582,,93,3.03091,1
CHIPID2000476,P100477,RNBX_WB_NDMM,TT3b,TT3b,0.34814,0.25582,41.27,93,3.03091,1
CHIPID1000478,P100479,RNAS_CD138_NDMM,TT5,TT5,0.25281,0.04,,97,1.41723,1
CHIPID2000478,P100479,RNBX_WB_NDMM,TT5,TT5,0.25281,0.04,19.88,97,1.41723,1
CHIPID1000479,P100480,RNAS_CD138_NDMM,TT3b,TT3b,0.50434,0.23707,,86,12.01147,0
CHIPID2000479,P100480,RNBX_WB_NDMM,TT3b,TT3b,0.50434,0.23707,16.67,86,12.01147,0
CHIPID1000480,P100481,RNAS_CD138_NDMM,TT2_Thal,TT2_Thal,0.27876,0.37293,,92,1.92279,1
CHIPID2000480,P100481,RNBX_WB_NDMM,TT2_Thal,TT2_Thal,0.27876,0.37293,34.36,92,1.92279,1
CHIPID1000486,P100487,RNAS_CD138_NDMM,TT3b,TT3b,0.57466,0.24334,,90,1.05278,0
CHIPID2000486,P100487,RNBX_WB_NDMM,TT3b,TT3b,0.57466,0.24334,49.46,90,1.05278,0
CHIPID1000490,P100491,RNAS_CD138_NDMM,TT4_S-TT3,TT4_S-TT3,0.4129,0.20936,,95,4.67732,0
CHIPID2000490,P100491,RNBX_WB_NDMM,TT4_S-TT3,TT4_S-TT3,0.4129,0.20936,53.18,95,4.67732,0
CHIPID1000493,P100494,RNAS_CD138_NDMM,TT3a,TT3a,0.16023,0.28664,,89,8.26469,1
CHIPID2000493,P100494,RNBX_WB_NDMM,TT3a,TT3a,0.16023,0.28664,45.59,89,8.26469,1
CHIPID1000494,P100495,RNAS_CD138_NDMM,TT2_NoThal,TT2_NoThal,0.39962,0.2341,,98,0.98047,0
CHIPID2000494,P100495,RNBX_WB_NDMM,TT2_NoThal,TT2_NoThal,0.39962,0.2341,27.92,98,0.98047,0
CHIPID1000495,P100496,RNAS_CD138_NDMM,TT3b,TT3b,0.29677,0.27684,,98,6.94114,0
CHIPID2000495,P100496,RNBX_WB_NDMM,TT3b,TT3b,0.29677,0.27684,54.36,98,6.94114,0
CHIPID1000496,P100497,RNAS_CD138_NDMM,TT4_S-TT3,TT4_S-TT3,0.34298,0.10313,,88,3.062,1
CHIPID2000496,P100497,RNBX_WB_NDMM,TT4_S-TT3,TT4_S-TT3,0.34298,0.10313,55.6,88,3.062,1
CHIPID1000498,P100499,RNAS_CD138_NDMM,TT3b,TT3b,0.22782,0.45652,,98,15.14255,0
CHIPID2000498,P100499,RNBX_WB_NDMM,TT3b,TT3b,0.22782,0.45652,36.85,98,15.14255,0
CHIPID1000501,P100502,RNAS_CD138_NDMM,TT2_Thal,TT2_Thal,0.21144,0.18758,,92,9.34816,0
CHIPID2000501,P100502,RNBX_WB_NDMM,TT2_Thal,TT2_Thal,0.21144,0.18758,45.32,92,9.34816,0
CHIPID1000504,P100505,RNAS_CD138_NDMM,TT3a,TT3a,0.41944,0.26811,,95,7.76308,0
CHIPID2000504,P100505,RNBX_WB_NDMM,TT3a,TT3a,0.41944,0.26811,46.32,95,7.76308,0
CHIPID1000505,P100506,RNAS_CD138_NDMM,TT2_Thal,TT2_Thal,0.26039,0.45665,,92,4.14693,1
CHIPID2000505,P100506,RNBX_WB_NDMM,TT2_Thal,TT2_Thal,0.26039,0.45665,13.37,92,4.14693,1
CHIPID1000506,P100507,RNAS_CD138_NDMM,TT4_S-TT3,TT4_S-TT3,0.8506,0.16837,,95,4.78287,0
CHIPID2000506,P100507,RNBX_WB_NDMM,TT4_S-TT3,TT4_S-TT3,0.8506,0.16837,6.35,95,4.78287,0
CHIPID1000507,P100508,RNAS_CD138_NDMM,TT4_S-TT3,TT4_S-TT3,0.21837,0.33901,,95,3.17174,0
CHIPID2000507,P100508,RNBX_WB_NDMM,TT4_S-TT3,TT4_S-TT3,0.21837,0.33901,4.32,95,3.17174,0
CHIPID1000510,P100511,RNAS_CD138_NDMM,TT5,TT5,0.21379,0.29685,,96,0.68249,0
CHIPID2000510,P100511,RNBX_WB_NDMM,TT5,TT5,0.21379,0.29685,7.06,96,0.68249,0
CHIPID1000511,P100512,RNAS_CD138_NDMM,TT2_NoThal,TT2_NoThal,0.38447,0.24277,,98,9.87384,1
CHIPID2000511,P100512,RNBX_WB_NDMM,TT2_NoThal,TT2_NoThal,0.38447,0.24277,45.72,98,9.87384,1
CHIPID1000512,P100513,RNAS_CD138_NDMM,TT5,TT5,0.77129,0.29649,,95,7.93813,1
CHIPID2000512,P100513,RNBX_WB_NDMM,TT5,TT5,0.77129,0.29649,46.72,95,7.93813,1
CHIPID1000514,P100515,RNAS_CD138_NDMM,TT3a,TT3a,0.84464,0.31501,,86,6.34526,1
CHIPID2000514,P100515,RNBX_WB_NDMM,TT3a,TT3a,0.84464,0.31501,28.07,86,6.34526,1
CHIPID1000515,P100516,RNAS_CD138_NDMM,TT2_NoThal,TT2_NoThal,0.19314,0.15786,,96,0.90827,0
CHIPID2000515,P100516,RNBX_WB_NDMM,TT2_NoThal,TT2_NoThal,0.19314,0.15786,14.11,96,0.90827,0
CHIPID1000518,P100519,RNAS_CD138_NDMM,TT2_Thal,TT2_Thal,0.21593,0.17505,,92,7.78191,0
CHIPID2000518,P100519,RNBX_WB_NDMM,TT2_Thal,TT2_Thal,0.21593,0.17505,18.03,92,7.78191,0
CHIPID1000520,P100521,RNAS_CD138_NDMM,TT5,TT5,0.40842,0.40281,,91,6.39325,0
CHIPID2000520,P100521,RNBX_WB_NDMM,TT5,TT5,0.40842,0.40281,50.35,91,6.39325,0
CHIPID1000521,P100522,RNAS_CD138_NDMM,TT4_S-TT3,TT4_S-TT3,0.21495,0.19877,,96,7.50944,0
CHIPID2000521,P100522,RNBX_WB_NDMM,TT4_S-TT3,TT4_S-TT3,0.21495,0.19877,14.21,96,7.50944,0
CHIPID1000522,P100523,RNAS_CD138_NDMM,TT3b,TT3b,0.73637,0.34069,,86,5.85234,1
CHIPID2000522,P100523,RNBX_WB_NDMM,TT3b,TT3b,0.73637,0.34069,18.42,86,5.85234,1
CHIPID1000524,P100525,RNAS_CD138_NDMM,TT3a,TT3a,0.54722,0.16688,,95,2.22321,1
CHIPID2000524,P100525,RNBX_WB_NDMM,TT3a,TT3a,0.54722,0.16688,37.1,95,2.22321,1
CHIPID1000525,P100526,RNAS_CD138_NDMM,TT4_S-TT3,TT4_S-TT3,0.52841,0.39386,,86,4.00594,0
CHIPID2000525,P100526,RNBX_WB_NDMM,TT4_S-TT3,TT4_S-TT3,0.52841,0.39386,48.47,86,4.00594,0
CHIPID1000526,P100527,RNAS_CD138_NDMM,TT2_Thal,TT2_Thal,0.456,0.19164,,90,4.0599,1
CHIPID2000526,P100527,RNBX_WB_NDMM,TT2_Thal,TT2_Thal,0.456,0.19164,31.52,90,4.0599,1
CHIPID1000527,P100528,RNAS_CD138_NDMM,TT3a,TT3a,0.57647,0.1693,,97,0.9203,1
CHIPID2000527,P100528,RNBX_WB_NDMM,TT3a,TT3a,0.57647,0.1693,39.53,97,0.9203,1
CHIPID1000530,P100531,RNAS_CD138_NDMM,TT4_S-TT3,TT4_S-TT3,0.81909,0.18728,,88,1.09882,1
CHIPID2000530,P100531,RNBX_WB_NDMM,TT4_S-TT3,TT4_S-TT3,0.81909,0.18728,33.93,88,1.09882,1
CHIPID1000531,P100532,RNAS_CD138_NDMM,TT3a,TT3a,0.83814,0.32982,,96,3.25155,0
CHIPID2000531,P100532,RNBX_WB_NDMM,TT3a,TT3a,0.83814,0.32982,26.9,96,3.25155,0
CHIPID1000533,P100534,RNAS_CD138_NDMM,TT2_Thal,TT2_Thal,0.16473,0.19073,,87,2.02136,1
CHIPID2000533,P100534,RNBX_WB_NDMM,TT2_Thal,TT2_Thal,0.16473,0.19073,21.84,87,2.02136,1
CHIPID1000534,P100535,RNAS_CD138_NDMM,TT2_NoThal,TT2_NoThal,0.2982,0.30386,,96,0.52114,0
CHIPID2000534,P100535,RNBX_WB_NDMM,TT2_NoThal,TT2_NoThal,0.2982,0.30386,19.92,96,0.52114,0
CHIPID1000535,P100536,RNAS_CD138_NDMM,TT4_S-TT3,TT4_S-TT3,0.24471,0.35906,,89,3.31627,0
CHIPID2000535,P100536,RNBX_WB_NDMM,TT4_S-TT3,TT4_S-TT3,0.24471,0.35906,14.95,89,3.31627,0
CHIPID1000539,P100540,RNAS_CD138_NDMM,TT2_NoThal,TT2_NoThal,0.44016,0.31791,,90,10.96538,0
CHIPID2000539,P100540,RNBX_WB_NDMM,TT2_NoThal,TT2_NoThal,0.44016,0.31791,21.36,90,10.96538,0
CHIPID1000540,P100541,RNAS_CD138_NDMM,TT3b,TT3b,0.33008,0.21789,,95,5.87221,1
CHIPID2000540,P100541,RNBX_WB_NDMM,TT3b,TT3b,0.33008,0.21789,3.64,95,5.87221,1
CHIPID1000541,P100542,RNAS_CD138_NDMM,TT3a,TT3a,0.21963,0.29783,,95,13.442,0
CHIPID2000541,P100542,RNBX_WB_NDMM,TT3a,TT3a,0.21963,0.29783,17.33,95,13.442,0
CHIPID1000542,P100543,RNAS_CD138_NDMM,TT2_Thal,TT2_Thal,0.33316,0.44581,,97,4.86457,0
CHIPID2000542,P100543,RNBX_WB_NDMM,TT2_Thal,TT2_Thal,0.33316,0.44581,10.14,97,4.86457,0
CHIPID1000544,P100545,RNAS_CD138_NDMM,TT3a,TT3a,0.14638,0.15615,,95,0.1,1
CHIPID2000544,P100545,RNBX_WB_NDMM,TT3a,TT3a,0.14638,0.15615,23.76,95,0.1,1
CHIPID1000545,P100546,RNAS_CD138_NDMM,TT3a,TT3a,0.78779,0.17277,,98,6.35414,1
CHIPID2000545,P100546,RNBX_WB_NDMM,TT3a,TT3a,0.78779,0.17277,48.4,98,6.35414,1
CHIPID1000550,P100551,RNAS_CD138_NDMM,TT2_Thal,TT2_Thal,0.1785,0.26874,,92,1.96846,1
CHIPID2000550,P100551,RNBX_WB_NDMM,TT2_Thal,TT2_Thal,0.1785,0.26874,9.85,92,1.96846,1
CHIPID1000551,P100552,RNAS_CD138_NDMM,TT2_Thal,TT2_Thal,0.27181,0.153,,98,7.74652,0
CHIPID2000551,P100552,RNBX_WB_NDMM,TT2_Thal,TT2_Thal,0.27181,0.153,40.23,98,7.74652,0
CHIPID1000553,P100554,RNAS_CD138_NDMM,TT3b,TT3b,0.20161,0.30274,,97,5.55848,0
CHIPID2000553,P100554,RNBX_WB_NDMM,TT3b,TT3b,0.20161,0.30274,28.47,97,5.55848,0
CHIPID1000555,P100556,RNAS_CD138_NDMM,TT5,TT5,0.57172,0.2713,,98,0.28725,1
CHIPID2000555,P100556,RNBX_WB_NDMM,TT5,TT5,0.57172,0.2713,46.12,98,0.28725,1
CHIPID1000557,P100558,RNAS_CD138_NDMM,TT4_S-TT3,TT4_S-TT3,0.41341,0.2686,,90,11.3275,0
CHIPID2000557,P100558,RNBX_WB_NDMM,TT4_S-TT3,TT4_S-TT3,0.41341,0.2686,46.99,90,11.3275,0
CHIPID1000559,P100560,RNAS_CD138_NDMM,TT3b,TT3b,0.2154,0.29631,,90,9.94786,0
CHIPID2000559,P100560,RNBX_WB_NDMM,TT3b,TT3b,0.2154,0.29631,11.34,90,9.94786,0
CHIPID1000562,P100563,RNAS_CD138_NDMM,TT3a,TT3a,0.37347,0.35117,,90,1.27551,0
CHIPID2000562,P100563,RNBX_WB_NDMM,TT3a,TT3a,0.37347,0.35117,31.41,90,1.27551,0
CHIPID1000563,P100564,RNAS_CD138_NDMM,TT4_S-TT3,TT4_S-TT3,0.47174,0.20098,,86,7.13023,0
CHIPID2000563,P100564,RNBX_WB_NDMM,TT4_S-TT3,TT4_S-TT3,0.47174,0.20098,56.92,86,7.13023,0
CHIPID1000567,P100568,RNAS_CD138_NDMM,TT3b,TT3b,0.26588,0.1397,,95,4.25663,1
CHIPID2000567,P100568,RNBX_WB_NDMM,TT3b,TT3b,0.26588,0.1397,13.63,95,4.25663,1
CHIPID1000568,P100569,RNAS_CD138_NDMM,TT3a,TT3a,0.12013,0.28547,,92,2.38949,1
CHIPID2000568,P100569,RNBX_WB_NDMM,TT3a,TT3a,0.12013,0.28547,5.62,92,2.38949,1
CHIPID1000569,P100570,RNAS_CD138_NDMM,TT4_S-TT3,TT4_S-TT3,0.26468,0.21919,,96,7.77479,1
CHIPID2000569,P100570,RNBX_WB_NDMM,TT4_S-TT3,TT4_S-TT3,0.26468,0.21919,36.02,96,7.77479,1
CHIPID3000000,M200001,RNAS_CD138_MGUS,MGUS,MGUS,0.27167,0.41646,,98,,
CHIPID4000000,M200001,RNBX_WB_MGUS,MGUS,MGUS,0.27167,0.41646,3.43,98,,
CHIPID3000001,M200002,RNAS_CD138_MGUS,MGUS,MGUS,0.25354,0.33569,,98,,
CHIPID4000001,M200002,RNBX_WB_MGUS,MGUS,MGUS,0.25354,0.33569,4.04,98,,
CHIPID3000003,M200004,RNAS_CD138_MGUS,MGUS,MGUS,0.27044,0.31569,,98,,
CHIPID4000003,M200004,RNBX_WB_MGUS,MGUS,MGUS,0.27044,0.31569,3.56,98,,
CHIPID3000004,M200005,RNAS_CD138_MGUS,MGUS,MGUS,0.08451,0.39872,,98,,
CHIPID4000004,M200005,RNBX_WB_MGUS,MGUS,MGUS,0.08451,0.39872,5.67,98,,
CHIPID3000005,M200006,RNAS_CD138_MGUS,MGUS,MGUS,0.26926,0.37521,,98,,
CHIPID4000005,M200006,RNBX_WB_MGUS,MGUS,MGUS,0.26926,0.37521,2.93,98,,
CHIPID3000006,M200007,RNAS_CD138_MGUS,MGUS,MGUS,0.18096,0.35958,,98,,
CHIPID4000006,M200007,RNBX_WB_MGUS,MGUS,MGUS,0.18096,0.35958,7.47,98,,
CHIPID3000007,M200008,RNAS_CD138_MGUS,MGUS,MGUS,0.09513,0.42249,,98,,
CHIPID4000007,M200008,RNBX_WB_MGUS,MGUS,MGUS,0.09513,0.42249,2.03,98,,
CHIPID3000010,M200011,RNAS_CD138_MGUS,MGUS,MGUS,0.16157,0.40703,,98,,
CHIPID4000010,M200011,RNBX_WB_MGUS,MGUS,MGUS,0.16157,0.40703,1.76,98,,
CHIPID3000012,M200013,RNAS_CD138_MGUS,MGUS,MGUS,0.19894,0.3701,,98,,
CHIPID4000012,M200013,RNBX_WB_MGUS,MGUS,MGUS,0.19894,0.3701,2.16,98,,
CHIPID3000014,M200015,RNAS_CD138_MGUS,MGUS,MGUS,0.17835,0.34898,,98,,
CHIPID4000014,M200015,RNBX_WB_MGUS,MGUS,MGUS,0.17835,0.34898,2.79,98,,
CHIPID3000015,M200016,RNAS_CD138_MGUS,MGUS,MGUS,0.10484,0.37238,,98,,
CHIPID4000015,M200016,RNBX_WB_MGUS,MGUS,MGUS,0.10484,0.37238,6.94,98,,
CHIPID3000018,M200019,RNAS_CD138_MGUS,MGUS,MGUS,0.05124,0.33229,,98,,
CHIPID4000018,M200019,RNBX_WB_MGUS,MGUS,MGUS,0.05124,0.33229,5.38,98,,
CHIPID3000019,M200020,RNAS_CD138_MGUS,MGUS,MGUS,0.1064,0.4838,,98,,
CHIPID4000019,M200020,RNBX_WB_MGUS,MGUS,MGUS,0.1064,0.4838,2.68,98,,
CHIPID3000020,M200021,RNAS_CD138_MGUS,MGUS,MGUS,0.19738,0.4036,,98,,
CHIPID4000020,M200021,RNBX_WB_MGUS,MGUS,MGUS,0.19738,0.4036,6.05,98,,
CHIPID3000022,M200023,RNAS_CD138_MGUS,MGUS,MGUS,0.28851,0.34464,,98,,
CHIPID4000022,M200023,RNBX_WB_MGUS,MGUS,MGUS,0.28851,0.34464,1.58,98,,
CHIPID3000023,M200024,RNAS_CD138_MGUS,MGUS,MGUS,0.08537,0.38403,,98,,
CHIPID4000023,M200024,RNBX_WB_MGUS,MGUS,MGUS,0.08537,0.38403,4.92,98,,
CHIPID3000026,M200027,RNAS_CD138_MGUS,MGUS,MGUS,0.05521,0.43332,,98,,
CHIPID4000026,M200027,RNBX_WB_MGUS,MGUS,MGUS,0.05521,0.43332,1.66,98,,
CHIPID3000028,M200029,RNAS_CD138_MGUS,MGUS,MGUS,0.05323,0.43064,,98,,
CHIPID4000028,M200029,RNBX_WB_MGUS,MGUS,MGUS,0.05323,0.43064,8.92,98,,
CHIPID3000029,M200030,RNAS_CD138_MGUS,MGUS,MGUS,0.17208,0.34457,,98,,
CHIPID4000029,M200030,RNBX_WB_MGUS,MGUS,MGUS,0.17208,0.34457,7.99,98,,
CHIPID3000030,M200031,RNAS_CD138_MGUS,MGUS,MGUS,0.11266,0.3649,,98,,
CHIPID4000030,M200031,RNBX_WB_MGUS,MGUS,MGUS,0.11266,0.3649,8.61,98,,
CHIPID3000031,M200032,RNAS_CD138_MGUS,MGUS,MGUS,0.11809,0.32784,,98,,
CHIPID4000031,M200032,RNBX_WB_MGUS,MGUS,MGUS,0.11809,0.32784,7.83,98,,
CHIPID3000035,M200036,RNAS_CD138_MGUS,MGUS,MGUS,0.07132,0.32023,,98,,
CHIPID4000035,M200036,RNBX_WB_MGUS,MGUS,MGUS,0.07132,0.32023,8.83,98,,
CHIPID3000036,M200037,RNAS_CD138_MGUS,MGUS,MGUS,0.28987,0.44758,,98,,
CHIPID4000036,M200037,RNBX_WB_MGUS,MGUS,MGUS,0.28987,0.44758,6.36,98,,
CHIPID3000037,M200038,RNAS_CD138_MGUS,MGUS,MGUS,0.24768,0.35355,,98,,
CHIPID4000037,M200038,RNBX_WB_MGUS,MGUS,MGUS,0.24768,0.35355,2.95,98,,
CHIPID3000039,M200040,RNAS_CD138_MGUS,MGUS,MGUS,0.09671,0.48698,,98,,
CHIPID4000039,M200040,RNBX_WB_MGUS,MGUS,MGUS,0.09671,0.48698,7.15,98,,
CHIPID3000040,M200041,RNAS_CD138_MGUS,MGUS,MGUS,0.27827,0.32792,,98,,
CHIPID4000040,M200041,RNBX_WB_MGUS,MGUS,MGUS,0.27827,0.32792,8.25,98,,
CHIPID3000044,M200045,RNAS_CD138_MGUS,MGUS,MGUS,0.29359,0.30902,,98,,
CHIPID4000044,M200045,RNBX_WB_MGUS,MGUS,MGUS,0.29359,0.30902,8.89,98,,
CHIPID3000045,M200046,RNAS_CD138_MGUS,MGUS,MGUS,0.08062,0.40878,,98,,
CHIPID4000045,M200046,RNBX_WB_MGUS,MGUS,MGUS,0.08062,0.40878,2.11,98,,
CHIPID3000046,M200047,RNAS_CD138_MGUS,MGUS,MGUS,0.0836,0.41524,,98,,
CHIPID4000046,M200047,RNBX_WB_MGUS,MGUS,MGUS,0.0836,0.41524,3.32,98,,
CHIPID3000047,M200048,RNAS_CD138_MGUS,MGUS,MGUS,0.21792,0.40729,,98,,
CHIPID4000047,M200048,RNBX_WB_MGUS,MGUS,MGUS,0.21792,0.40729,3.97,98,,
CHIPID3000048,M200049,RNAS_CD138_MGUS,MGUS,MGUS,0.08142,0.42078,,98,,
CHIPID4000048,M200049,RNBX_WB_MGUS,MGUS,MGUS,0.08142,0.42078,6,98,,
CHIPID3000049,M200050,RNAS_CD138_MGUS,MGUS,MGUS,0.24587,0.45454,,98,,
CHIPID4000049,M200050,RNBX_WB_MGUS,MGUS,MGUS,0.24587,0.45454,6.26,98,,
CHIPID3000051,M200052,RNAS_CD138_MGUS,MGUS,MGUS,0.19097,0.36705,,98,,
CHIPID4000051,M200052,RNBX_WB_MGUS,MGUS,MGUS,0.19097,0.36705,8.54,98,,
CHIPID3000056,M200057,RNAS_CD138_MGUS,MGUS,MGUS,0.07467,0.38162,,98,,
CHIPID4000056,M200057,RNBX_WB_MGUS,MGUS,MGUS,0.07467,0.38162,1.17,98,,
CHIPID3000057,M200058,RNAS_CD138_MGUS,MGUS,MGUS,0.21758,0.50108,,98,,
CHIPID4000057,M200058,RNBX_WB_MGUS,MGUS,MGUS,0.21758,0.50108,4.37,98,,
CHIPID3000058,M200059,RNAS_CD138_MGUS,MGUS,MGUS,0.20078,0.43376,,98,,
CHIPID4000058,M200059,RNBX_WB_MGUS,MGUS,MGUS,0.20078,0.43376,7.91,98,,
CHIPID3000060,M200061,RNAS_CD138_MGUS,MGUS,MGUS,0.22469,0.45809,,98,,
CHIPID4000060,M200061,RNBX_WB_MGUS,MGUS,MGUS,0.22469,0.45809,4.68,98,,
CHIPID3000066,M200067,RNAS_CD138_MGUS,MGUS,MGUS,0.17213,0.39235,,98,,
CHIPID4000066,M200067,RNBX_WB_MGUS,MGUS,MGUS,0.17213,0.39235,1.98,98,,
CHIPID3000073,M200074,RNAS_CD138_MGUS,MGUS,MGUS,0.28038,0.32449,,98,,
CHIPID4000073,M200074,RNBX_WB_MGUS,MGUS,MGUS,0.28038,0.32449,3.05,98,,
CHIPID3000074,M200075,RNAS_CD138_MGUS,MGUS,MGUS,0.1841,0.33447,,98,,
CHIPID4000074,M200075,RNBX_WB_MGUS,MGUS,MGUS,0.1841,0.33447,3.23,98,,
CHIPID3000075,M200076,RNAS_CD138_MGUS,MGUS,MGUS,0.09265,0.41246,,98,,
CHIPID4000075,M200076,RNBX_WB_MGUS,MGUS,MGUS,0.09265,0.41246,6.47,98,,
CHIPID3000079,M200080,RNAS_CD138_MGUS,MGUS,MGUS,0.09553,0.35473,,98,,
CHIPID4000079,M200080,RNBX_WB_MGUS,MGUS,MGUS,0.09553,0.35473,4.01,98,,
CHIPID3000082,M200083,RNAS_CD138_MGUS,MGUS,MGUS,0.22655,0.47958,,98,,
CHIPID4000082,M200083,RNBX_WB_MGUS,MGUS,MGUS,0.22655,0.47958,4.03,98,,
CHIPID3000085,M200086,RNAS_CD138_MGUS,MGUS,MGUS,0.05262,0.46121,,98,,
CHIPID4000085,M200086,RNBX_WB_MGUS,MGUS,MGUS,0.05262,0.46121,8.71,98,,
CHIPID3000088,M200089,RNAS_CD138_MGUS,MGUS,MGUS,0.09231,0.3037,,98,,
CHIPID4000088,M200089,RNBX_WB_MGUS,MGUS,MGUS,0.09231,0.3037,6.21,98,,
