chipid,patid,sample_group,tt_on_for_tx1,TT_On_for_Tx1,GEP70,IG_ARD,PCBmBx_All,POST_SORT_PURITY,YearsTTP,CensTTP,YearsTTR_PostTx1_20260714,CensTTR_PostTx1_20260714,GEP1qscore_lasso,GEP1qcopy_lasso,GEP1q_binary_lasso,Baseline,TT,TT_Simple,Old_FISHCHIP,FISH_Date,FISH_1q_2copies,FISH_1q_3copies,FISH_1q_4plus,FISH_1q,FISH_1q_num,1q21_Percent_Cells_Copy_0,1q21_Percent_Cells_Copy_1,1q21_Percent_Cells_Copy_2,1q21_Percent_Cells_Copy_3,1q21_Percent_Cells_Copy_4,1q21_Percent_Cells_Copy_5,1q21_Percent_Cells_Copy_6,FISH_PATID,PolyIG_Score,PolyIG_binary,GEP70_binary,FISH1q_binary,IG_ARD_binary,MGUS_Binary,GEP_RNAS_Groups_MGUS_Lasso,Clinical_RNAS_Groups_MGUS,GEP_RNBX_Groups_MGUS_Lasso,RNAS_to_RNBX_PATID_match_MGUS_Lasso,RNAS_to_RNBX_match_type_Lasso,CHIPID,FISH1q,unIGH,time,event,FISH1q_group,unIGH_group,Group,Time_Years,Event
CHIPID1000000,P100001,RNAS_CD138_NDMM,TT4_S-TT3,TT4_S-TT3,0.45219,0.29993,NA,90,6.10601,1,6.10601,1,2.1230050903453637,1q2,0,1,TT4_S-TT3,TT4_S-TT3,FISH0001,2020-01-01,1,0,0,2,2,0,0,85,15,0,0,0,P100001,11.635149032258065,1,0,0,1,0,GEP1q-CN2/PolyIG-high,FISH1q-CN2/IG_ARDhigh,NA,NA,NA,CHIPID1000000,2,0.29993,6.10601,1,1q2,High,CN2/unIGH High,6.10601,1
CHIPID1000013,P100014,RNAS_CD138_NDMM,TT4_S-TT3,TT4_S-TT3,0.39175,0.11691,NA,97,5.21643,0,5.21643,0,2.02846241300443,1q2,0,1,TT4_S-TT3,TT4_S-TT3,FISH0014,2020-02-14,1,0,0,2,2,0,0,94,6,0,0,0,P100014,9.680578064516128,0,0,0,0,0,GEP1q-CN2/PolyIG-low,FISH1q-CN2/IG_ARDlow,NA,NA,NA,CHIPID1000013,2,0.11691,5.21643,0,1q2,Low,CN2/unIGH Low,5.21643,0
CHIPID1000014,P100015,RNAS_CD138_NDMM,TT3b,TT3b,0.36255,0.29431,NA,89,5.39704,0,5.39704,0,2.7392113639324975,1q3plus,1,1,TT3b,TT3b,FISH0015,2020-03-15,0,1,0,3,3,0,0,17,83,0,0,0,P100015,11.492147741935483,1,0,1,1,0,GEP1q-CN>=3/PolyIG-high,FISH1q-CN>=3/IG_ARDhigh,NA,NA,NA,CHIPID1000014,3,0.29431,5.39704,0,1q>=3,High,CN≥3/unIGH ALL,5.39704,0
CHIPID1000024,P100025,RNAS_CD138_NDMM,TT3b,TT3b,0.54464,0.22074,NA,93,0.84884,1,0.84884,1,2.508733080186559,1q3plus,1,1,TT3b,TT3b,FISH0025,2020-01-25,0,1,0,3,3,0,0,35,65,0,0,0,P100025,10.770782903225806,0,0,1,0,0,GEP1q-CN>=3/PolyIG-low,FISH1q-CN>=3/IG_ARDlow,NA,NA,NA,CHIPID1000024,3,0.22074,0.84884,1,1q>=3,Low,CN≥3/unIGH ALL,0.84884,1
CHIPID1000028,P100029,RNAS_CD138_NDMM,TT4_S-TT3,TT4_S-TT3,0.29552,0.12267,NA,94,2.58342,1,2.58342,1,2.9886432214434917,1q3plus,1,1,TT4_S-TT3,TT4_S-TT3,FISH0029,2020-05-02,0,0,1,4plus,4,0,0,37,21,42,0,0,P100029,9.89126,0,0,1,0,0,GEP1q-CN>=3/PolyIG-low,FISH1q-CN>=3/IG_ARDlow,NA,NA,NA,CHIPID1000028,4,0.12267,2.58342,1,1q>=3,Low,CN≥3/unIGH ALL,2.58342,1
CHIPID1000031,P100032,RNAS_CD138_NDMM,TT3a,TT3a,0.25466,0.32328,NA,93,0.41548,0,0.41548,0,2.728431676342212,1q3plus,1,1,TT3a,TT3a,FISH0032,2020-08-05,0,1,0,3,3,0,0,26,74,0,0,0,P100032,11.715168387096774,1,0,1,1,0,GEP1q-CN>=3/PolyIG-high,FISH1q-CN>=3/IG_ARDhigh,NA,NA,NA,CHIPID1000031,3,0.32328,0.41548,0,1q>=3,High,CN≥3/unIGH ALL,0.41548,0
CHIPID1000036,P100037,RNAS_CD138_NDMM,TT3a,TT3a,0.1523,0.39821,NA,95,3.43896,0,3.43896,0,2.113128267545756,1q2,0,1,TT3a,TT3a,FISH0037,2020-01-10,1,0,0,2,2,0,0,96,4,0,0,0,P100037,12.560085161290322,1,0,0,1,0,GEP1q-CN2/PolyIG-high,FISH1q-CN2/IG_ARDhigh,NA,NA,NA,CHIPID1000036,2,0.39821,3.43896,0,1q2,High,CN2/unIGH High,3.43896,0
CHIPID1000043,P100044,RNAS_CD138_NDMM,TT3a,TT3a,0.20053,0.30672,NA,97,6.90138,0,6.90138,0,2.314717164027491,1q2,0,1,TT3a,TT3a,FISH0044,2020-08-17,1,0,0,2,2,0,0,93,7,0,0,0,P100044,11.685213548387097,1,0,0,1,0,GEP1q-CN2/PolyIG-high,FISH1q-CN2/IG_ARDhigh,NA,NA,NA,CHIPID1000043,2,0.30672,6.90138,0,1q2,High,CN2/unIGH High,6.90138,0
CHIPID1000049,P100050,RNAS_CD138_NDMM,TT3b,TT3b,0.54176,0.27792,NA,97,4.8124,0,4.8124,0,1.92970706232076,1q2,0,1,TT3b,TT3b,FISH0050,2020-02-23,1,0,0,2,2,0,0,97,3,0,0,0,P100050,11.450076451612903,1,0,0,0,0,GEP1q-CN2/PolyIG-high,FISH1q-CN2/IG_ARDlow,NA,NA,NA,CHIPID1000049,2,0.27792,4.8124,0,1q2,Low,CN2/unIGH Low,4.8124,0
CHIPID1000056,P100057,RNAS_CD138_NDMM,TT4_S-TT3,TT4_S-TT3,0.57383,0.04821,NA,92,1.87774,0,1.87774,0,2.6393898465404186,1q3plus,1,1,TT4_S-TT3,TT4_S-TT3,FISH0057,2020-09-03,0,1,0,3,3,0,0,26,74,0,0,0,P100057,9.074751290322581,0,0,1,0,0,GEP1q-CN>=3/PolyIG-low,FISH1q-CN>=3/IG_ARDlow,NA,NA,NA,CHIPID1000056,3,0.04821,1.87774,0,1q>=3,Low,CN≥3/unIGH ALL,1.87774,0
CHIPID1000058,P100059,RNAS_CD138_NDMM,TT3a,TT3a,0.54113,0.17052,NA,97,0.51066,0,0.51066,0,2.1889158909534943,1q2,0,1,TT3a,TT3a,FISH0059,2020-11-05,1,0,0,2,2,0,0,93,7,0,0,0,P100059,10.31595129032258,0,0,0,0,0,GEP1q-CN2/PolyIG-low,FISH1q-CN2/IG_ARDlow,NA,NA,NA,CHIPID1000058,2,0.17052,0.51066,0,1q2,Low,CN2/unIGH Low,0.51066,0
CHIPID1000059,P100060,RNAS_CD138_NDMM,TT3b,TT3b,0.32578,0.24351,NA,93,3.1256,0,3.1256,0,2.130667417882842,1q2,0,1,TT3b,TT3b,FISH0060,2020-12-06,1,0,0,2,2,0,0,94,6,0,0,0,P100060,11.038999677419355,1,0,0,0,0,GEP1q-CN2/PolyIG-high,FISH1q-CN2/IG_ARDlow,NA,NA,NA,CHIPID1000059,2,0.24351,3.1256,0,1q2,Low,CN2/unIGH Low,3.1256,0
CHIPID1000063,P100064,RNAS_CD138_NDMM,TT3b,TT3b,0.39945,0.23875,NA,88,3.8851,1,3.8851,1,2.271021065679976,1q2,0,1,TT3b,TT3b,FISH0064,2020-04-10,1,0,0,2,2,0,0,82,18,0,0,0,P100064,11.007598387096774,1,0,0,0,0,GEP1q-CN2/PolyIG-high,FISH1q-CN2/IG_ARDlow,NA,NA,NA,CHIPID1000063,2,0.23875,3.8851,1,1q2,Low,CN2/unIGH Low,3.8851,1
CHIPID1000065,P100066,RNAS_CD138_NDMM,TT4_S-TT3,TT4_S-TT3,0.52537,0.2679,NA,95,13.88137,1,13.88137,1,2.094755029103358,1q2,0,1,TT4_S-TT3,TT4_S-TT3,FISH0066,2020-06-12,1,0,0,2,2,0,0,93,7,0,0,0,P100066,11.207121290322581,1,0,0,0,0,GEP1q-CN2/PolyIG-high,FISH1q-CN2/IG_ARDlow,NA,NA,NA,CHIPID1000065,2,0.2679,13.88137,1,1q2,Low,CN2/unIGH Low,13.88137,1
CHIPID1000069,P100070,RNAS_CD138_NDMM,TT3a,TT3a,0.49563,0.25355,NA,92,10.76318,1,10.76318,1,3.031034128613979,1q3plus,1,1,TT3a,TT3a,FISH0070,2020-10-16,0,0,1,4plus,4,0,0,39,16,45,0,0,P100070,11.10771806451613,1,0,1,0,0,GEP1q-CN>=3/PolyIG-high,FISH1q-CN>=3/IG_ARDlow,NA,NA,NA,CHIPID1000069,4,0.25355,10.76318,1,1q>=3,Low,CN≥3/unIGH ALL,10.76318,1
CHIPID1000073,P100074,RNAS_CD138_NDMM,TT3b,TT3b,0.31913,0.32397,NA,89,10.37298,0,10.37298,0,2.614571821679145,1q3plus,1,1,TT3b,TT3b,FISH0074,2020-02-20,0,1,0,3,3,0,0,31,69,0,0,0,P100074,11.848626774193548,1,0,1,1,0,GEP1q-CN>=3/PolyIG-high,FISH1q-CN>=3/IG_ARDhigh,NA,NA,NA,CHIPID1000073,3,0.32397,10.37298,0,1q>=3,High,CN≥3/unIGH ALL,10.37298,0
CHIPID1000075,P100076,RNAS_CD138_NDMM,TT4_S-TT3,TT4_S-TT3,0.18603,0.31887,NA,88,0.96399,0,0.96399,0,2.8929990927494202,1q3plus,1,1,TT4_S-TT3,TT4_S-TT3,FISH0076,2020-04-22,0,0,1,4plus,4,0,0,41,18,41,0,0,P100076,11.728053548387097,1,0,1,1,0,GEP1q-CN>=3/PolyIG-high,FISH1q-CN>=3/IG_ARDhigh,NA,NA,NA,CHIPID1000075,4,0.31887,0.96399,0,1q>=3,High,CN≥3/unIGH ALL,0.96399,0
CHIPID1000080,P100081,RNAS_CD138_NDMM,TT3b,TT3b,0.24961,0.30709,NA,95,11.69501,0,11.69501,0,2.1560370448234023,1q2,0,1,TT3b,TT3b,FISH0081,2020-09-27,1,0,0,2,2,0,0,95,5,0,0,0,P100081,11.67721129032258,1,0,0,1,0,GEP1q-CN2/PolyIG-high,FISH1q-CN2/IG_ARDhigh,NA,NA,NA,CHIPID1000080,2,0.30709,11.69501,0,1q2,High,CN2/unIGH High,11.69501,0
CHIPID1000086,P100087,RNAS_CD138_NDMM,TT4_S-TT3,TT4_S-TT3,0.53587,0.4065,NA,95,0.21286,1,0.21286,1,2.1512542066210085,1q2,0,1,TT4_S-TT3,TT4_S-TT3,FISH0087,2020-03-06,1,0,0,2,2,0,0,92,8,0,0,0,P100087,12.766176451612903,1,0,0,1,0,GEP1q-CN2/PolyIG-high,FISH1q-CN2/IG_ARDhigh,NA,NA,NA,CHIPID1000086,2,0.4065,0.21286,1,1q2,High,CN2/unIGH High,0.21286,1
CHIPID1000091,P100092,RNAS_CD138_NDMM,TT3a,TT3a,0.3643,0.46598,NA,88,1.3426,0,1.3426,0,2.1471257565048982,1q2,0,1,TT3a,TT3a,FISH0092,2020-08-11,1,0,0,2,2,0,0,90,10,0,0,0,P100092,13.228274193548387,1,0,0,1,0,GEP1q-CN2/PolyIG-high,FISH1q-CN2/IG_ARDhigh,NA,NA,NA,CHIPID1000091,2,0.46598,1.3426,0,1q2,High,CN2/unIGH High,1.3426,0
CHIPID1000093,P100094,RNAS_CD138_NDMM,TT3a,TT3a,0.2609,0.41844,NA,92,2.04658,0,2.04658,0,2.1575360526660905,1q2,0,1,TT3a,TT3a,FISH0094,2020-10-13,1,0,0,2,2,0,0,91,9,0,0,0,P100094,12.724364193548388,1,0,0,1,0,GEP1q-CN2/PolyIG-high,FISH1q-CN2/IG_ARDhigh,NA,NA,NA,CHIPID1000093,2,0.41844,2.04658,0,1q2,High,CN2/unIGH High,2.04658,0
CHIPID1000094,P100095,RNAS_CD138_NDMM,TT4_S-TT3,TT4_S-TT3,0.18324,0.2052,NA,92,1.25816,1,1.25816,1,3.2448141563698365,1q3plus,1,1,TT4_S-TT3,TT4_S-TT3,FISH0095,2020-11-14,0,0,1,4plus,4,0,0,23,26,51,0,0,P100095,10.69659806451613,0,0,1,0,0,GEP1q-CN>=3/PolyIG-low,FISH1q-CN>=3/IG_ARDlow,NA,NA,NA,CHIPID1000094,4,0.2052,1.25816,1,1q>=3,Low,CN≥3/unIGH ALL,1.25816,1
CHIPID1000095,P100096,RNAS_CD138_NDMM,TT3a,TT3a,0.16895,0.25688,NA,95,0.73426,1,0.73426,1,2.0921266474881226,1q2,0,1,TT3a,TT3a,FISH0096,2020-12-15,1,0,0,2,2,0,0,91,9,0,0,0,P100096,11.145583225806451,1,0,0,0,0,GEP1q-CN2/PolyIG-high,FISH1q-CN2/IG_ARDlow,NA,NA,NA,CHIPID1000095,2,0.25688,0.73426,1,1q2,Low,CN2/unIGH Low,0.73426,1
CHIPID1000111,P100112,RNAS_CD138_NDMM,TT4_S-TT3,TT4_S-TT3,0.59237,0.27688,NA,86,11.72848,0,11.72848,0,3.034128286692941,1q3plus,1,1,TT4_S-TT3,TT4_S-TT3,FISH0112,2020-04-04,0,0,1,4plus,4,0,0,33,29,38,0,0,P100112,11.459391612903225,1,0,1,0,0,GEP1q-CN>=3/PolyIG-high,FISH1q-CN>=3/IG_ARDlow,NA,NA,NA,CHIPID1000111,4,0.27688,11.72848,0,1q>=3,Low,CN≥3/unIGH ALL,11.72848,0
CHIPID1000116,P100117,RNAS_CD138_NDMM,TT3b,TT3b,0.40139,0.22993,NA,95,2.61017,1,2.61017,1,3.0139190116745618,1q3plus,1,1,TT3b,TT3b,FISH0117,2020-09-09,0,1,0,3,3,0,0,5,95,0,0,0,P100117,10.957211612903226,0,0,1,0,0,GEP1q-CN>=3/PolyIG-low,FISH1q-CN>=3/IG_ARDlow,NA,NA,NA,CHIPID1000116,3,0.22993,2.61017,1,1q>=3,Low,CN≥3/unIGH ALL,2.61017,1
CHIPID1000119,P100120,RNAS_CD138_NDMM,TT3a,TT3a,0.1448,0.14659,NA,97,4.26725,0,4.26725,0,2.204188597044254,1q2,0,1,TT3a,TT3a,FISH0120,2020-12-12,1,0,0,2,2,0,0,91,9,0,0,0,P100120,10.006063225806452,0,0,0,0,0,GEP1q-CN2/PolyIG-low,FISH1q-CN2/IG_ARDlow,NA,NA,NA,CHIPID1000119,2,0.14659,4.26725,0,1q2,Low,CN2/unIGH Low,4.26725,0
CHIPID1000120,P100121,RNAS_CD138_NDMM,TT4_S-TT3,TT4_S-TT3,0.56265,0.3173,NA,95,5.96212,0,5.96212,0,2.1370738264515485,1q2,0,1,TT4_S-TT3,TT4_S-TT3,FISH0121,2020-01-13,1,0,0,2,2,0,0,97,3,0,0,0,P100121,11.692215161290322,1,0,0,1,0,GEP1q-CN2/PolyIG-high,FISH1q-CN2/IG_ARDhigh,NA,NA,NA,CHIPID1000120,2,0.3173,5.96212,0,1q2,High,CN2/unIGH High,5.96212,0
CHIPID1000121,P100122,RNAS_CD138_NDMM,TT4_S-TT3,TT4_S-TT3,0.38113,0.33022,NA,95,4.07471,0,4.07471,0,2.198439440173836,1q2,0,1,TT4_S-TT3,TT4_S-TT3,FISH0122,2020-02-14,1,0,0,2,2,0,0,93,7,0,0,0,P100122,11.965777419354838,1,0,0,1,0,GEP1q-CN2/PolyIG-high,FISH1q-CN2/IG_ARDhigh,NA,NA,NA,CHIPID1000121,2,0.33022,4.07471,0,1q2,High,CN2/unIGH High,4.07471,0
CHIPID1000123,P100124,RNAS_CD138_NDMM,TT3b,TT3b,0.23782,0.368,NA,88,11.19316,0,11.19316,0,2.053126824977709,1q2,0,1,TT3b,TT3b,FISH0124,2020-04-16,1,0,0,2,2,0,0,94,6,0,0,0,P100124,12.310028064516128,1,0,0,1,0,GEP1q-CN2/PolyIG-high,FISH1q-CN2/IG_ARDhigh,NA,NA,NA,CHIPID1000123,2,0.368,11.19316,0,1q2,High,CN2/unIGH High,11.19316,0
CHIPID1000126,P100127,RNAS_CD138_NDMM,TT3a,TT3a,0.42065,0.29733,NA,88,3.0404,0,3.0404,0,2.7838154797124606,1q3plus,1,1,TT3a,TT3a,FISH0127,2020-07-19,0,1,0,3,3,0,0,15,85,0,0,0,P100127,11.564303225806452,1,0,1,1,0,GEP1q-CN>=3/PolyIG-high,FISH1q-CN>=3/IG_ARDhigh,NA,NA,NA,CHIPID1000126,3,0.29733,3.0404,0,1q>=3,High,CN≥3/unIGH ALL,3.0404,0
CHIPID1000131,P100132,RNAS_CD138_NDMM,TT3b,TT3b,0.14959,0.3543,NA,96,14.48144,0,14.48144,0,2.2541298745057876,1q2,0,1,TT3b,TT3b,FISH0132,2020-12-24,1,0,0,2,2,0,0,93,7,0,0,0,P100132,12.103246451612904,1,0,0,1,0,GEP1q-CN2/PolyIG-high,FISH1q-CN2/IG_ARDhigh,NA,NA,NA,CHIPID1000131,2,0.3543,14.48144,0,1q2,High,CN2/unIGH High,14.48144,0
CHIPID1000135,P100136,RNAS_CD138_NDMM,TT4_S-TT3,TT4_S-TT3,0.27577,0.09102,NA,86,3.99947,0,3.99947,0,2.0511522862425866,1q2,0,1,TT4_S-TT3,TT4_S-TT3,FISH0136,2020-04-01,1,0,0,2,2,0,0,95,5,0,0,0,P100136,9.470931935483872,0,0,0,0,0,GEP1q-CN2/PolyIG-low,FISH1q-CN2/IG_ARDlow,NA,NA,NA,CHIPID1000135,2,0.09102,3.99947,0,1q2,Low,CN2/unIGH Low,3.99947,0
CHIPID1000138,P100139,RNAS_CD138_NDMM,TT4_S-TT3,TT4_S-TT3,0.44038,0.30333,NA,89,13.19816,0,13.19816,0,2.263251093511007,1q2,0,1,TT4_S-TT3,TT4_S-TT3,FISH0139,2020-07-04,1,0,0,2,2,0,0,86,14,0,0,0,P100139,11.57159129032258,1,0,0,1,0,GEP1q-CN2/PolyIG-high,FISH1q-CN2/IG_ARDhigh,NA,NA,NA,CHIPID1000138,2,0.30333,13.19816,0,1q2,High,CN2/unIGH High,13.19816,0
CHIPID1000167,P100168,RNAS_CD138_NDMM,TT3a,TT3a,0.45193,0.23533,NA,96,3.69084,1,3.69084,1,2.245965026421835,1q2,0,1,TT3a,TT3a,FISH0168,2020-12-06,1,0,0,2,2,0,0,93,7,0,0,0,P100168,10.962181290322581,0,0,0,0,0,GEP1q-CN2/PolyIG-low,FISH1q-CN2/IG_ARDlow,NA,NA,NA,CHIPID1000167,2,0.23533,3.69084,1,1q2,Low,CN2/unIGH Low,3.69084,1
CHIPID1000170,P100171,RNAS_CD138_NDMM,TT4_S-TT3,TT4_S-TT3,0.20244,0.27852,NA,91,4.59098,1,4.59098,1,2.6573525068432664,1q3plus,1,1,TT4_S-TT3,TT4_S-TT3,FISH0171,2020-03-09,0,1,0,3,3,0,0,39,61,0,0,0,P100171,11.404888064516129,1,0,1,0,0,GEP1q-CN>=3/PolyIG-high,FISH1q-CN>=3/IG_ARDlow,NA,NA,NA,CHIPID1000170,3,0.27852,4.59098,1,1q>=3,Low,CN≥3/unIGH ALL,4.59098,1
CHIPID1000172,P100173,RNAS_CD138_NDMM,TT4_S-TT3,TT4_S-TT3,0.17592,0.2506,NA,98,8.78596,0,8.78596,0,2.1989636872754392,1q2,0,1,TT4_S-TT3,TT4_S-TT3,FISH0173,2020-05-11,1,0,0,2,2,0,0,96,4,0,0,0,P100173,11.050296451612903,1,0,0,0,0,GEP1q-CN2/PolyIG-high,FISH1q-CN2/IG_ARDlow,NA,NA,NA,CHIPID1000172,2,0.2506,8.78596,0,1q2,Low,CN2/unIGH Low,8.78596,0
CHIPID1000183,P100184,RNAS_CD138_NDMM,TT4_S-TT3,TT4_S-TT3,0.20831,0.07079,NA,91,0.64953,1,0.64953,1,3.1570090442677103,1q3plus,1,1,TT4_S-TT3,TT4_S-TT3,FISH0184,2020-04-22,0,0,1,4plus,4,0,0,25,16,59,0,0,P100184,9.453229677419355,0,0,1,0,0,GEP1q-CN>=3/PolyIG-low,FISH1q-CN>=3/IG_ARDlow,NA,NA,NA,CHIPID1000183,4,0.07079,0.64953,1,1q>=3,Low,CN≥3/unIGH ALL,0.64953,1
CHIPID1000188,P100189,RNAS_CD138_NDMM,TT3a,TT3a,0.37479,0.14133,NA,97,2.57671,0,2.57671,0,2.9156091394030526,1q3plus,1,1,TT3a,TT3a,FISH0189,2020-09-27,0,1,0,3,3,0,0,6,94,0,0,0,P100189,10.04481677419355,0,0,1,0,0,GEP1q-CN>=3/PolyIG-low,FISH1q-CN>=3/IG_ARDlow,NA,NA,NA,CHIPID1000188,3,0.14133,2.57671,0,1q>=3,Low,CN≥3/unIGH ALL,2.57671,0
CHIPID1000189,P100190,RNAS_CD138_NDMM,TT3b,TT3b,0.26315,0.28064,NA,89,3.12482,0,3.12482,0,3.201878366769256,1q3plus,1,1,TT3b,TT3b,FISH0190,2020-10-01,0,0,1,4plus,4,0,0,22,21,57,0,0,P100190,11.54191193548387,1,0,1,0,0,GEP1q-CN>=3/PolyIG-high,FISH1q-CN>=3/IG_ARDlow,NA,NA,NA,CHIPID1000189,4,0.28064,3.12482,0,1q>=3,Low,CN≥3/unIGH ALL,3.12482,0
CHIPID1000193,P100194,RNAS_CD138_NDMM,TT3b,TT3b,0.42606,0.25259,NA,96,11.37916,1,11.37916,1,2.1225550656084637,1q2,0,1,TT3b,TT3b,FISH0194,2020-02-05,1,0,0,2,2,0,0,95,5,0,0,0,P100194,11.174639032258064,1,0,0,0,0,GEP1q-CN2/PolyIG-high,FISH1q-CN2/IG_ARDlow,NA,NA,NA,CHIPID1000193,2,0.25259,11.37916,1,1q2,Low,CN2/unIGH Low,11.37916,1
CHIPID1000199,P100200,RNAS_CD138_NDMM,TT4_S-TT3,TT4_S-TT3,0.4954,0.26012,NA,90,2.36404,0,2.36404,0,2.1576952198654338,1q2,0,1,TT4_S-TT3,TT4_S-TT3,FISH0200,2020-08-11,1,0,0,2,2,0,0,94,6,0,0,0,P100200,11.259360967741936,1,0,0,0,0,GEP1q-CN2/PolyIG-high,FISH1q-CN2/IG_ARDlow,NA,NA,NA,CHIPID1000199,2,0.26012,2.36404,0,1q2,Low,CN2/unIGH Low,2.36404,0
CHIPID1000225,P100226,RNAS_CD138_NDMM,TT3a,TT3a,0.46829,0.22207,NA,97,9.64569,1,9.64569,1,2.118304103452656,1q2,0,1,TT3a,TT3a,FISH0226,2020-10-10,1,0,0,2,2,0,0,92,8,0,0,0,P100226,10.887851290322581,0,0,0,0,0,GEP1q-CN2/PolyIG-low,FISH1q-CN2/IG_ARDlow,NA,NA,NA,CHIPID1000225,2,0.22207,9.64569,1,1q2,Low,CN2/unIGH Low,9.64569,1
CHIPID1000229,P100230,RNAS_CD138_NDMM,TT3a,TT3a,0.24466,0.21644,NA,96,1.17004,1,1.17004,1,2.2835780330339843,1q2,0,1,TT3a,TT3a,FISH0230,2020-02-14,1,0,0,2,2,0,0,95,5,0,0,0,P100230,10.808080322580645,0,0,0,0,0,GEP1q-CN2/PolyIG-low,FISH1q-CN2/IG_ARDlow,NA,NA,NA,CHIPID1000229,2,0.21644,1.17004,1,1q2,Low,CN2/unIGH Low,1.17004,1
CHIPID1000233,P100234,RNAS_CD138_NDMM,TT3b,TT3b,0.49982,0.1478,NA,97,6.42737,0,6.42737,0,2.129368501381191,1q2,0,1,TT3b,TT3b,FISH0234,2020-06-18,1,0,0,2,2,0,0,95,5,0,0,0,P100234,10.066231935483872,0,0,0,0,0,GEP1q-CN2/PolyIG-low,FISH1q-CN2/IG_ARDlow,NA,NA,NA,CHIPID1000233,2,0.1478,6.42737,0,1q2,Low,CN2/unIGH Low,6.42737,0
CHIPID1000234,P100235,RNAS_CD138_NDMM,TT4_S-TT3,TT4_S-TT3,0.38585,0.17735,NA,93,2.25852,0,2.25852,0,2.208159354829416,1q2,0,1,TT4_S-TT3,TT4_S-TT3,FISH0235,2020-07-19,1,0,0,2,2,0,0,85,15,0,0,0,P100235,10.48969,0,0,0,0,0,GEP1q-CN2/PolyIG-low,FISH1q-CN2/IG_ARDlow,NA,NA,NA,CHIPID1000234,2,0.17735,2.25852,0,1q2,Low,CN2/unIGH Low,2.25852,0
CHIPID1000238,P100239,RNAS_CD138_NDMM,TT3a,TT3a,0.5316,0.19061,NA,96,1.55144,0,1.55144,0,2.2079111990682483,1q2,0,1,TT3a,TT3a,FISH0239,2020-11-23,1,0,0,2,2,0,0,95,5,0,0,0,P100239,10.565289032258065,0,0,0,0,0,GEP1q-CN2/PolyIG-low,FISH1q-CN2/IG_ARDlow,NA,NA,NA,CHIPID1000238,2,0.19061,1.55144,0,1q2,Low,CN2/unIGH Low,1.55144,0
CHIPID1000239,P100240,RNAS_CD138_NDMM,TT3a,TT3a,0.35353,0.30889,NA,96,0.81132,1,0.81132,1,2.969058133460385,1q3plus,1,1,TT3a,TT3a,FISH0240,2020-12-24,0,1,0,3,3,0,0,5,95,0,0,0,P100240,11.747773548387096,1,0,1,1,0,GEP1q-CN>=3/PolyIG-high,FISH1q-CN>=3/IG_ARDhigh,NA,NA,NA,CHIPID1000239,3,0.30889,0.81132,1,1q>=3,High,CN≥3/unIGH ALL,0.81132,1
CHIPID1000245,P100246,RNAS_CD138_NDMM,TT3a,TT3a,0.4095,0.28226,NA,88,5.8437,1,5.8437,1,2.175166272889785,1q2,0,1,TT3a,TT3a,FISH0246,2020-06-03,1,0,0,2,2,0,0,87,13,0,0,0,P100246,11.44096806451613,1,0,0,0,0,GEP1q-CN2/PolyIG-high,FISH1q-CN2/IG_ARDlow,NA,NA,NA,CHIPID1000245,2,0.28226,5.8437,1,1q2,Low,CN2/unIGH Low,5.8437,1
CHIPID1000253,P100254,RNAS_CD138_NDMM,TT4_S-TT3,TT4_S-TT3,0.57461,0.25447,NA,97,8.05435,0,8.05435,0,2.1300027604740395,1q2,0,1,TT4_S-TT3,TT4_S-TT3,FISH0254,2020-02-11,1,0,0,2,2,0,0,95,5,0,0,0,P100254,11.027596129032258,1,0,0,0,0,GEP1q-CN2/PolyIG-high,FISH1q-CN2/IG_ARDlow,NA,NA,NA,CHIPID1000253,2,0.25447,8.05435,0,1q2,Low,CN2/unIGH Low,8.05435,0
CHIPID1000254,P100255,RNAS_CD138_NDMM,TT4_S-TT3,TT4_S-TT3,0.31158,0.34107,NA,95,14.89569,0,14.89569,0,2.364106844370734,1q2,0,1,TT4_S-TT3,TT4_S-TT3,FISH0255,2020-03-12,1,0,0,2,2,0,0,93,7,0,0,0,P100255,12.07896935483871,1,0,0,1,0,GEP1q-CN2/PolyIG-high,FISH1q-CN2/IG_ARDhigh,NA,NA,NA,CHIPID1000254,2,0.34107,14.89569,0,1q2,High,CN2/unIGH High,14.89569,0
CHIPID1000263,P100264,RNAS_CD138_NDMM,TT4_S-TT3,TT4_S-TT3,0.50894,0.10976,NA,86,0.61207,1,0.61207,1,2.740316489349732,1q3plus,1,1,TT4_S-TT3,TT4_S-TT3,FISH0264,2020-12-21,0,1,0,3,3,0,0,21,79,0,0,0,P100264,9.723500967741936,0,0,1,0,0,GEP1q-CN>=3/PolyIG-low,FISH1q-CN>=3/IG_ARDlow,NA,NA,NA,CHIPID1000263,3,0.10976,0.61207,1,1q>=3,Low,CN≥3/unIGH ALL,0.61207,1
CHIPID1000265,P100266,RNAS_CD138_NDMM,TT4_S-TT3,TT4_S-TT3,0.29481,0.22636,NA,91,10.43391,0,10.43391,0,2.0738013641454818,1q2,0,1,TT4_S-TT3,TT4_S-TT3,FISH0266,2020-02-23,1,0,0,2,2,0,0,91,9,0,0,0,P100266,10.88175,0,0,0,0,0,GEP1q-CN2/PolyIG-low,FISH1q-CN2/IG_ARDlow,NA,NA,NA,CHIPID1000265,2,0.22636,10.43391,0,1q2,Low,CN2/unIGH Low,10.43391,0
CHIPID1000267,P100268,RNAS_CD138_NDMM,TT3a,TT3a,0.14919,0.24962,NA,96,6.81642,1,6.81642,1,1.9533273671695357,1q2,0,1,TT3a,TT3a,FISH0268,2020-04-25,1,0,0,2,2,0,0,96,4,0,0,0,P100268,11.143375483870967,1,0,0,0,0,GEP1q-CN2/PolyIG-high,FISH1q-CN2/IG_ARDlow,NA,NA,NA,CHIPID1000267,2,0.24962,6.81642,1,1q2,Low,CN2/unIGH Low,6.81642,1
CHIPID1000280,P100281,RNAS_CD138_NDMM,TT3b,TT3b,0.5537,0.22247,NA,89,1.96813,0,1.96813,0,2.8838224721387604,1q3plus,1,1,TT3b,TT3b,FISH0281,2020-05-11,0,1,0,3,3,0,0,17,83,0,0,0,P100281,10.917883548387097,0,0,1,0,0,GEP1q-CN>=3/PolyIG-low,FISH1q-CN>=3/IG_ARDlow,NA,NA,NA,CHIPID1000280,3,0.22247,1.96813,0,1q>=3,Low,CN≥3/unIGH ALL,1.96813,0
CHIPID1000285,P100286,RNAS_CD138_NDMM,TT3b,TT3b,0.19317,0.31015,NA,91,13.00588,0,13.00588,0,1.9304813582119698,1q2,0,1,TT3b,TT3b,FISH0286,2020-10-16,1,0,0,2,2,0,0,93,7,0,0,0,P100286,11.706840322580645,1,0,0,1,0,GEP1q-CN2/PolyIG-high,FISH1q-CN2/IG_ARDhigh,NA,NA,NA,CHIPID1000285,2,0.31015,13.00588,0,1q2,High,CN2/unIGH High,13.00588,0
CHIPID1000288,P100289,RNAS_CD138_NDMM,TT3b,TT3b,0.2763,0.14259,NA,93,3.25877,1,3.25877,1,2.6551863809255862,1q3plus,1,1,TT3b,TT3b,FISH0289,2020-01-19,0,1,0,3,3,0,0,27,73,0,0,0,P100289,10.064387419354839,0,0,1,0,0,GEP1q-CN>=3/PolyIG-low,FISH1q-CN>=3/IG_ARDlow,NA,NA,NA,CHIPID1000288,3,0.14259,3.25877,1,1q>=3,Low,CN≥3/unIGH ALL,3.25877,1
CHIPID1000289,P100290,RNAS_CD138_NDMM,TT4_S-TT3,TT4_S-TT3,0.3022,0.18865,NA,89,3.65102,1,3.65102,1,2.8491749800520867,1q3plus,1,1,TT4_S-TT3,TT4_S-TT3,FISH0290,2020-02-20,0,0,1,4plus,4,0,0,38,26,36,0,0,P100290,10.518388387096774,0,0,1,0,0,GEP1q-CN>=3/PolyIG-low,FISH1q-CN>=3/IG_ARDlow,NA,NA,NA,CHIPID1000289,4,0.18865,3.65102,1,1q>=3,Low,CN≥3/unIGH ALL,3.65102,1
CHIPID1000292,P100293,RNAS_CD138_NDMM,TT3a,TT3a,0.16213,0.17835,NA,97,2.80907,1,2.80907,1,2.174655975595084,1q2,0,1,TT3a,TT3a,FISH0293,2020-05-23,1,0,0,2,2,0,0,97,3,0,0,0,P100293,10.366820967741935,0,0,0,0,0,GEP1q-CN2/PolyIG-low,FISH1q-CN2/IG_ARDlow,NA,NA,NA,CHIPID1000292,2,0.17835,2.80907,1,1q2,Low,CN2/unIGH Low,2.80907,1
CHIPID1000293,P100294,RNAS_CD138_NDMM,TT3b,TT3b,0.43573,0.24085,NA,87,5.16166,1,5.16166,1,2.346278619415823,1q2,0,1,TT3b,TT3b,FISH0294,2020-06-24,1,0,0,2,2,0,0,82,18,0,0,0,P100294,11.130049032258064,1,0,0,0,0,GEP1q-CN2/PolyIG-high,FISH1q-CN2/IG_ARDlow,NA,NA,NA,CHIPID1000293,2,0.24085,5.16166,1,1q2,Low,CN2/unIGH Low,5.16166,1
CHIPID1000296,P100297,RNAS_CD138_NDMM,TT3b,TT3b,0.19129,0.40464,NA,91,2.47205,0,2.47205,0,2.6709987634280035,1q3plus,1,1,TT3b,TT3b,FISH0297,2020-09-27,0,1,0,3,3,0,0,39,61,0,0,0,P100297,12.610699032258065,1,0,1,1,0,GEP1q-CN>=3/PolyIG-high,FISH1q-CN>=3/IG_ARDhigh,NA,NA,NA,CHIPID1000296,3,0.40464,2.47205,0,1q>=3,High,CN≥3/unIGH ALL,2.47205,0
CHIPID1000304,P100305,RNAS_CD138_NDMM,TT3b,TT3b,0.17473,0.16763,NA,92,7.53867,0,7.53867,0,2.202829182153695,1q2,0,1,TT3b,TT3b,FISH0305,2020-05-08,1,0,0,2,2,0,0,90,10,0,0,0,P100305,10.386742903225807,0,0,0,0,0,GEP1q-CN2/PolyIG-low,FISH1q-CN2/IG_ARDlow,NA,NA,NA,CHIPID1000304,2,0.16763,7.53867,0,1q2,Low,CN2/unIGH Low,7.53867,0
CHIPID1000305,P100306,RNAS_CD138_NDMM,TT3a,TT3a,0.41428,0.07758,NA,93,3.70076,1,3.70076,1,2.6117390090265444,1q3plus,1,1,TT3a,TT3a,FISH0306,2020-06-09,0,1,0,3,3,0,0,36,64,0,0,0,P100306,9.321579677419354,0,0,1,0,0,GEP1q-CN>=3/PolyIG-low,FISH1q-CN>=3/IG_ARDlow,NA,NA,NA,CHIPID1000305,3,0.07758,3.70076,1,1q>=3,Low,CN≥3/unIGH ALL,3.70076,1
CHIPID1000307,P100308,RNAS_CD138_NDMM,TT3a,TT3a,0.5231,0.27233,NA,96,8.10008,0,8.10008,0,2.2159068370955,1q2,0,1,TT3a,TT3a,FISH0308,2020-08-11,1,0,0,2,2,0,0,97,3,0,0,0,P100308,11.41266,1,0,0,0,0,GEP1q-CN2/PolyIG-high,FISH1q-CN2/IG_ARDlow,NA,NA,NA,CHIPID1000307,2,0.27233,8.10008,0,1q2,Low,CN2/unIGH Low,8.10008,0
CHIPID1000316,P100317,RNAS_CD138_NDMM,TT4_S-TT3,TT4_S-TT3,0.32918,0.20658,NA,87,4.63157,1,4.63157,1,2.512515840606815,1q3plus,1,1,TT4_S-TT3,TT4_S-TT3,FISH0317,2020-05-20,0,1,0,3,3,0,0,37,63,0,0,0,P100317,10.67215064516129,0,0,1,0,0,GEP1q-CN>=3/PolyIG-low,FISH1q-CN>=3/IG_ARDlow,NA,NA,NA,CHIPID1000316,3,0.20658,4.63157,1,1q>=3,Low,CN≥3/unIGH ALL,4.63157,1
CHIPID1000319,P100320,RNAS_CD138_NDMM,TT4_S-TT3,TT4_S-TT3,0.42755,0.15362,NA,95,13.45905,0,13.45905,0,2.1793985039928128,1q2,0,1,TT4_S-TT3,TT4_S-TT3,FISH0320,2020-08-23,1,0,0,2,2,0,0,94,6,0,0,0,P100320,10.180830322580645,0,0,0,0,0,GEP1q-CN2/PolyIG-low,FISH1q-CN2/IG_ARDlow,NA,NA,NA,CHIPID1000319,2,0.15362,13.45905,0,1q2,Low,CN2/unIGH Low,13.45905,0
CHIPID1000327,P100328,RNAS_CD138_NDMM,TT3b,TT3b,0.57761,0.35573,NA,97,1.11057,0,1.11057,0,2.1523319641023977,1q2,0,1,TT3b,TT3b,FISH0328,2020-04-04,1,0,0,2,2,0,0,91,9,0,0,0,P100328,12.055883870967742,1,0,0,1,0,GEP1q-CN2/PolyIG-high,FISH1q-CN2/IG_ARDhigh,NA,NA,NA,CHIPID1000327,2,0.35573,1.11057,0,1q2,High,CN2/unIGH High,1.11057,0
CHIPID1000328,P100329,RNAS_CD138_NDMM,TT3a,TT3a,0.17999,0.27437,NA,91,1.40339,1,1.40339,1,2.8003585258083006,1q3plus,1,1,TT3a,TT3a,FISH0329,2020-05-05,0,1,0,3,3,0,0,21,79,0,0,0,P100329,11.473183225806451,1,0,1,0,0,GEP1q-CN>=3/PolyIG-high,FISH1q-CN>=3/IG_ARDlow,NA,NA,NA,CHIPID1000328,3,0.27437,1.40339,1,1q>=3,Low,CN≥3/unIGH ALL,1.40339,1
CHIPID1000339,P100340,RNAS_CD138_NDMM,TT4_S-TT3,TT4_S-TT3,0.35222,0.04,NA,95,4.37907,0,4.37907,0,2.030216073959063,1q2,0,1,TT4_S-TT3,TT4_S-TT3,FISH0340,2020-04-16,1,0,0,2,2,0,0,93,7,0,0,0,P100340,9.077283870967742,0,0,0,0,0,GEP1q-CN2/PolyIG-low,FISH1q-CN2/IG_ARDlow,NA,NA,NA,CHIPID1000339,2,0.04,4.37907,0,1q2,Low,CN2/unIGH Low,4.37907,0
CHIPID1000345,P100346,RNAS_CD138_NDMM,TT3b,TT3b,0.53437,0.19985,NA,98,3.14078,1,3.14078,1,2.87328485972284,1q3plus,1,1,TT3b,TT3b,FISH0346,2020-10-22,0,1,0,3,3,0,0,3,97,0,0,0,P100346,10.627854838709677,0,0,1,0,0,GEP1q-CN>=3/PolyIG-low,FISH1q-CN>=3/IG_ARDlow,NA,NA,NA,CHIPID1000345,3,0.19985,3.14078,1,1q>=3,Low,CN≥3/unIGH ALL,3.14078,1
CHIPID1000350,P100351,RNAS_CD138_NDMM,TT4_S-TT3,TT4_S-TT3,0.55319,0.25538,NA,90,12.90221,0,12.90221,0,2.0450852501692944,1q2,0,1,TT4_S-TT3,TT4_S-TT3,FISH0351,2020-03-27,1,0,0,2,2,0,0,90,10,0,0,0,P100351,11.189505483870967,1,0,0,0,0,GEP1q-CN2/PolyIG-high,FISH1q-CN2/IG_ARDlow,NA,NA,NA,CHIPID1000350,2,0.25538,12.90221,0,1q2,Low,CN2/unIGH Low,12.90221,0
CHIPID1000353,P100354,RNAS_CD138_NDMM,TT3a,TT3a,0.16986,0.31282,NA,96,2.86082,1,2.86082,1,2.085903648595614,1q2,0,1,TT3a,TT3a,FISH0354,2020-06-03,1,0,0,2,2,0,0,91,9,0,0,0,P100354,11.66337064516129,1,0,0,1,0,GEP1q-CN2/PolyIG-high,FISH1q-CN2/IG_ARDhigh,NA,NA,NA,CHIPID1000353,2,0.31282,2.86082,1,1q2,High,CN2/unIGH High,2.86082,1
CHIPID1000357,P100358,RNAS_CD138_NDMM,TT3b,TT3b,0.17506,0.31931,NA,97,10.13892,0,10.13892,0,2.240185558314844,1q2,0,1,TT3b,TT3b,FISH0358,2020-10-07,1,0,0,2,2,0,0,96,4,0,0,0,P100358,11.810500322580644,1,0,0,1,0,GEP1q-CN2/PolyIG-high,FISH1q-CN2/IG_ARDhigh,NA,NA,NA,CHIPID1000357,2,0.31931,10.13892,0,1q2,High,CN2/unIGH High,10.13892,0
CHIPID1000363,P100364,RNAS_CD138_NDMM,TT3b,TT3b,0.24425,0.27098,NA,97,3.06679,1,3.06679,1,2.1079153008699425,1q2,0,1,TT3b,TT3b,FISH0364,2020-04-13,1,0,0,2,2,0,0,91,9,0,0,0,P100364,11.24356,1,0,0,0,0,GEP1q-CN2/PolyIG-high,FISH1q-CN2/IG_ARDlow,NA,NA,NA,CHIPID1000363,2,0.27098,3.06679,1,1q2,Low,CN2/unIGH Low,3.06679,1
CHIPID1000365,P100366,RNAS_CD138_NDMM,TT3b,TT3b,0.59535,0.27028,NA,91,2.55252,1,2.55252,1,2.3085130207342597,1q2,0,1,TT3b,TT3b,FISH0366,2020-06-15,1,0,0,2,2,0,0,88,12,0,0,0,P100366,11.40807,1,0,0,0,0,GEP1q-CN2/PolyIG-high,FISH1q-CN2/IG_ARDlow,NA,NA,NA,CHIPID1000365,2,0.27028,2.55252,1,1q2,Low,CN2/unIGH Low,2.55252,1
CHIPID1000369,P100370,RNAS_CD138_NDMM,TT3b,TT3b,0.41087,0.2399,NA,87,2.63336,0,2.63336,0,3.027523077143495,1q3plus,1,1,TT3b,TT3b,FISH0370,2020-10-19,0,0,1,4plus,4,0,0,37,16,47,0,0,P100370,10.96349064516129,0,0,1,0,0,GEP1q-CN>=3/PolyIG-low,FISH1q-CN>=3/IG_ARDlow,NA,NA,NA,CHIPID1000369,4,0.2399,2.63336,0,1q>=3,Low,CN≥3/unIGH ALL,2.63336,0
CHIPID1000376,P100377,RNAS_CD138_NDMM,TT4_S-TT3,TT4_S-TT3,0.48441,0.17078,NA,90,4.24835,1,4.24835,1,3.0088327851271455,1q3plus,1,1,TT4_S-TT3,TT4_S-TT3,FISH0377,2020-05-26,0,0,1,4plus,4,0,0,41,22,37,0,0,P100377,10.391734838709677,0,0,1,0,0,GEP1q-CN>=3/PolyIG-low,FISH1q-CN>=3/IG_ARDlow,NA,NA,NA,CHIPID1000376,4,0.17078,4.24835,1,1q>=3,Low,CN≥3/unIGH ALL,4.24835,1
CHIPID1000389,P100390,RNAS_CD138_NDMM,TT3a,TT3a,0.50501,0.16642,NA,95,0.61734,1,0.61734,1,1.9977488203188285,1q2,0,1,TT3a,TT3a,FISH0390,2020-06-12,1,0,0,2,2,0,0,97,3,0,0,0,P100390,10.334743548387097,0,0,0,0,0,GEP1q-CN2/PolyIG-low,FISH1q-CN2/IG_ARDlow,NA,NA,NA,CHIPID1000389,2,0.16642,0.61734,1,1q2,Low,CN2/unIGH Low,0.61734,1
CHIPID1000401,P100402,RNAS_CD138_NDMM,TT4_S-TT3,TT4_S-TT3,0.56383,0.26074,NA,90,9.28807,0,9.28807,0,2.7412773990450963,1q3plus,1,1,TT4_S-TT3,TT4_S-TT3,FISH0402,2020-06-24,0,1,0,3,3,0,0,31,69,0,0,0,P100402,11.270230322580645,1,0,1,0,0,GEP1q-CN>=3/PolyIG-high,FISH1q-CN>=3/IG_ARDlow,NA,NA,NA,CHIPID1000401,3,0.26074,9.28807,0,1q>=3,Low,CN≥3/unIGH ALL,9.28807,0
CHIPID1000402,P100403,RNAS_CD138_NDMM,TT4_S-TT3,TT4_S-TT3,0.58152,0.32273,NA,98,9.82739,0,9.82739,0,2.2696880998034814,1q2,0,1,TT4_S-TT3,TT4_S-TT3,FISH0403,2020-07-25,1,0,0,2,2,0,0,93,7,0,0,0,P100403,11.813534193548387,1,0,0,1,0,GEP1q-CN2/PolyIG-high,FISH1q-CN2/IG_ARDhigh,NA,NA,NA,CHIPID1000402,2,0.32273,9.82739,0,1q2,High,CN2/unIGH High,9.82739,0
CHIPID1000407,P100408,RNAS_CD138_NDMM,TT4_S-TT3,TT4_S-TT3,0.16029,0.23108,NA,98,0.72564,0,0.72564,0,2.044693210671717,1q2,0,1,TT4_S-TT3,TT4_S-TT3,FISH0408,2020-12-03,1,0,0,2,2,0,0,97,3,0,0,0,P100408,10.941246451612903,0,0,0,0,0,GEP1q-CN2/PolyIG-low,FISH1q-CN2/IG_ARDlow,NA,NA,NA,CHIPID1000407,2,0.23108,0.72564,0,1q2,Low,CN2/unIGH Low,0.72564,0
CHIPID1000410,P100411,RNAS_CD138_NDMM,TT4_S-TT3,TT4_S-TT3,0.36454,0.32374000000000003,NA,98,5.75412,0,5.75412,0,2.009882717979658,1q2,0,1,TT4_S-TT3,TT4_S-TT3,FISH0411,2020-03-06,1,0,0,2,2,0,0,97,3,0,0,0,P100411,11.86137,1,0,0,1,0,GEP1q-CN2/PolyIG-high,FISH1q-CN2/IG_ARDhigh,NA,NA,NA,CHIPID1000410,2,0.32374000000000003,5.75412,0,1q2,High,CN2/unIGH High,5.75412,0
CHIPID1000415,P100416,RNAS_CD138_NDMM,TT4_S-TT3,TT4_S-TT3,0.27248,0.20277,NA,95,5.75665,0,5.75665,0,2.870553628165729,1q3plus,1,1,TT4_S-TT3,TT4_S-TT3,FISH0416,2020-08-11,0,1,0,3,3,0,0,7,93,0,0,0,P100416,10.64002935483871,0,0,1,0,0,GEP1q-CN>=3/PolyIG-low,FISH1q-CN>=3/IG_ARDlow,NA,NA,NA,CHIPID1000415,3,0.20277,5.75665,0,1q>=3,Low,CN≥3/unIGH ALL,5.75665,0
CHIPID1000424,P100425,RNAS_CD138_NDMM,TT3b,TT3b,0.18706,0.26825,NA,97,0.97462,0,0.97462,0,2.1512743959775653,1q2,0,1,TT3b,TT3b,FISH0425,2020-05-20,1,0,0,2,2,0,0,94,6,0,0,0,P100425,11.211452903225807,1,0,0,0,0,GEP1q-CN2/PolyIG-high,FISH1q-CN2/IG_ARDlow,NA,NA,NA,CHIPID1000424,2,0.26825,0.97462,0,1q2,Low,CN2/unIGH Low,0.97462,0
CHIPID1000425,P100426,RNAS_CD138_NDMM,TT4_S-TT3,TT4_S-TT3,0.13763,0.09125,NA,97,1.73101,1,1.73101,1,2.0418468387944295,1q2,0,1,TT4_S-TT3,TT4_S-TT3,FISH0426,2020-06-21,1,0,0,2,2,0,0,96,4,0,0,0,P100426,9.609201612903226,0,0,0,0,0,GEP1q-CN2/PolyIG-low,FISH1q-CN2/IG_ARDlow,NA,NA,NA,CHIPID1000425,2,0.09125,1.73101,1,1q2,Low,CN2/unIGH Low,1.73101,1
CHIPID1000427,P100428,RNAS_CD138_NDMM,TT3a,TT3a,0.52878,0.23987,NA,95,3.50534,1,3.50534,1,2.9714488081707406,1q3plus,1,1,TT3a,TT3a,FISH0428,2020-08-23,0,1,0,3,3,0,0,7,93,0,0,0,P100428,10.894175483870967,0,0,1,0,0,GEP1q-CN>=3/PolyIG-low,FISH1q-CN>=3/IG_ARDlow,NA,NA,NA,CHIPID1000427,3,0.23987,3.50534,1,1q>=3,Low,CN≥3/unIGH ALL,3.50534,1
CHIPID1000428,P100429,RNAS_CD138_NDMM,TT3a,TT3a,0.16083,0.24918,NA,94,14.0379,0,14.0379,0,2.576375156870131,1q3plus,1,1,TT3a,TT3a,FISH0429,2020-09-24,0,1,0,3,3,0,0,36,64,0,0,0,P100429,11.096138709677419,1,0,1,0,0,GEP1q-CN>=3/PolyIG-high,FISH1q-CN>=3/IG_ARDlow,NA,NA,NA,CHIPID1000428,3,0.24918,14.0379,0,1q>=3,Low,CN≥3/unIGH ALL,14.0379,0
CHIPID1000432,P100433,RNAS_CD138_NDMM,TT4_S-TT3,TT4_S-TT3,0.5714,0.27835,NA,95,1.27666,0,1.27666,0,2.406595541239543,1q2,0,1,TT4_S-TT3,TT4_S-TT3,FISH0433,2020-01-01,1,0,0,2,2,0,0,94,6,0,0,0,P100433,11.35415,1,0,0,0,0,GEP1q-CN2/PolyIG-high,FISH1q-CN2/IG_ARDlow,NA,NA,NA,CHIPID1000432,2,0.27835,1.27666,0,1q2,Low,CN2/unIGH Low,1.27666,0
CHIPID1000434,P100435,RNAS_CD138_NDMM,TT3a,TT3a,0.45362,0.37118,NA,89,0.78433,1,0.78433,1,2.818901372556203,1q3plus,1,1,TT3a,TT3a,FISH0435,2020-03-03,0,1,0,3,3,0,0,24,76,0,0,0,P100435,12.33434193548387,1,0,1,1,0,GEP1q-CN>=3/PolyIG-high,FISH1q-CN>=3/IG_ARDhigh,NA,NA,NA,CHIPID1000434,3,0.37118,0.78433,1,1q>=3,High,CN≥3/unIGH ALL,0.78433,1
CHIPID1000443,P100444,RNAS_CD138_NDMM,TT4_S-TT3,TT4_S-TT3,0.33099,0.26563,NA,94,10.18441,0,10.18441,0,2.1521400972249842,1q2,0,1,TT4_S-TT3,TT4_S-TT3,FISH0444,2020-12-12,1,0,0,2,2,0,0,87,13,0,0,0,P100444,11.265410322580646,1,0,0,0,0,GEP1q-CN2/PolyIG-high,FISH1q-CN2/IG_ARDlow,NA,NA,NA,CHIPID1000443,2,0.26563,10.18441,0,1q2,Low,CN2/unIGH Low,10.18441,0
CHIPID1000444,P100445,RNAS_CD138_NDMM,TT3b,TT3b,0.21764,0.13549,NA,90,0.87298,1,0.87298,1,2.780977114266593,1q3plus,1,1,TT3b,TT3b,FISH0445,2020-01-13,0,1,0,3,3,0,0,23,77,0,0,0,P100445,9.808556774193548,0,0,1,0,0,GEP1q-CN>=3/PolyIG-low,FISH1q-CN>=3/IG_ARDlow,NA,NA,NA,CHIPID1000444,3,0.13549,0.87298,1,1q>=3,Low,CN≥3/unIGH ALL,0.87298,1
CHIPID1000451,P100452,RNAS_CD138_NDMM,TT4_S-TT3,TT4_S-TT3,0.35933,0.24149,NA,87,0.90612,1,0.90612,1,2.7053696996165084,1q3plus,1,1,TT4_S-TT3,TT4_S-TT3,FISH0452,2020-08-20,0,1,0,3,3,0,0,29,71,0,0,0,P100452,10.927551612903226,0,0,1,0,0,GEP1q-CN>=3/PolyIG-low,FISH1q-CN>=3/IG_ARDlow,NA,NA,NA,CHIPID1000451,3,0.24149,0.90612,1,1q>=3,Low,CN≥3/unIGH ALL,0.90612,1
CHIPID1000457,P100458,RNAS_CD138_NDMM,TT4_S-TT3,TT4_S-TT3,0.53018,0.29491,NA,91,11.00652,0,11.00652,0,2.598043388162769,1q3plus,1,1,TT4_S-TT3,TT4_S-TT3,FISH0458,2020-02-26,0,1,0,3,3,0,0,29,71,0,0,0,P100458,11.608279677419356,1,0,1,1,0,GEP1q-CN>=3/PolyIG-high,FISH1q-CN>=3/IG_ARDhigh,NA,NA,NA,CHIPID1000457,3,0.29491,11.00652,0,1q>=3,High,CN≥3/unIGH ALL,11.00652,0
CHIPID1000460,P100461,RNAS_CD138_NDMM,TT3a,TT3a,0.16851,0.4119,NA,92,3.46555,0,3.46555,0,2.1163672380353664,1q2,0,1,TT3a,TT3a,FISH0461,2020-05-02,1,0,0,2,2,0,0,95,5,0,0,0,P100461,12.659688387096773,1,0,0,1,0,GEP1q-CN2/PolyIG-high,FISH1q-CN2/IG_ARDhigh,NA,NA,NA,CHIPID1000460,2,0.4119,3.46555,0,1q2,High,CN2/unIGH High,3.46555,0
CHIPID1000461,P100462,RNAS_CD138_NDMM,TT3a,TT3a,0.29138,0.0447,NA,89,2.49567,1,2.49567,1,2.9265090225939367,1q3plus,1,1,TT3a,TT3a,FISH0462,2020-06-03,0,0,1,4plus,4,0,0,41,18,41,0,0,P100462,9.074340645161291,0,0,1,0,0,GEP1q-CN>=3/PolyIG-low,FISH1q-CN>=3/IG_ARDlow,NA,NA,NA,CHIPID1000461,4,0.0447,2.49567,1,1q>=3,Low,CN≥3/unIGH ALL,2.49567,1
CHIPID1000468,P100469,RNAS_CD138_NDMM,TT3b,TT3b,0.5006,0.13389,NA,91,5.74631,0,5.74631,0,2.6815115815224315,1q3plus,1,1,TT3b,TT3b,FISH0469,2020-01-10,0,1,0,3,3,0,0,32,68,0,0,0,P100469,9.934783225806452,0,0,1,0,0,GEP1q-CN>=3/PolyIG-low,FISH1q-CN>=3/IG_ARDlow,NA,NA,NA,CHIPID1000468,3,0.13389,5.74631,0,1q>=3,Low,CN≥3/unIGH ALL,5.74631,0
CHIPID1000476,P100477,RNAS_CD138_NDMM,TT3b,TT3b,0.34814,0.25582,NA,93,3.03091,1,3.03091,1,2.278125925483376,1q2,0,1,TT3b,TT3b,FISH0477,2020-09-18,1,0,0,2,2,0,0,84,16,0,0,0,P100477,11.11743,1,0,0,0,0,GEP1q-CN2/PolyIG-high,FISH1q-CN2/IG_ARDlow,NA,NA,NA,CHIPID1000476,2,0.25582,3.03091,1,1q2,Low,CN2/unIGH Low,3.03091,1
CHIPID1000479,P100480,RNAS_CD138_NDMM,TT3b,TT3b,0.50434,0.23707,NA,86,12.01147,0,12.01147,0,2.637019692892889,1q3plus,1,1,TT3b,TT3b,FISH0480,2020-12-21,0,1,0,3,3,0,0,32,68,0,0,0,P100480,10.925739032258065,0,0,1,0,0,GEP1q-CN>=3/PolyIG-low,FISH1q-CN>=3/IG_ARDlow,NA,NA,NA,CHIPID1000479,3,0.23707,12.01147,0,1q>=3,Low,CN≥3/unIGH ALL,12.01147,0
CHIPID1000486,P100487,RNAS_CD138_NDMM,TT3b,TT3b,0.57466,0.24334,NA,90,1.05278,0,1.05278,0,2.1904265211737988,1q2,0,1,TT3b,TT3b,FISH0487,2020-07-01,1,0,0,2,2,0,0,89,11,0,0,0,P100487,11.051214193548388,1,0,0,0,0,GEP1q-CN2/PolyIG-high,FISH1q-CN2/IG_ARDlow,NA,NA,NA,CHIPID1000486,2,0.24334,1.05278,0,1q2,Low,CN2/unIGH Low,1.05278,0
CHIPID1000490,P100491,RNAS_CD138_NDMM,TT4_S-TT3,TT4_S-TT3,0.4129,0.20936,NA,95,4.67732,0,4.67732,0,2.1909709674616877,1q2,0,1,TT4_S-TT3,TT4_S-TT3,FISH0491,2020-11-05,1,0,0,2,2,0,0,91,9,0,0,0,P100491,10.670626129032257,0,0,0,0,0,GEP1q-CN2/PolyIG-low,FISH1q-CN2/IG_ARDlow,NA,NA,NA,CHIPID1000490,2,0.20936,4.67732,0,1q2,Low,CN2/unIGH Low,4.67732,0
CHIPID1000493,P100494,RNAS_CD138_NDMM,TT3a,TT3a,0.16023,0.28664,NA,89,8.26469,1,8.26469,1,3.2120414228676952,1q3plus,1,1,TT3a,TT3a,FISH0494,2020-02-08,0,0,1,4plus,4,0,0,30,15,55,0,0,P100494,11.51555935483871,1,0,1,0,0,GEP1q-CN>=3/PolyIG-high,FISH1q-CN>=3/IG_ARDlow,NA,NA,NA,CHIPID1000493,4,0.28664,8.26469,1,1q>=3,Low,CN≥3/unIGH ALL,8.26469,1
CHIPID1000495,P100496,RNAS_CD138_NDMM,TT3b,TT3b,0.29677,0.27684,NA,98,6.94114,0,6.94114,0,2.8594666775875384,1q3plus,1,1,TT3b,TT3b,FISH0496,2020-04-10,0,1,0,3,3,0,0,8,92,0,0,0,P100496,11.409967419354839,1,0,1,0,0,GEP1q-CN>=3/PolyIG-high,FISH1q-CN>=3/IG_ARDlow,NA,NA,NA,CHIPID1000495,3,0.27684,6.94114,0,1q>=3,Low,CN≥3/unIGH ALL,6.94114,0
CHIPID1000496,P100497,RNAS_CD138_NDMM,TT4_S-TT3,TT4_S-TT3,0.34298,0.10313,NA,88,3.062,1,3.062,1,2.895038534928612,1q3plus,1,1,TT4_S-TT3,TT4_S-TT3,FISH0497,2020-05-11,0,1,0,3,3,0,0,18,82,0,0,0,P100497,9.653669032258065,0,0,1,0,0,GEP1q-CN>=3/PolyIG-low,FISH1q-CN>=3/IG_ARDlow,NA,NA,NA,CHIPID1000496,3,0.10313,3.062,1,1q>=3,Low,CN≥3/unIGH ALL,3.062,1
CHIPID1000498,P100499,RNAS_CD138_NDMM,TT3b,TT3b,0.22782,0.45652,NA,98,15.14255,0,15.14255,0,2.1190530028109396,1q2,0,1,TT3b,TT3b,FISH0499,2020-07-13,1,0,0,2,2,0,0,95,5,0,0,0,P100499,13.197652580645162,1,0,0,1,0,GEP1q-CN2/PolyIG-high,FISH1q-CN2/IG_ARDhigh,NA,NA,NA,CHIPID1000498,2,0.45652,15.14255,0,1q2,High,CN2/unIGH High,15.14255,0
CHIPID1000504,P100505,RNAS_CD138_NDMM,TT3a,TT3a,0.41944,0.26811,NA,95,7.76308,0,7.76308,0,2.1264222696329753,1q2,0,1,TT3a,TT3a,FISH0505,2020-01-19,1,0,0,2,2,0,0,96,4,0,0,0,P100505,11.312134516129031,1,0,0,0,0,GEP1q-CN2/PolyIG-high,FISH1q-CN2/IG_ARDlow,NA,NA,NA,CHIPID1000504,2,0.26811,7.76308,0,1q2,Low,CN2/unIGH Low,7.76308,0
CHIPID1000507,P100508,RNAS_CD138_NDMM,TT4_S-TT3,TT4_S-TT3,0.21837,0.33901,NA,95,3.17174,0,3.17174,0,3.0368272423245015,1q3plus,1,1,TT4_S-TT3,TT4_S-TT3,FISH0508,2020-04-22,0,1,0,3,3,0,0,8,92,0,0,0,P100508,11.973316774193549,1,0,1,1,0,GEP1q-CN>=3/PolyIG-high,FISH1q-CN>=3/IG_ARDhigh,NA,NA,NA,CHIPID1000507,3,0.33901,3.17174,0,1q>=3,High,CN≥3/unIGH ALL,3.17174,0
CHIPID1000521,P100522,RNAS_CD138_NDMM,TT4_S-TT3,TT4_S-TT3,0.21495,0.19877,NA,96,7.50944,0,7.50944,0,2.7831293082664215,1q3plus,1,1,TT4_S-TT3,TT4_S-TT3,FISH0522,2020-06-09,0,1,0,3,3,0,0,5,95,0,0,0,P100522,10.582061290322581,0,0,1,0,0,GEP1q-CN>=3/PolyIG-low,FISH1q-CN>=3/IG_ARDlow,NA,NA,NA,CHIPID1000521,3,0.19877,7.50944,0,1q>=3,Low,CN≥3/unIGH ALL,7.50944,0
CHIPID1000524,P100525,RNAS_CD138_NDMM,TT3a,TT3a,0.54722,0.16688,NA,95,2.22321,1,2.22321,1,1.89374789570853,1q2,0,1,TT3a,TT3a,FISH0525,2020-09-12,1,0,0,2,2,0,0,93,7,0,0,0,P100525,10.279437419354839,0,0,0,0,0,GEP1q-CN2/PolyIG-low,FISH1q-CN2/IG_ARDlow,NA,NA,NA,CHIPID1000524,2,0.16688,2.22321,1,1q2,Low,CN2/unIGH Low,2.22321,1
CHIPID1000525,P100526,RNAS_CD138_NDMM,TT4_S-TT3,TT4_S-TT3,0.52841,0.39386,NA,86,4.00594,0,4.00594,0,2.75198708469878,1q3plus,1,1,TT4_S-TT3,TT4_S-TT3,FISH0526,2020-10-13,0,1,0,3,3,0,0,21,79,0,0,0,P100526,12.626778709677419,1,0,1,1,0,GEP1q-CN>=3/PolyIG-high,FISH1q-CN>=3/IG_ARDhigh,NA,NA,NA,CHIPID1000525,3,0.39386,4.00594,0,1q>=3,High,CN≥3/unIGH ALL,4.00594,0
CHIPID1000527,P100528,RNAS_CD138_NDMM,TT3a,TT3a,0.57647,0.1693,NA,97,0.9203,1,0.9203,1,2.263571801164226,1q2,0,1,TT3a,TT3a,FISH0528,2020-12-15,1,0,0,2,2,0,0,92,8,0,0,0,P100528,10.273347096774193,0,0,0,0,0,GEP1q-CN2/PolyIG-low,FISH1q-CN2/IG_ARDlow,NA,NA,NA,CHIPID1000527,2,0.1693,0.9203,1,1q2,Low,CN2/unIGH Low,0.9203,1
CHIPID1000535,P100536,RNAS_CD138_NDMM,TT4_S-TT3,TT4_S-TT3,0.24471,0.35906,NA,89,3.31627,0,3.31627,0,2.7210698168711827,1q3plus,1,1,TT4_S-TT3,TT4_S-TT3,FISH0536,2020-08-23,0,1,0,3,3,0,0,28,72,0,0,0,P100536,12.121937096774193,1,0,1,1,0,GEP1q-CN>=3/PolyIG-high,FISH1q-CN>=3/IG_ARDhigh,NA,NA,NA,CHIPID1000535,3,0.35906,3.31627,0,1q>=3,High,CN≥3/unIGH ALL,3.31627,0
CHIPID1000540,P100541,RNAS_CD138_NDMM,TT3b,TT3b,0.33008,0.21789,NA,95,5.87221,1,5.87221,1,1.9961455083626969,1q2,0,1,TT3b,TT3b,FISH0541,2020-01-01,1,0,0,2,2,0,0,92,8,0,0,0,P100541,10.741254516129032,0,0,0,0,0,GEP1q-CN2/PolyIG-low,FISH1q-CN2/IG_ARDlow,NA,NA,NA,CHIPID1000540,2,0.21789,5.87221,1,1q2,Low,CN2/unIGH Low,5.87221,1
CHIPID1000541,P100542,RNAS_CD138_NDMM,TT3a,TT3a,0.21963,0.29783,NA,95,13.442,0,13.442,0,2.1381384355150463,1q2,0,1,TT3a,TT3a,FISH0542,2020-02-02,1,0,0,2,2,0,0,97,3,0,0,0,P100542,11.67817,1,0,0,1,0,GEP1q-CN2/PolyIG-high,FISH1q-CN2/IG_ARDhigh,NA,NA,NA,CHIPID1000541,2,0.29783,13.442,0,1q2,High,CN2/unIGH High,13.442,0
CHIPID1000544,P100545,RNAS_CD138_NDMM,TT3a,TT3a,0.14638,0.15615,NA,95,0.1,1,0.1,1,2.7367807171090837,1q3plus,1,1,TT3a,TT3a,FISH0545,2020-05-05,0,1,0,3,3,0,0,8,92,0,0,0,P100545,10.190632580645161,0,0,1,0,0,GEP1q-CN>=3/PolyIG-low,FISH1q-CN>=3/IG_ARDlow,NA,NA,NA,CHIPID1000544,3,0.15615,0.1,1,1q>=3,Low,CN≥3/unIGH ALL,0.1,1
CHIPID1000553,P100554,RNAS_CD138_NDMM,TT3b,TT3b,0.20161,0.30274,NA,97,5.55848,0,5.55848,0,2.0716198579589227,1q2,0,1,TT3b,TT3b,FISH0554,2020-02-14,1,0,0,2,2,0,0,97,3,0,0,0,P100554,11.64760806451613,1,0,0,1,0,GEP1q-CN2/PolyIG-high,FISH1q-CN2/IG_ARDhigh,NA,NA,NA,CHIPID1000553,2,0.30274,5.55848,0,1q2,High,CN2/unIGH High,5.55848,0
CHIPID1000557,P100558,RNAS_CD138_NDMM,TT4_S-TT3,TT4_S-TT3,0.41341,0.2686,NA,90,11.3275,0,11.3275,0,2.5704323497159423,1q3plus,1,1,TT4_S-TT3,TT4_S-TT3,FISH0558,2020-06-18,0,1,0,3,3,0,0,31,69,0,0,0,P100558,11.348713870967742,1,0,1,0,0,GEP1q-CN>=3/PolyIG-high,FISH1q-CN>=3/IG_ARDlow,NA,NA,NA,CHIPID1000557,3,0.2686,11.3275,0,1q>=3,Low,CN≥3/unIGH ALL,11.3275,0
CHIPID1000559,P100560,RNAS_CD138_NDMM,TT3b,TT3b,0.2154,0.29631,NA,90,9.94786,0,9.94786,0,2.9514371635953855,1q3plus,1,1,TT3b,TT3b,FISH0560,2020-08-20,0,1,0,3,3,0,0,15,85,0,0,0,P100560,11.581949677419354,1,0,1,1,0,GEP1q-CN>=3/PolyIG-high,FISH1q-CN>=3/IG_ARDhigh,NA,NA,NA,CHIPID1000559,3,0.29631,9.94786,0,1q>=3,High,CN≥3/unIGH ALL,9.94786,0
CHIPID1000562,P100563,RNAS_CD138_NDMM,TT3a,TT3a,0.37347,0.35117,NA,90,1.27551,0,1.27551,0,2.2237364500936985,1q2,0,1,TT3a,TT3a,FISH0563,2020-11-23,1,0,0,2,2,0,0,90,10,0,0,0,P100563,12.14559741935484,1,0,0,1,0,GEP1q-CN2/PolyIG-high,FISH1q-CN2/IG_ARDhigh,NA,NA,NA,CHIPID1000562,2,0.35117,1.27551,0,1q2,High,CN2/unIGH High,1.27551,0
CHIPID1000563,P100564,RNAS_CD138_NDMM,TT4_S-TT3,TT4_S-TT3,0.47174,0.20098,NA,86,7.13023,0,7.13023,0,2.793466560823957,1q3plus,1,1,TT4_S-TT3,TT4_S-TT3,FISH0564,2020-12-24,0,1,0,3,3,0,0,30,70,0,0,0,P100564,10.509118387096773,0,0,1,0,0,GEP1q-CN>=3/PolyIG-low,FISH1q-CN>=3/IG_ARDlow,NA,NA,NA,CHIPID1000563,3,0.20098,7.13023,0,1q>=3,Low,CN≥3/unIGH ALL,7.13023,0
CHIPID1000567,P100568,RNAS_CD138_NDMM,TT3b,TT3b,0.26588,0.1397,NA,95,4.25663,1,4.25663,1,2.0575541499310637,1q2,0,1,TT3b,TT3b,FISH0568,2020-04-01,1,0,0,2,2,0,0,93,7,0,0,0,P100568,10.014333225806451,0,0,0,0,0,GEP1q-CN2/PolyIG-low,FISH1q-CN2/IG_ARDlow,NA,NA,NA,CHIPID1000567,2,0.1397,4.25663,1,1q2,Low,CN2/unIGH Low,4.25663,1
CHIPID1000568,P100569,RNAS_CD138_NDMM,TT3a,TT3a,0.12013,0.28547,NA,92,2.38949,1,2.38949,1,2.7028463204234643,1q3plus,1,1,TT3a,TT3a,FISH0569,2020-05-02,0,1,0,3,3,0,0,28,72,0,0,0,P100569,11.432544516129033,1,0,1,0,0,GEP1q-CN>=3/PolyIG-high,FISH1q-CN>=3/IG_ARDlow,NA,NA,NA,CHIPID1000568,3,0.28547,2.38949,1,1q>=3,Low,CN≥3/unIGH ALL,2.38949,1
CHIPID1000569,P100570,RNAS_CD138_NDMM,TT4_S-TT3,TT4_S-TT3,0.26468,0.21919,NA,96,7.77479,1,7.77479,1,2.940204996616248,1q3plus,1,1,TT4_S-TT3,TT4_S-TT3,FISH0570,2020-06-03,0,1,0,3,3,0,0,3,97,0,0,0,P100570,10.75392870967742,0,0,1,0,0,GEP1q-CN>=3/PolyIG-low,FISH1q-CN>=3/IG_ARDlow,NA,NA,NA,CHIPID1000569,3,0.21919,7.77479,1,1q>=3,Low,CN≥3/unIGH ALL,7.77479,1
