"Gene_Set","Input_Probe_ID","Probe_ID_Resolution","Probe_ID","Gene"
"PolyIG","PROBE0150_a","Appended terminal t","PROBE0150_at","IG30"
"PolyIG","PROBE0136_a","Appended terminal t","PROBE0136_at","IG16"
"PolyIG","PROBE0124_a","Appended terminal t","PROBE0124_at","IG04"
"PolyIG","PROBE0138_a","Appended terminal t","PROBE0138_at","IG18"
"PolyIG","PROBE0143_a","Appended terminal t","PROBE0143_at","IG23"
"PolyIG","PROBE0133_a","Appended terminal t","PROBE0133_at","IG13"
"PolyIG","PROBE0147_a","Appended terminal t","PROBE0147_at","IG27"
"PolyIG","PROBE0126_a","Appended terminal t","PROBE0126_at","IG06"
"PolyIG","PROBE0121_a","Appended terminal t","PROBE0121_at","IG01"
"PolyIG","PROBE0135_a","Appended terminal t","PROBE0135_at","IG15"
"PolyIG","PROBE0131_a","Appended terminal t","PROBE0131_at","IG11"
"PolyIG","PROBE0130_a","Appended terminal t","PROBE0130_at","IG10"
"PolyIG","PROBE0148_a","Appended terminal t","PROBE0148_at","IG28"
"PolyIG","PROBE0132_a","Appended terminal t","PROBE0132_at","IG12"
"PolyIG","PROBE0123_a","Appended terminal t","PROBE0123_at","IG03"
"PolyIG","PROBE0151_a","Appended terminal t","PROBE0151_at","IG31"
"PolyIG","PROBE0144_a","Appended terminal t","PROBE0144_at","IG24"
"PolyIG","PROBE0149_a","Appended terminal t","PROBE0149_at","IG29"
"PolyIG","PROBE0142_a","Appended terminal t","PROBE0142_at","IG22"
"PolyIG","PROBE0146_a","Appended terminal t","PROBE0146_at","IG26"
"PolyIG","PROBE0137_a","Appended terminal t","PROBE0137_at","IG17"
"PolyIG","PROBE0145_a","Appended terminal t","PROBE0145_at","IG25"
"PolyIG","PROBE0134_a","Appended terminal t","PROBE0134_at","IG14"
"PolyIG","PROBE0129_a","Appended terminal t","PROBE0129_at","IG09"
"PolyIG","PROBE0141_a","Appended terminal t","PROBE0141_at","IG21"
"PolyIG","PROBE0122_a","Appended terminal t","PROBE0122_at","IG02"
"PolyIG","PROBE0125_a","Appended terminal t","PROBE0125_at","IG05"
"PolyIG","PROBE0140_a","Appended terminal t","PROBE0140_at","IG20"
"PolyIG","PROBE0128_a","Appended terminal t","PROBE0128_at","IG08"
"PolyIG","PROBE0127_a","Appended terminal t","PROBE0127_at","IG07"
"PolyIG","PROBE0139_a","Appended terminal t","PROBE0139_at","IG19"
