"Internal_Row_ID","GENE","Signature"
"PolyIG__IG30","IG30","PolyIG"
"PolyIG__IG16","IG16","PolyIG"
"PolyIG__IG04","IG04","PolyIG"
"PolyIG__IG18","IG18","PolyIG"
"PolyIG__IG23","IG23","PolyIG"
"PolyIG__IG13","IG13","PolyIG"
"PolyIG__IG27","IG27","PolyIG"
"PolyIG__IG06","IG06","PolyIG"
"PolyIG__IG01","IG01","PolyIG"
"PolyIG__IG15","IG15","PolyIG"
"PolyIG__IG11","IG11","PolyIG"
"PolyIG__IG10","IG10","PolyIG"
"PolyIG__IG28","IG28","PolyIG"
"PolyIG__IG12","IG12","PolyIG"
"PolyIG__IG03","IG03","PolyIG"
"PolyIG__IG31","IG31","PolyIG"
"PolyIG__IG24","IG24","PolyIG"
"PolyIG__IG29","IG29","PolyIG"
"PolyIG__IG22","IG22","PolyIG"
"PolyIG__IG26","IG26","PolyIG"
"PolyIG__IG17","IG17","PolyIG"
"PolyIG__IG25","IG25","PolyIG"
"PolyIG__IG14","IG14","PolyIG"
"PolyIG__IG09","IG09","PolyIG"
"PolyIG__IG21","IG21","PolyIG"
"PolyIG__IG02","IG02","PolyIG"
"PolyIG__IG05","IG05","PolyIG"
"PolyIG__IG20","IG20","PolyIG"
"PolyIG__IG08","IG08","PolyIG"
"PolyIG__IG07","IG07","PolyIG"
"PolyIG__IG19","IG19","PolyIG"
"GEP1q__GEP1Q27","GEP1Q27","GEP1q"
"GEP1q__GEP1Q07","GEP1Q07","GEP1q"
"GEP1q__GEP1Q30","GEP1Q30","GEP1q"
"GEP1q__GEP1Q09","GEP1Q09","GEP1q"
"GEP1q__GEP1Q19","GEP1Q19","GEP1q"
"GEP1q__GEP1Q03","GEP1Q03","GEP1q"
"GEP1q__GEP1Q21","GEP1Q21","GEP1q"
"GEP1q__GEP1Q02","GEP1Q02","GEP1q"
"GEP1q__GEP1Q110","GEP1Q110","GEP1q"
"GEP1q__GEP1Q43","GEP1Q43","GEP1q"
"GEP1q__GEP1Q72","GEP1Q72","GEP1q"
"GEP1q__GEP1Q17","GEP1Q17","GEP1q"
"GEP1q__GEP1Q97","GEP1Q97","GEP1q"
"GEP1q__GEP1Q01","GEP1Q01","GEP1q"
"GEP1q__GEP1Q16","GEP1Q16","GEP1q"
"GEP1q__GEP1Q33","GEP1Q33","GEP1q"
"GEP1q__GEP1Q18","GEP1Q18","GEP1q"
"GEP1q__GEP1Q46","GEP1Q46","GEP1q"
"GEP1q__GEP1Q29","GEP1Q29","GEP1q"
"GEP1q__GEP1Q10","GEP1Q10","GEP1q"
"GEP1q__GEP1Q04","GEP1Q04","GEP1q"
"GEP1q__GEP1Q35","GEP1Q35","GEP1q"
"GEP1q__GEP1Q89","GEP1Q89","GEP1q"
"GEP1q__GEP1Q12","GEP1Q12","GEP1q"
"GEP1q__GEP1Q61","GEP1Q61","GEP1q"
"GEP1q__GEP1Q13","GEP1Q13","GEP1q"
"GEP1q__GEP1Q106","GEP1Q106","GEP1q"
"GEP1q__GEP1Q24","GEP1Q24","GEP1q"
"GEP1q__GEP1Q42","GEP1Q42","GEP1q"
"GEP1q__GEP1Q15","GEP1Q15","GEP1q"
"GEP1q__GEP1Q05","GEP1Q05","GEP1q"
"GEP1q__GEP1Q31","GEP1Q31","GEP1q"
"GEP1q__GEP1Q32","GEP1Q32","GEP1q"
"GEP1q__GEP1Q82","GEP1Q82","GEP1q"
"GEP1q__GEP1Q70","GEP1Q70","GEP1q"
"GEP1q__GEP1Q56","GEP1Q56","GEP1q"
"GEP1q__GEP1Q36","GEP1Q36","GEP1q"
"GEP1q__GEP1Q105","GEP1Q105","GEP1q"
"GEP1q__GEP1Q22","GEP1Q22","GEP1q"
"GEP1q__GEP1Q14","GEP1Q14","GEP1q"
