Sample_ID,MGUS,GEP70_High
CHIPID4000000,1,0
CHIPID4000001,1,0
CHIPID4000003,1,0
CHIPID4000004,1,0
CHIPID4000005,1,0
CHIPID4000006,1,0
CHIPID4000007,1,0
CHIPID4000010,1,0
CHIPID4000012,1,0
CHIPID4000014,1,0
CHIPID4000015,1,0
CHIPID4000018,1,0
CHIPID4000019,1,0
CHIPID4000020,1,0
CHIPID4000022,1,0
CHIPID4000023,1,0
CHIPID4000026,1,0
CHIPID4000028,1,0
CHIPID4000029,1,0
CHIPID4000030,1,0
CHIPID4000031,1,0
CHIPID4000035,1,0
CHIPID4000036,1,0
CHIPID4000037,1,0
CHIPID4000039,1,0
CHIPID4000040,1,0
CHIPID4000044,1,0
CHIPID4000045,1,0
CHIPID4000046,1,0
CHIPID4000047,1,0
CHIPID4000048,1,0
CHIPID4000049,1,0
CHIPID4000051,1,0
CHIPID4000056,1,0
CHIPID4000057,1,0
CHIPID4000058,1,0
CHIPID4000060,1,0
CHIPID4000066,1,0
CHIPID4000073,1,0
CHIPID4000074,1,0
CHIPID4000075,1,0
CHIPID4000079,1,0
CHIPID4000082,1,0
CHIPID4000085,1,0
CHIPID4000088,1,0
CHIPID2000001,0,1
CHIPID2000011,0,1
CHIPID2000015,0,1
CHIPID2000018,0,1
CHIPID2000025,0,1
CHIPID2000070,0,1
CHIPID2000076,0,1
CHIPID2000079,0,1
CHIPID2000101,0,1
CHIPID2000134,0,1
CHIPID2000139,0,1
CHIPID2000146,0,1
CHIPID2000161,0,1
CHIPID2000177,0,1
CHIPID2000205,0,1
CHIPID2000219,0,1
CHIPID2000224,0,1
CHIPID2000243,0,1
CHIPID2000299,0,1
CHIPID2000301,0,1
CHIPID2000325,0,1
CHIPID2000331,0,1
CHIPID2000335,0,1
CHIPID2000367,0,1
CHIPID2000377,0,1
CHIPID2000381,0,1
CHIPID2000405,0,1
CHIPID2000408,0,1
CHIPID2000417,0,1
CHIPID2000418,0,1
CHIPID2000421,0,1
CHIPID2000422,0,1
CHIPID2000429,0,1
CHIPID2000452,0,1
CHIPID2000454,0,1
CHIPID2000456,0,1
CHIPID2000506,0,1
CHIPID2000512,0,1
CHIPID2000514,0,1
CHIPID2000522,0,1
CHIPID2000530,0,1
CHIPID2000531,0,1
CHIPID2000545,0,1
