Gene,PC_ME_Other,PC_ME_Other_Label,CHR_ARM,locus_type_n54675,N_MGUS,N_GEP70_High,Mean_MGUS,Mean_GEP70_High,Log2FC_GEP70_High_vs_MGUS,FoldChange_GEP70_High_over_MGUS,T_Statistic,B_Statistic,PValue,FDR,Direction
MEHIGH008,2,Microenvironment,20q,protein_coding,45,43,9.252862222222221,11.39620465116279,2.1433424289405654,4.417843855603717,16.2151406725716,55.89440291511017,3.23212977890149e-29,1.2928519115605961e-25,Up in GEP70>0.66
MEHIGH073,2,Microenvironment,7q,protein_coding,45,43,10.226450666666667,12.538173023255814,2.3117223565891507,4.964754418356531,15.786506477716594,54.05635962456644,2.1069079251992235e-28,4.213815850398447e-25,Up in GEP70>0.66
MEMGUS011,2,Microenvironment,20q,protein_coding,45,43,10.429274222222222,8.39002976744186,-2.039244454780361,0.24329111603573067,-15.195740776883985,51.48350053971995,2.8988361743111793e-27,3.865114899081572e-24,Up in MGUS
MEHIGH065,2,Microenvironment,15q,protein_coding,45,43,7.068138222222222,9.156858837209302,2.0887206149870803,4.25370686048453,15.07358907092212,50.94584978702788,5.0119345192279306e-27,5.0119345192279306e-24,Up in GEP70>0.66
MEHIGH013,2,Microenvironment,7q,protein_coding,45,43,7.007748,8.957795348837209,1.9500473488372103,3.8638721247927146,14.859729336565518,49.99992302082717,1.312908914454405e-26,1.0503271315635239e-23,Up in GEP70>0.66
MEHIGH063,2,Microenvironment,10q,protein_coding,45,43,10.151735555555556,12.083121162790698,1.9313856072351427,3.8142135177044345,14.500505499527303,48.39792786595921,6.702093784291353e-26,4.468062522860902e-23,Up in GEP70>0.66
MEHIGH044,2,Microenvironment,20q,protein_coding,45,43,8.908093333333333,11.026922325581396,2.118828992248064,4.343412554704459,13.333596183761994,43.08465178072664,1.485025346926785e-23,8.485859125295915e-21,Up in GEP70>0.66
MEMGUS035,2,Microenvironment,20q,protein_coding,45,43,9.427215111111112,7.638933023255814,-1.788282087855297,0.289516587298452,-13.27311747662111,42.80491499587781,1.972992010272693e-23,9.864960051363466e-21,Up in MGUS
MEHIGH094,2,Microenvironment,2p,protein_coding,45,43,11.572558222222222,13.469314186046512,1.8967559638242921,3.7237493427198833,13.034446979249848,41.697000346987636,6.07773350193635e-23,2.701214889749489e-20,Up in GEP70>0.66
MEHIGH025,2,Microenvironment,7q,protein_coding,45,43,10.299810666666668,12.094246976744186,1.7944363100775202,3.46879915431183,12.834574856640815,40.76442112339126,1.5665113031437257e-22,6.266045212574903e-20,Up in GEP70>0.66
MEMGUS003,2,Microenvironment,4q,protein_coding,45,43,10.708449111111111,8.738738837209302,-1.9697102739018142,0.255304297209946,-12.670390434648297,39.99520341332672,3.420060598161019e-22,1.2436583993312796e-19,Up in MGUS
MEHIGH026,2,Microenvironment,9p,protein_coding,45,43,8.854520888888889,10.92277465116279,2.0682537622739012,4.193787501790677,12.56990002967759,39.52303078467416,5.52279631178641e-22,1.8409321039288033e-19,Up in GEP70>0.66
MEHIGH005,2,Microenvironment,15q,protein_coding,45,43,8.902106222222223,10.658251162790698,1.756144940568472,3.3779428981762405,12.444725608110815,38.93345869683252,1.0046277701105885e-21,3.0911623695710415e-19,Up in GEP70>0.66
MEHIGH100,2,Microenvironment,12p,protein_coding,45,43,7.869335555555556,9.400820697674419,1.5314851421188598,2.890832746885867,12.386857029733587,38.66037587977693,1.3254190969620676e-21,3.7869117056059076e-19,Up in GEP70>0.66
MEMGUS045,2,Microenvironment,18q,protein_coding,45,43,11.342777111111111,9.523349302325581,-1.819427808785532,0.2833333226442531,-12.283345908300813,38.17109891111866,2.17752834918596e-21,5.806742264495894e-19,Up in MGUS
MEMGUS032,2,Microenvironment,15q,protein_coding,45,43,9.135331777777777,7.823652093023256,-1.3116796847545213,0.40285157896302515,-12.110261645285052,37.35070978339651,5.0054892144781664e-21,1.2513723036195415e-18,Up in MGUS
MEHIGH092,2,Microenvironment,20q,protein_coding,45,43,9.544419777777778,10.89380930232558,1.3493895245478011,2.548042823850615,12.049266915778043,37.060951271386386,6.7159854114145485e-21,1.5802318615093055e-18,Up in GEP70>0.66
MEHIGH034,2,Microenvironment,2p,protein_coding,45,43,8.849000444444444,10.623101627906976,1.7741011834625358,3.4202485823991267,11.939997738642683,36.54103491702181,1.1380551694559819e-20,2.5290114876799598e-18,Up in GEP70>0.66
MEHIGH024,2,Microenvironment,4q,protein_coding,45,43,8.447865777777778,10.38927,1.9414042222222214,3.840793027901614,11.814104046435892,35.94073553437814,2.0922315320613977e-20,4.404697962234521e-18,Up in GEP70>0.66
MEHIGH050,2,Microenvironment,9p,protein_coding,45,43,8.584903777777777,10.29678511627907,1.7118813385012928,3.2758773398294734,11.709344947680862,35.44020099171071,3.476095870373177e-20,6.952191740746355e-18,Up in GEP70>0.66
MEHIGH049,2,Microenvironment,7q,protein_coding,45,43,6.920902444444445,8.920254883720931,1.999352439276488,3.998204983322169,11.562374485015372,34.73649548703955,7.096551641164026e-20,1.2902821165752775e-17,Up in GEP70>0.66
MEHIGH020,2,Microenvironment,20q,protein_coding,45,43,7.404095111111111,9.107984418604651,1.7038893074935455,3.2577802855937845,11.562539842441211,34.73728817838406,7.090848887836181e-20,1.2902821165752775e-17,Up in GEP70>0.66
MEMGUS023,2,Microenvironment,20q,protein_coding,45,43,10.082699333333334,8.288353255813954,-1.794346077519375,0.2883022342634359,-11.546741444436252,34.66154427667482,7.657008790716941e-20,1.331653702733381e-17,Up in MGUS
MEHIGH002,2,Microenvironment,9p,protein_coding,45,43,7.951219777777778,10.32663488372093,2.375415105943154,5.188850989410711,11.530617543164908,34.58422015647386,8.281629380222593e-20,1.380271563370432e-17,Up in GEP70>0.66
MEHIGH085,2,Microenvironment,7q,protein_coding,45,43,8.689855111111111,10.275705813953488,1.585850702842377,3.0018475330512104,11.500842754382791,34.44137985141761,9.572551184959363e-20,1.531608189593498e-17,Up in GEP70>0.66
MEHIGH070,2,Microenvironment,2p,protein_coding,45,43,6.024771111111111,7.75642511627907,1.7316540051679574,3.3210835208556397,11.393306327843307,33.924941567985634,1.6161369745093187e-19,2.4863645761681826e-17,Up in GEP70>0.66
MEHIGH015,2,Microenvironment,10q,protein_coding,45,43,6.848942,8.782973720930233,1.9340317209302356,3.8212157627216246,11.366451142349984,33.79583997088878,1.8421950847666934e-19,2.7291779033580645e-17,Up in GEP70>0.66
MEHIGH051,2,Microenvironment,10q,protein_coding,45,43,8.536578222222222,10.94078534883721,2.4042071266149865,5.2934456809967285,11.264642623275929,33.30595385968018,3.027472367657802e-19,4.3249605252254314e-17,Up in GEP70>0.66
MEHIGH007,2,Microenvironment,19q,protein_coding,45,43,7.758364222222222,9.870173953488372,2.111809731266151,4.3223315231731485,11.223000427999809,33.10537408950947,3.7103311124498566e-19,5.1176980861377334e-17,Up in GEP70>0.66
MEMGUS060,2,Microenvironment,21q,protein_coding,45,43,10.589065555555555,8.838416511627907,-1.7506490439276448,0.2971680578255524,-11.1974949457338,32.982463689750745,4.2028127728961115e-19,5.603750363861482e-17,Up in MGUS
MEHIGH041,2,Microenvironment,15q,protein_coding,45,43,8.261746,9.942722325581395,1.6809763255813976,3.2064486998027943,11.141668356759988,32.71328828980713,5.5217681841826995e-19,7.124862173138967e-17,Up in GEP70>0.66
MEHIGH068,2,Microenvironment,20q,protein_coding,45,43,7.405716,9.014330465116279,1.6086144651162773,3.0495882487719066,11.12125870881218,32.61483050617726,6.101491632261596e-19,7.626864540326996e-17,Up in GEP70>0.66
MEHIGH016,2,Microenvironment,12p,protein_coding,45,43,8.679349555555556,10.282893255813953,1.6035437002583972,3.0388884124124185,11.09266482364616,32.4768471559881,7.017773024329336e-19,8.506391544641621e-17,Up in GEP70>0.66
MEMGUS072,2,Microenvironment,21q,protein_coding,45,43,9.349449777777778,7.524057906976744,-1.8253918708010346,0.28216444811578323,-11.042861219086115,32.236392805199145,8.955427811350755e-19,1.0535797425118534e-16,Up in MGUS
MEHIGH079,2,Microenvironment,19q,protein_coding,45,43,9.067073777777777,11.13141953488372,2.0643457571059454,4.182442647276554,10.930761732429328,31.694628645610997,1.551151719043511e-18,1.7727448217640127e-16,Up in GEP70>0.66
MEMGUS062,2,Microenvironment,3q,protein_coding,45,43,8.765492666666667,7.126846744186047,-1.6386459224806194,0.3211577636300903,-10.879566213763708,31.44696714467971,1.9939360002607744e-18,2.2154844447341938e-16,Up in MGUS
MEMGUS046,2,Microenvironment,19q,protein_coding,45,43,10.331948,8.425363023255814,-1.9065849767441847,0.2667231630116196,-10.762370720858078,30.87949481227048,3.544807853024645e-18,3.8322247059725896e-16,Up in MGUS
MEMGUS048,2,Microenvironment,21q,protein_coding,45,43,11.331548444444444,9.81302488372093,-1.5185235607235192,0.34904294082706827,-10.680915398915769,30.484668842044982,5.289919995160026e-18,5.568336837010553e-16,Up in MGUS
MEHIGH093,2,Microenvironment,21q,protein_coding,45,43,8.53923088888889,9.994632790697674,1.455401901808786,2.74232945376166,10.647976041591981,30.324916692740466,6.22004629942222e-18,6.3795346660740715e-16,Up in GEP70>0.66
MEHIGH099,2,Microenvironment,10q,protein_coding,45,43,9.600129555555556,11.500420930232558,1.9002913746770052,3.7328858043017465,10.531898330761985,29.76156474011274,1.1011769323717053e-17,1.1011769323717054e-15,Up in GEP70>0.66
MEHIGH074,2,Microenvironment,9p,protein_coding,45,43,7.764434,9.785332558139535,2.020898558139539,4.058364815860764,10.500199866927543,29.607625273172886,1.2871883971901018e-17,1.2557935582342457e-15,Up in GEP70>0.66
MEHIGH033,2,Microenvironment,21q,protein_coding,45,43,10.610442888888889,12.586945581395348,1.976502692506461,3.9353793003793025,10.48859304239347,29.551248104651975,1.3629094804035584e-17,1.29800902895577e-15,Up in GEP70>0.66
MEMGUS074,2,Microenvironment,3q,protein_coding,45,43,9.900186,8.093014186046512,-1.8071718139534898,0.2857505511202567,-10.094758732762022,27.635573485414334,9.506741138778725e-17,8.843480129096487e-15,Up in MGUS
MEMGUS028,2,Microenvironment,7q,protein_coding,45,43,9.861806666666666,8.388276046511628,-1.4735306201550404,0.3600999688506648,-10.083597365565632,27.581219426883145,1.0045406478306605e-16,9.13218770755146e-15,Up in MGUS
MEMGUS020,2,Microenvironment,15q,protein_coding,45,43,10.503900222222223,8.903797906976743,-1.6001023152454739,0.3298535838045621,-9.951094335293915,26.935762767203876,1.932919507374077e-16,1.7181506732214018e-14,Up in MGUS
MEHIGH045,2,Microenvironment,21q,protein_coding,45,43,8.599059555555556,10.205553488372093,1.6064939328165373,3.0451091315783576,9.923385984955127,26.800750394516662,2.2165236683174896e-16,1.9274118854934692e-14,Up in GEP70>0.66
MEHIGH090,2,Microenvironment,18q,protein_coding,45,43,9.197266888888889,10.953538604651163,1.7562717157622725,3.3782397441273955,9.847349551451085,26.430201499029863,3.22747981807795e-16,2.7467913345344254e-14,Up in GEP70>0.66
MEHIGH054,2,Microenvironment,18q,protein_coding,45,43,9.100197777777778,10.588109069767441,1.4879112919896595,2.8048260336604627,9.813866098383835,26.26700640010337,3.8083526544311033e-16,3.173627212025919e-14,Up in GEP70>0.66
MEHIGH069,2,Microenvironment,21q,protein_coding,45,43,7.555782222222223,9.124786976744186,1.5690047545219672,2.966999645661198,9.658453638418443,25.509447877135067,8.210971897146116e-16,6.702834201751931e-14,Up in GEP70>0.66
MEHIGH014,2,Microenvironment,9p,protein_coding,45,43,8.670511777777778,10.050506744186047,1.3799949664082707,2.602674630084408,9.609183242153676,25.269268137064017,1.0475754162427616e-15,8.216277774453033e-14,Up in GEP70>0.66
MEHIGH081,2,Microenvironment,21q,protein_coding,45,43,8.144743555555555,9.524733953488372,1.3799903979328167,2.602666388400616,9.609743085183519,25.271997199381573,1.0446798620784e-15,8.216277774453033e-14,Up in GEP70>0.66
MEMGUS065,2,Microenvironment,9p,protein_coding,45,43,7.981920666666666,6.587398604651163,-1.3945220620155014,0.38037067715790296,-9.548234708048458,24.97216927251671,1.4159624088531438e-15,1.0892018529639567e-13,Up in MGUS
MEMGUS037,2,Microenvironment,2p,protein_coding,45,43,9.149442,7.634967209302325,-1.5144747906976743,0.35002386846794054,-9.48736766235508,24.675488766562253,1.9131082707986857e-15,1.4438552987159893e-13,Up in MGUS
MEMGUS057,2,Microenvironment,18q,protein_coding,45,43,11.49284,10.086632325581395,-1.406207674418603,0.37730217597342297,-9.438641950345348,24.438011729611915,2.434179420867152e-15,1.8030958673090015e-13,Up in MGUS
MEMGUS075,2,Microenvironment,4q,protein_coding,45,43,11.563729111111112,9.908271395348837,-1.6554577157622798,0.31743701819494763,-9.389859586069337,24.200286842250065,3.0979821007616802e-15,2.2530778914630403e-13,Up in MGUS
MEMGUS031,2,Microenvironment,12p,protein_coding,45,43,8.657444,7.071708604651163,-1.585735395348837,0.3331548045818344,-9.366309036291204,24.08553304568366,3.4804354694735235e-15,2.486025335338231e-13,Up in MGUS
MEHIGH076,2,Microenvironment,12p,protein_coding,45,43,8.651676,10.00338534883721,1.351709348837213,2.5521433207727604,9.263463173887201,23.58451480640131,5.7858753935575245e-15,4.060263434075456e-13,Up in GEP70>0.66
MEMGUS029,2,Microenvironment,9p,protein_coding,45,43,10.782205777777778,9.172951627906977,-1.6092541498707984,0.32776775782888895,-9.195746484850968,23.254753988691867,8.084714930892115e-15,5.57566546958077e-13,Up in MGUS
MEHIGH011,2,Microenvironment,3q,protein_coding,45,43,10.773744888888888,12.545666279069767,1.771921390180875,3.4150847707603704,8.962249495759348,22.118737607945462,2.560259948438581e-14,1.7357694565685296e-12,Up in GEP70>0.66
MEHIGH058,2,Microenvironment,2p,protein_coding,45,43,10.572587333333333,12.571355348837209,1.9987680155038756,3.996585671714537,8.926822656683507,21.9465536475709,3.049116081659826e-14,1.9994203814162795e-12,Up in GEP70>0.66
MEMGUS007,2,Microenvironment,12p,protein_coding,45,43,6.865304444444444,5.504172093023256,-1.3611323514211877,0.3892766320381283,-8.926835834743795,21.946617686518316,3.048917919542949e-14,1.9994203814162795e-12,Up in MGUS
MEHIGH035,2,Microenvironment,3q,protein_coding,45,43,8.76156288888889,10.204819069767442,1.4432561808785582,2.7193393168914497,8.910109882720066,21.8653438468233,3.3110692734770296e-14,2.13617372482389e-12,Up in GEP70>0.66
MEHIGH060,2,Microenvironment,4q,protein_coding,45,43,11.123776666666666,12.994382325581395,1.8706056589147249,3.6568606682078455,8.865396866769885,21.648138918120758,4.127699292118339e-14,2.6207614553132314e-12,Up in GEP70>0.66
MEHIGH072,2,Microenvironment,4q,protein_coding,45,43,9.485252444444445,10.824936511627907,1.3396840671834571,2.530958877775671,8.84015152307932,21.525544854819493,4.6746346060879354e-14,2.9216466288049596e-12,Up in GEP70>0.66
MEHIGH048,2,Microenvironment,4q,protein_coding,45,43,8.516208888888888,9.82740465116279,1.3111957622739023,2.4814712885583297,8.83595099348366,21.505149659095892,4.772413617091631e-14,2.9368699182102347e-12,Up in GEP70>0.66
MEMGUS052,2,Microenvironment,7q,protein_coding,45,43,11.249988,9.960562093023256,-1.2894259069767422,0.4091137959375472,-8.792750954747161,21.295448466307093,5.904450206563394e-14,3.578454670644481e-12,Up in MGUS
MEHIGH097,2,Microenvironment,7q,protein_coding,45,43,10.574807555555555,12.311030232558139,1.736222677002587,3.33161727209042,8.764232392406626,21.157067366319332,6.794918892403294e-14,4.0566679954646535e-12,Up in GEP70>0.66
MEHIGH022,2,Microenvironment,2p,protein_coding,45,43,7.699582222222222,9.35291,1.653327777777779,3.1455837584830855,8.718118697627933,20.93340367025504,8.526894891090298e-14,4.943127473095825e-12,Up in GEP70>0.66
MEMGUS033,2,Microenvironment,18q,protein_coding,45,43,9.167095777777778,7.919074186046512,-1.2480215917312698,0.4210251755900093,-8.719459747248964,20.93990641704206,8.470790659722848e-14,4.943127473095825e-12,Up in MGUS
MEMGUS041,2,Microenvironment,9p,protein_coding,45,43,11.202060888888889,9.704277441860466,-1.4977834470284233,0.3540970066166777,-8.661272046827596,20.657852078190515,1.1279313056403725e-13,6.4453217465164145e-12,Up in MGUS
MEMGUS016,2,Microenvironment,7q,protein_coding,45,43,9.869843777777778,7.804798139534884,-2.065045638242891,0.23897876941983534,-8.623248138610132,20.473650232222518,1.359890249328914e-13,7.661353517345994e-12,Up in MGUS
MEHIGH032,2,Microenvironment,20q,protein_coding,45,43,9.134636444444444,10.643702325581396,1.5090658811369515,2.8462568947457796,8.587943635819101,20.30270562904937,1.6176473516885028e-13,8.986929731602793e-12,Up in GEP70>0.66
MEMGUS005,2,Microenvironment,9p,protein_coding,45,43,9.323931111111111,7.689821162790698,-1.6341099483204147,0.3221691040595716,-8.563214137818946,20.183014866609042,1.8266924669910112e-13,9.874013335086548e-12,Up in MGUS
MEHIGH057,2,Microenvironment,21q,protein_coding,45,43,11.186993777777777,12.711818837209302,1.5248250594315245,2.877518212267938,8.5650373648944491,20.19183786003392,1.810400141457792e-13,9.874013335086548e-12,Up in GEP70>0.66
MEMGUS034,2,Microenvironment,19q,protein_coding,45,43,13.749552444444445,12.484802790697675,-1.264749653746776,0.4161715780123501,-8.394546899464608,19.3678471483871,4.180226797152984e-13,2.2294542918149247e-11,Up in MGUS
MEMGUS077,2,Microenvironment,9p,protein_coding,45,43,8.621549111111111,7.314633255813954,-1.3069158552971567,0.4041840076115772,-8.316982642645064,18.99373634772062,6.112803371406315e-13,3.217264932319113e-11,Up in MGUS
MEHIGH042,2,Microenvironment,18q,protein_coding,45,43,8.225903111111112,9.497458837209303,1.2715557260981942,2.4142176169281293,8.311092266827963,18.96534673006491,6.291665558536117e-13,3.268397692746035e-11,Up in GEP70>0.66
MEMGUS044,2,Microenvironment,15q,protein_coding,45,43,9.283201777777778,8.193976744186047,-1.0892250335917293,0.4700137821289159,-8.300193036757394,18.912824194939596,6.636489376372216e-13,3.403327885319085e-11,Up in MGUS
MEHIGH010,2,Microenvironment,2p,protein_coding,45,43,8.724023777777777,9.765658372093023,1.041634594315246,2.058558709247912,8.266825627363945,18.75209533083393,7.813661008399371e-13,3.9562840548857577e-11,Up in GEP70>0.66
MEMGUS013,2,Microenvironment,2p,protein_coding,45,43,7.7343895555555555,6.633290465116279,-1.1010990904392761,0.4661612241807538,-8.241523086672522,18.63028222636229,8.843081561907571e-13,4.4215407809537853e-11,Up in MGUS
MEHIGH031,2,Microenvironment,19q,protein_coding,45,43,8.648417555555556,10.560772558139535,1.9123550025839808,3.7642305767074866,8.233489956071686,18.591621076083072,9.197358915261358e-13,4.5419056371661026e-11,Up in GEP70>0.66
MEHIGH039,2,Microenvironment,10q,protein_coding,45,43,9.462298444444444,10.635592093023256,1.1732936485788112,2.2552598169592684,8.21290067347365,18.492558613924807,1.017129917077688e-12,4.961609351598478e-11,Up in GEP70>0.66
MEHIGH086,2,Microenvironment,9p,protein_coding,45,43,8.199083555555555,9.919333488372093,1.7202499328165377,3.294934834888182,8.099740005224549,17.948845735562692,1.7673990501986627e-12,8.51758578408994e-11,Up in GEP70>0.66
MEMGUS058,2,Microenvironment,19q,protein_coding,45,43,10.069916666666666,8.378126046511628,-1.6917906201550394,0.3095424936764484,-8.058038266515114,17.74881060189029,2.165866387763822e-12,1.031364946554201e-10,Up in MGUS
MEHIGH046,2,Microenvironment,2p,protein_coding,45,43,10.013280222222223,11.424707906976744,1.411427684754523,2.660002653240245,8.050849672183586,17.714347208967716,2.2430807729130304e-12,1.0555674225473085e-10,Up in GEP70>0.66
MEHIGH021,2,Microenvironment,21q,protein_coding,45,43,9.37547088888889,11.07961511627907,1.7041442273901861,3.25835597648168,8.019336995651415,17.563336802159057,2.6152231177646835e-12,1.2163828454719458e-10,Up in GEP70>0.66
MEHIGH028,2,Microenvironment,12p,protein_coding,45,43,10.235035333333334,11.505476046511628,1.2704407131782887,2.412352466088562,7.925203716308983,17.112916464428544,4.13406493290675e-12,1.9007195093824137e-10,Up in GEP70>0.66
MEMGUS051,2,Microenvironment,4q,protein_coding,45,43,12.115408,10.281792790697674,-1.8336152093023266,0.28056069034411235,-7.922622362380265,17.10057951326582,4.186247653871731e-12,1.9028398426689687e-10,Up in MGUS
MEMGUS026,2,Microenvironment,3q,protein_coding,45,43,9.097044444444444,7.234266279069767,-1.8627781653746753,0.2749463109354273,-7.8903675911732005,16.94649360406462,4.896294586845571e-12,2.2005818367845264e-10,Up in MGUS
MEMGUS071,2,Microenvironment,20q,protein_coding,45,43,11.900498888888889,10.700228139534884,-1.2002707493540044,0.43519360156999953,-7.849894123584186,16.753326826908655,5.9590317302475955e-12,2.648458546776709e-10,Up in MGUS
MEHIGH004,2,Microenvironment,12p,protein_coding,45,43,8.97418888888889,10.55354534883721,1.5793564599483219,2.9883651859189717,7.842986098452128,16.720377571542976,6.16208877159749e-12,2.7086104490538417e-10,Up in GEP70>0.66
MEMGUS015,2,Microenvironment,4q,protein_coding,45,43,10.947304,9.458497209302326,-1.4888067906976694,0.3563071178761099,-7.765584023620917,16.351613355304252,8.966297933989565e-12,3.8983904060824197e-10,Up in MGUS
MEMGUS079,2,Microenvironment,12p,protein_coding,45,43,10.848892666666666,8.904270697674418,-1.944621968992248,0.25978283809670016,-7.75110933357628,16.2827397973058,9.616981044182664e-12,4.1363359329817907e-10,Up in MGUS
MEHIGH053,2,Microenvironment,15q,protein_coding,45,43,8.489616666666667,10.004314186046512,1.5146975193798493,2.857389126214607,7.697515612126681,16.027978453021227,1.246214399787692e-11,5.303039999096561e-10,Up in GEP70>0.66
MEHIGH083,2,Microenvironment,3q,protein_coding,45,43,10.471630888888889,11.728315813953488,1.2566849250646026,2.389460510552386,7.689517494681805,15.98999300540921,1.295317558795672e-11,5.453968668613356e-10,Up in GEP70>0.66
MEHIGH047,2,Microenvironment,3q,protein_coding,45,43,9.006415333333333,10.09568558139535,1.089270248062011,2.127663866034078,7.650161551204967,15.803211894579276,1.56642352071768e-11,6.526764669656999e-10,Up in GEP70>0.66
MEMGUS076,2,Microenvironment,7q,protein_coding,45,43,11.190992222222222,10.231436511627907,-0.959555710594314,0.5142152456192741,-7.414771449484126,14.690928212480985,4.859567228880236e-11,2.003945249022778e-9,Up in MGUS
MEMGUS027,2,Microenvironment,4q,protein_coding,45,43,10.902385555555556,9.966851627906976,-0.9355339276485726,0.5228489326915731,-7.36477885085679,14.455845644144501,6.173965934573224e-11,2.519986095744173e-9,Up in MGUS
MEMGUS068,2,Microenvironment,15q,protein_coding,45,43,11.164735111111112,9.45457534883721,-1.7101597622739035,0.3056262228770749,-7.294104038004418,14.124242427803553,8.654620374611287e-11,3.496816312974257e-9,Up in MGUS
MEHIGH067,2,Microenvironment,19q,protein_coding,45,43,11.762834222222223,13.22794511627907,1.4651108940568456,2.7608469136280473,7.260745742051886,13.968034361978253,1.0147496881741187e-10,4.0589987526964745e-9,Up in GEP70>0.66
MEHIGH091,2,Microenvironment,19q,protein_coding,45,43,10.551994888888888,12.073317674418604,1.5213227855297156,2.8705412461835076,7.226028385262996,13.805677156457312,1.1972896661802786e-10,4.741741252199123e-9,Up in GEP70>0.66
MEHIGH029,2,Microenvironment,15q,protein_coding,45,43,9.555044,10.71479976744186,1.159755767441867,2.2341960190743833,7.197601086943124,13.672901876794404,1.3707456461839032e-10,5.375473122289817e-9,Up in GEP70>0.66
MEHIGH043,2,Microenvironment,19q,protein_coding,45,43,9.547626222222222,11.074312558139535,1.5266863359173115,2.8812330052207438,7.188006549880953,13.628122932763171,1.4347443029536814e-10,5.571822535742452e-9,Up in GEP70>0.66
MEHIGH080,2,Microenvironment,20q,protein_coding,45,43,8.379052,9.718483023255814,1.3394310232558144,2.530514994907559,7.153367457613187,13.466603462013977,1.691466883323988e-10,6.505641858938415e-9,Up in GEP70>0.66
MEHIGH009,2,Microenvironment,21q,protein_coding,45,43,8.946072222222222,10.90742441860465,1.9613521963824283,3.8942680646224335,7.121061673036754,13.316172445325863,1.971756392168685e-10,7.511452922547371e-9,Up in GEP70>0.66
MEMGUS039,2,Microenvironment,4q,protein_coding,45,43,11.034547555555555,9.624701395348838,-1.4098461602067172,0.37635181646934246,-7.092757822481618,13.184544459863387,2.254896242572601e-10,8.509042424802268e-9,Up in MGUS
MEHIGH059,2,Microenvironment,3q,protein_coding,45,43,9.13571288888889,10.211143023255813,1.0754301343669326,2.1073502772050716,7.026243580580275,12.875849843266467,3.0889813767911776e-10,1.1547593931929636e-8,Up in GEP70>0.66
MEHIGH066,2,Microenvironment,18q,protein_coding,45,43,8.923905333333334,10.688231860465116,1.764326527131784,3.397153781220876,7.003973276245212,12.772694894176121,3.4316276685581356e-10,1.2709732105770873e-8,Up in GEP70>0.66
MEMGUS021,2,Microenvironment,18q,protein_coding,45,43,11.712266,10.577443488372094,-1.1348225116279131,0.45539093807720726,-6.9362866398698735,12.459813277875368,4.72165372263408e-10,1.7327169624345247e-8,Up in MGUS
MEMGUS025,2,Microenvironment,2p,protein_coding,45,43,10.006308444444445,8.334260930232558,-1.6720475142118847,0.3138076626015862,-6.896379017265119,12.275801164907348,5.696694735736164e-10,2.0715253584495143e-8,Up in MGUS
MEHIGH088,2,Microenvironment,12p,protein_coding,45,43,8.378843111111111,9.817516279069768,1.4386731679586564,2.7107144914342145,6.809626108503384,11.877005876256275,8.557834035561745e-10,3.083904156959188e-8,Up in GEP70>0.66
MEHIGH064,2,Microenvironment,12p,protein_coding,45,43,11.346333333333334,13.299027209302325,1.9526938759689898,3.8709666438492283,6.759222541157576,11.64609400808697,1.083261405641265e-9,3.868790734433089e-8,Up in GEP70>0.66
MEHIGH077,2,Microenvironment,15q,protein_coding,45,43,9.304806888888889,10.71073534883721,1.4059284599483188,2.6498826290219974,6.743316639633483,11.573348250558835,1.1667786196210934e-9,4.130189803968472e-8,Up in GEP70>0.66
MEHIGH001,2,Microenvironment,7q,protein_coding,45,43,11.961082444444445,12.950888139534884,0.9898056950904426,1.985917505718404,6.634142854777183,11.075682558128536,1.9396293568464454e-9,6.805717041566475e-8,Up in GEP70>0.66
MEMGUS080,2,Microenvironment,15q,protein_coding,45,43,8.576547555555555,7.083580232558139,-1.4929673229974103,0.3552810578102949,-6.608677483205803,10.960021234467218,2.1829081691369017e-9,7.592724066563136e-8,Up in MGUS
MEHIGH003,2,Microenvironment,10q,protein_coding,45,43,6.803388222222222,8.08977534883721,1.286387126614989,2.4391646153429853,6.582369868996698,10.840706284070004,2.4659274189438468e-9,8.503197996358093e-8,Up in GEP70>0.66
MEMGUS059,2,Microenvironment,20q,protein_coding,45,43,10.581122444444444,9.539437441860464,-1.0416850025839803,0.4857597967785874,-6.531429166993545,10.610175000952387,3.1210231532459384e-9,1.067016462648184e-7,Up in MGUS
MEHIGH056,2,Microenvironment,20q,protein_coding,45,43,7.757448666666667,9.430572093023256,1.6731234263565948,3.189042725487566,6.50165718241002,10.475755138548147,3.580712430458766e-9,1.2138008238843276e-7,Up in GEP70>0.66
MEHIGH027,2,Microenvironment,10q,protein_coding,45,43,8.744877555555556,10.251528604651163,1.506651049095609,2.841496718107091,6.497234081006172,10.455804867359527,3.654489412848454e-9,1.2283998026381359e-7,Up in GEP70>0.66
MEMGUS047,2,Microenvironment,20q,protein_coding,45,43,9.714154888888888,8.207776511627907,-1.506378377260985,0.35199372682775054,-6.442252680096863,10.208249040038519,4.707077661818526e-9,1.5690258872728422e-7,Up in MGUS
MEMGUS030,2,Microenvironment,10q,protein_coding,45,43,9.544514222222222,8.184316279069767,-1.3601979431524551,0.38952884135056226,-6.360972057134415,9.843789824491884,6.833578649496584e-9,2.2590342642963914e-7,Up in MGUS
MEMGUS002,2,Microenvironment,3q,protein_coding,45,43,11.068827555555556,9.762740930232559,-1.3060866253229957,0.40441639063428136,-6.32871326647076,9.699654204650377,7.919468969334633e-9,2.5965472030605354e-7,Up in MGUS
MEHIGH030,2,Microenvironment,18q,protein_coding,45,43,8.017331111111112,9.043219302325582,1.0258881912144737,2.036212587051708,6.2778460771368065,9.472978861604956,9.987258555210575e-9,3.24788896104409e-7,Up in GEP70>0.66
MEMGUS004,2,Microenvironment,7q,protein_coding,45,43,8.962639333333334,7.637216279069768,-1.3254230542635694,0.3990321642794988,-6.268002078760364,9.42919841499542,1.0445012611246716e-8,3.3693589068537795e-7,Up in MGUS
MEMGUS049,2,Microenvironment,2p,protein_coding,45,43,10.754711555555556,10.062547441860465,-0.6921641136950942,0.6189247356647768,-6.221067196377112,9.220850876532316,1.292845450331375e-8,4.1371054410604e-7,Up in MGUS
MEHIGH095,2,Microenvironment,3q,protein_coding,45,43,11.062438444444444,11.996566976744186,0.9341285322997415,1.9107360961023854,6.1973489338073,9.1158128504214,1.4396606627259535e-8,4.5703513102411226e-7,Up in GEP70>0.66
MEHIGH071,2,Microenvironment,3q,protein_coding,45,43,7.654117333333334,8.912506744186047,1.2583894108527156,2.392285229733372,6.071521895096005,8.561452771350877,2.5405112019438775e-8,8.001610084862606e-7,Up in GEP70>0.66
MEMGUS053,2,Microenvironment,9p,protein_coding,45,43,8.424908666666667,6.810665348837209,-1.614243317829458,0.3266362199738076,-6.058048680288481,8.502386430979067,2.699074548320228e-8,8.418646766678292e-7,Up in MGUS
MEMGUS050,2,Microenvironment,3q,protein_coding,45,43,9.612279555555556,8.233616976744186,-1.3786625788113671,0.38457514271339377,-6.056737744235898,8.496642392959016,2.7150135822537494e-8,8.418646766678292e-7,Up in MGUS
MEHIGH038,2,Microenvironment,9p,protein_coding,45,43,8.387602666666666,9.688480930232558,1.3008782635658918,2.46378824054886,6.052601604639701,8.478522948350493,2.7659132836220653e-8,8.510502411144817e-7,Up in GEP70>0.66
MEMGUS038,2,Microenvironment,3q,protein_coding,45,43,12.08519711111111,11.100241627906977,-0.9849554832041356,0.5052413130782067,-6.045060905912997,8.445503004754972,2.8611407912703367e-8,8.736307759604081e-7,Up in MGUS
MEHIGH062,2,Microenvironment,9p,protein_coding,45,43,9.413800666666667,10.769038139534883,1.3552374728682235,2.558392248597625,5.939813518516682,7.986561154333604,4.5808342147306896e-8,1.388131580221421e-6,Up in GEP70>0.66
MEMGUS042,2,Microenvironment,10q,protein_coding,45,43,10.613246666666667,9.660531395348837,-0.9527152713178246,0.51665915105374,-5.90207550029808,7.82289334546971,5.418482657020948e-8,1.6296188442168265e-6,Up in MGUS
GEP1Q27,1,Plasma cells,1q,protein_coding,45,43,7.3329962222222225,8.281237906976743,0.9482416847545201,1.9295195812084573,5.849861954929963,7.597242561665503,6.830707104188702e-8,2.0390170460264783e-6,Up in GEP70>0.66
MEMGUS009,2,Microenvironment,18q,protein_coding,45,43,14.014055555555556,12.966137906976744,-1.047917648578803,0.48366577246197423,-5.813411988475722,7.440274091316793,8.025299712457791e-8,2.373947526921862e-6,Up in MGUS
IG16,1,Plasma cells,14q,immunoglobulin,45,43,10.034776666666668,9.134863023255814,-0.8999136434108514,0.5359188092430679,-5.812114178793806,7.434693731085243,8.071421591534331e-8,2.373947526921862e-6,Up in MGUS
GEP1Q32,1,Plasma cells,1q,protein_coding,45,43,8.977553333333333,10.084233953488372,1.106680620155041,2.1534959646220875,5.735141216020569,7.1047884151676595,1.1327392884552781e-7,3.307267995489863e-6,Up in GEP70>0.66
MEHIGH096,2,Microenvironment,4q,protein_coding,45,43,8.562481111111111,9.475991162790697,0.9135100516795873,1.8836227490293382,5.717377171510383,7.02895303181279,1.2245467146152286e-7,3.549410767000663e-6,Up in GEP70>0.66
GEP1Q21,1,Plasma cells,1q,protein_coding,45,43,4.592111777777777,5.660251860465117,1.068140082687341,2.0967285291287054,5.6945030863397355,6.931471431637526,1.353595379976029e-7,3.895238503528141e-6,Up in GEP70>0.66
MEMGUS012,2,Microenvironment,21q,protein_coding,45,43,11.194702666666666,9.38672023255814,-1.8079824341085278,0.2855900389633552,-5.680476928301423,6.871791279780446,1.4392387296467012e-7,4.112110656133433e-6,Up in MGUS
MEMGUS006,2,Microenvironment,10q,protein_coding,45,43,10.824110666666666,9.573833720930233,-1.250276945736438,0.4203675043876911,-5.664584461075975,6.804257583332269,1.5427190447426925e-7,4.345687449979416e-6,Up in MGUS
MEMGUS036,2,Microenvironment,21q,protein_coding,45,43,10.624390444444444,9.740463488372093,-0.8839269560723508,0.5418904187440752,-5.6657990102013995,6.809415417148848,1.5345594122458734e-7,4.345687449979416e-6,Up in MGUS
GEP1Q02,1,Plasma cells,1q,protein_coding,45,43,7.589366888888889,8.58989441860465,1.0005275297157654,2.0007314451907035,5.643776905204558,6.7159789406375126,1.6893115478935768e-07,4.725346987114901e-6,Up in GEP70>0.66
GEP1Q22,1,Plasma cells,1q,protein_coding,45,43,7.306440222222222,8.123541395348838,0.8171011731266171,1.761862299567545,5.569521831108426,6.402266299623088,2.3327273806736234e-7,6.479798279648954e-6,Up in GEP70>0.66
MEHIGH017,2,Microenvironment,15q,protein_coding,45,43,10.067855333333334,11.19035418604651,1.1224988527131785,2.1772375948251383,5.553896679115368,6.336520056084193,2.496023217615631e-7,6.885581289974154e-6,Up in GEP70>0.66
MEHIGH082,2,Microenvironment,2p,protein_coding,45,43,7.321232888888889,8.195882790697674,0.8746499018087892,1.8335630824446583,5.519903206451845,6.193810306858595,2.8909850611389384e-7,7.920507016819009e-6,Up in GEP70>0.66
MEMGUS056,2,Microenvironment,15q,protein_coding,45,43,10.102173777777777,8.928796511627906,-1.173377266149867,0.4433821925423167,-5.505970076508879,6.135446632911071,3.0700302678705227e-7,8.353823858151082e-6,Up in MGUS
MEHIGH087,2,Microenvironment,10q,protein_coding,45,43,8.53296711111111,9.642855581395349,1.1098884702842362,2.158289616725812,5.463768045016963,5.959134059222775,3.68129123513574e-7,9.949435770637136e-6,Up in GEP70>0.66
MEHIGH052,2,Microenvironment,12p,protein_coding,45,43,9.303052888888889,10.900736279069768,1.597683390180885,3.026569310614845,5.443765770507132,5.875814528554926,4.0112225177160985e-7,1.0768382597895566e-5,Up in GEP70>0.66
IG15,1,Plasma cells,14q,immunoglobulin,45,43,10.082473111111112,9.18515,-0.8973231111111097,0.5368819803468489,-5.4353437598680685,5.840780416055807,4.1586553990797855e-7,1.1089747730879428e-5,Up in MGUS
MEMGUS067,2,Microenvironment,12p,protein_coding,45,43,10.177430222222222,8.853683953488373,-1.3237462687338528,0.3994962126885151,-5.418651170622839,5.771426259159229,4.466728903604564e-7,1.1832394446634607e-5,Up in MGUS
MEMGUS001,2,Microenvironment,2p,protein_coding,45,43,11.446561333333333,9.74708488372093,-1.6994764496124013,0.307897818405316,-5.39558821364376,5.675789608788747,4.929425732741448e-7,1.2972172980898547e-5,Up in MGUS
MEMGUS063,2,Microenvironment,4q,protein_coding,45,43,10.948323333333333,10.044596279069767,-0.9037270542635643,0.5345041097106693,-5.385408378454786,5.633644910577084,5.148293752982675e-7,1.3459591511065815e-5,Up in MGUS
IG12,1,Plasma cells,14q,immunoglobulin,45,43,10.650295555555555,9.823222558139534,-0.8270729974160247,0.5636716847176855,-5.382017075966686,5.61961423770912,5.223298949760779e-7,1.3567010259118905e-5,Up in MGUS
IG22,1,Plasma cells,22q,immunoglobulin,45,43,11.314172222222222,10.454226279069768,-0.8599459431524537,0.5509732021601006,-5.377687625273164,5.601709035443678,5.320609603267853e-7,1.3730605427788007e-5,Up in MGUS
GEP1Q16,1,Plasma cells,1q,protein_coding,45,43,6.9603806666666665,7.853730697674418,0.8933500310077518,1.8574843183757814,5.375005752225357,5.590621523750766,5.381776606435103e-7,1.3799427195987443e-5,Up in GEP70>0.66
MEMGUS069,2,Microenvironment,18q,protein_coding,45,43,9.36879688888889,8.30890488372093,-1.0598920051679528,0.4796679644942172,-5.368014017089736,5.561729850078315,5.544496676705555e-7,1.4036700447355837e-5,Up in MGUS
MEMGUS022,2,Microenvironment,19q,protein_coding,45,43,10.687286444444444,9.77794488372093,-0.9093415607235151,0.5324280334506128,-5.368884257236267,5.5653248174425745,5.523983902046963e-7,1.4036700447355837e-5,Up in MGUS
MEHIGH061,2,Microenvironment,7q,protein_coding,45,43,11.806556888888888,13.02572558139535,1.219168692506459,2.328125277633625,5.341398962435014,5.451933412940015,6.2091579759397315e-07,1.5522894939849327e-5,Up in GEP70>0.66
MEHIGH023,2,Microenvironment,3q,protein_coding,45,43,8.138985555555555,9.27476976744186,1.1357842118863068,2.1973797420624863,5.342052517680373,5.454626055901487,6.19193932130932e-7,1.5522894939849327e-5,Up in GEP70>0.66
GEP1Q09,1,Plasma cells,1q,protein_coding,45,43,8.507362,9.497685116279069,0.99032311627907,1.9866298808601883,5.304582794785633,5.30053779437619,7.258636046387809e-7,1.803387837611878e-5,Up in GEP70>0.66
IG21,1,Plasma cells,22q,immunoglobulin,45,43,10.238951111111112,9.533660465116279,-0.7052906459948325,0.6133189166738023,-5.279641417122974,5.198296139132072,8.066258957965331e-7,1.991668878509958e-5,Up in MGUS
MEMGUS024,2,Microenvironment,21q,protein_coding,45,43,11.188612,9.954502325581396,-1.2341096744186064,0.4251047621211655,-5.2713071955658535,5.164190342175372,8.355232887246226e-7,2.0503638987107303e-5,Up in MGUS
MEHIGH037,2,Microenvironment,7q,protein_coding,45,43,10.558818888888888,11.663085813953488,1.1042669250645947,2.149896079153891,5.267542844297876,5.148795286390367,8.48905119212747e-7,2.0705002907627975e-5,Up in GEP70>0.66
IG28,1,Plasma cells,22q,immunoglobulin,45,43,10.771906444444445,9.904147674418605,-0.8677587700258407,0.5479975050628096,-5.259392294985637,5.1154826249618175,8.786015978214492e-7,2.1299432674459375e-5,Up in MGUS
GEP1Q19,1,Plasma cells,1q,protein_coding,45,43,5.818261333333333,6.778174418604651,0.9599130852713174,1.945192703745338,5.210892533343131,4.917843099263209,1.0774913227560482e-6,2.5963646331471042e-5,Up in GEP70>0.66
IG02,1,Plasma cells,14q,immunoglobulin,45,43,10.584125555555556,9.914093953488372,-0.6700316020671835,0.6284929200457674,-5.150324795390802,4.672455688413681,1.3883934619788199e-6,3.325493322104958e-5,Up in MGUS
MEMGUS017,2,Microenvironment,9p,protein_coding,45,43,8.043039555555556,7.005649069767442,-1.0373904857881149,0.4872079278914044,-5.139747825501273,4.629768581733044,1.451018301816446e-6,3.454805480515347e-5,Up in MGUS
MEHIGH055,2,Microenvironment,19q,protein_coding,45,43,10.163071333333333,11.813537441860465,1.6504661085271337,3.139350494803566,5.132243498297983,4.599512217601232,1.497114568217953e-6,3.54346643365196e-5,Up in GEP70>0.66
MEHIGH078,2,Microenvironment,18q,protein_coding,45,43,8.483619333333333,9.959138604651162,1.4755192713178307,2.780837170331307,5.121543310137951,4.5564138112888415,1.5653232992904215e-6,3.661574969100401e-5,Up in GEP70>0.66
MEMGUS008,2,Microenvironment,15q,protein_coding,45,43,9.232366666666667,8.561223488372093,-0.6711431782945763,0.6280088615990853,-5.122422164150067,4.559951756798906,1.5596085210563437e-6,3.661574969100401e-5,Up in MGUS
IG27,1,Plasma cells,22q,immunoglobulin,45,43,10.277395333333333,9.384017209302325,-0.8933781240310061,0.5383520698921049,-5.108199335062916,4.502738122245345,1.6546460922836192e-6,3.84801416810144e-5,Up in MGUS
MEHIGH036,2,Microenvironment,4q,protein_coding,45,43,9.772164222222223,10.680921395348838,0.9087571731266237,1.8774274692769095,5.0867664477316765,4.416691755417192,1.8086267886505115e-6,4.18179604312257e-5,Up in GEP70>0.66
MEMGUS018,2,Microenvironment,10q,protein_coding,45,43,7.970550888888889,7.051861860465117,-0.9186890284237696,0.528989492715181,-5.073377100606962,4.363042505870805,1.9118248165153055e-6,4.394999578196104e-5,Up in MGUS
IG18,1,Plasma cells,14q,immunoglobulin,45,43,11.186400222222222,10.397602558139535,-0.7887976640826846,0.5788262823614033,-5.0653504637649265,4.330919706663446,1.976420944320774e-6,4.517533587018912e-5,Up in MGUS
IG05,1,Plasma cells,14q,immunoglobulin,45,43,9.501681111111111,8.829228139534884,-0.6724529715762273,0.6274389639534222,-5.059016057587511,4.305589858626748,2.0288970673975153e-6,4.611129698630716e-5,Up in MGUS
MEHIGH098,2,Microenvironment,9p,protein_coding,45,43,8.749811777777778,9.817286046511628,1.0674742687338483,2.095761097355348,5.049921101610361,4.269253060269028,2.106626162713065e-6,4.760737090876984e-5,Up in GEP70>0.66
IG29,1,Plasma cells,22q,immunoglobulin,45,43,11.092497333333334,10.247824186046511,-0.8446731472868123,0.5568369501540323,-5.030353975606934,4.191204921216718,2.2838286022867747e-6,5.132199106262416e-5,Up in MGUS
MEHIGH089,2,Microenvironment,15q,protein_coding,45,43,7.319296888888889,8.707940930232558,1.388644041343671,2.6183247426461858,5.0085149275093,4.104301831589922,2.498786006188874e-6,5.583879343438824e-5,Up in GEP70>0.66
IG04,1,Plasma cells,14q,immunoglobulin,45,43,10.417201777777779,9.552805348837209,-0.8643964289405659,0.5492761559688353,-4.955110338799801,3.892721149816248,3.1108988904738037e-6,6.913108645497342e-5,Up in MGUS
MEHIGH040,2,Microenvironment,12p,protein_coding,45,43,8.576836666666667,9.722385813953489,1.14554914728682,2.2123032372629603,4.898649865949562,3.670488297309186,3.916555337820192e-6,8.655370912309817e-5,Up in GEP70>0.66
IG06,1,Plasma cells,14q,immunoglobulin,45,43,11.266222888888889,10.45641465116279,-0.8098082377260987,0.5704576778327395,-4.874967193349539,3.577722688848228,4.3119788959758e-6,9.476876694452308e-5,Up in MGUS
MEHIGH018,2,Microenvironment,18q,protein_coding,45,43,10.885894,12.469596976744187,1.5837029767441884,2.997382036473373,4.870882894441005,3.5617515841366405,4.38399207624955e-6,9.582496341529071e-5,Up in GEP70>0.66
IG11,1,Plasma cells,14q,immunoglobulin,45,43,10.200639777777777,9.342957209302325,-0.8576825684754574,0.5518382758555569,-4.8633996744610775,3.532510283773819,4.518982023744142e-6,9.823873964661178e-5,Up in MGUS
IG24,1,Plasma cells,22q,immunoglobulin,45,43,10.72143311111111,9.951274186046511,-0.7701589250645924,0.5863528793276832,-4.833168791916099,3.4146561351300146,5.106673611969722e-6,1.1041456458312913e-4,Up in MGUS
IG23,1,Plasma cells,22q,immunoglobulin,45,43,10.936788444444444,10.135353255813953,-0.8014351886304851,0.5737781007866853,-4.8257821642788885,3.385927052199346,5.261201488468081e-6,1.1314411803157162e-4,Up in MGUS
GEP1Q36,1,Plasma cells,1q,protein_coding,45,43,7.073693333333334,7.964520930232558,0.8908275968992267,1.854239496669859,4.820335467373793,3.364760054949695,5.378048889981192e-6,1.1503847893007896e-4,Up in GEP70>0.66
GEP1Q03,1,Plasma cells,1q,protein_coding,45,43,7.579384222222222,8.365867906976744,0.786483684754522,1.7248652795881814,4.8003656828063,3.2872774683484938,5.828432824656047e-6,1.2400920903523504e-4,Up in GEP70>0.66
MEMGUS055,2,Microenvironment,12p,protein_coding,45,43,9.624936,8.500914186046511,-1.1240218139534868,0.45881300372198736,-4.786380109726626,3.233130183074076,6.165464086520372e-6,1.3048601241312958e-4,Up in MGUS
IG13,1,Plasma cells,14q,immunoglobulin,45,43,11.442486888888888,10.617813255813953,-0.8246736330749265,0.5646099141890638,-4.773184322759901,3.1821291663959013,6.500782099469588e-6,1.3685857051514924e-4,Up in MGUS
IG30,1,Plasma cells,22q,immunoglobulin,45,43,10.632164,9.814840930232558,-0.8173230697674416,0.5674939551417539,-4.764788253952345,3.1497236891167795,6.72328796272204e-6,1.408018421512469e-4,Up in MGUS
IG25,1,Plasma cells,22q,immunoglobulin,45,43,10.261441333333334,9.57026023255814,-0.6911811007751929,0.6193465977484105,-4.742686842853023,3.0645886556884925,7.344958163278388e-6,1.530199617349664e-4,Up in MGUS
GEP1Q28,1,Plasma cells,1q,protein_coding,45,43,6.407832222222222,7.60609,1.1982577777777808,2.294624010516649,4.74043737940685,3.055937346045148,7.411275370140351e-6,1.5360156207544766e-4,Up in GEP70>0.66
MEHIGH012,2,Microenvironment,4q,protein_coding,45,43,9.574363111111111,10.580857441860465,1.0064943307493532,2.009023348283027,4.709323171622708,2.9365342180916336,8.390406155786811e-6,1.7299806506776931e-4,Up in GEP70>0.66
GEP1Q01,1,Plasma cells,1q,protein_coding,45,43,7.0419804444444445,8.088890930232559,1.0469104857881106,2.066100577032981,4.681208346457639,2.8290616108238815,9.38231196371704e-6,1.9245768130701622e-4,Up in GEP70>0.66
GEP1Q81,1,Plasma cells,1q,protein_coding,45,43,6.6752986666666665,7.35029488372093,0.6749962170542636,1.5965925862214465,4.658862247762207,2.743927490706934,1.025097128794877e-5,2.0920349567242388e-4,Up in GEP70>0.66
IG20,1,Plasma cells,22q,immunoglobulin,45,43,10.639957333333333,9.96966023255814,-0.6702971007751906,0.6283772693361531,-4.620751108852178,2.599322753427707,1.191553581890012e-5,2.4193981358172834e-4,Up in MGUS
MEMGUS043,2,Microenvironment,12p,protein_coding,45,43,10.22504111111111,9.346210697674419,-0.8788304134366864,0.5438081154706208,-4.610489408855647,2.560515069549986,1.2406745401116056e-5,2.506413212346678e-4,Up in MGUS
MEHIGH019,2,Microenvironment,19q,protein_coding,45,43,8.203981777777777,9.084748372093022,0.880766594315249,1.8413534678748162,4.599510733178905,2.5190564891779346,1.2953995620833596e-5,2.6038182152429343e-4,Up in GEP70>0.66
GEP1Q05,1,Plasma cells,1q,protein_coding,45,43,7.760977333333333,8.47549441860465,0.714517085271317,1.6409338542801744,4.53891564137387,2.291367426427948,1.642157504347746e-5,3.284315008695492e-4,Up in GEP70>0.66
IG19,1,Plasma cells,22q,immunoglobulin,45,43,10.383851111111111,9.760143255813954,-0.6237078552971589,0.6490007923553232,-4.51585937450632,2.2052416669940182,1.796414913085686e-5,3.5749550509167876e-4,Up in MGUS
MEMGUS061,2,Microenvironment,2p,protein_coding,45,43,11.239282,10.034000930232558,-1.2052810697674392,0.4336848436855525,-4.486474341189612,2.0958862977902015,2.013432742651876e-5,3.986995530003715e-4,Up in MGUS
GEP1Q12,1,Plasma cells,1q,protein_coding,45,43,6.2562093333333335,7.316595813953488,1.0603864806201537,2.0854901245362116,4.480397521657946,2.0733294493926504,2.06137459788205e-5,4.0618218677478823e-4,Up in GEP70>0.66
IG09,1,Plasma cells,14q,immunoglobulin,45,43,11.301173555555556,10.669649534883721,-0.6315240206718329,0.645494173943964,-4.4731822640483845,2.0465726113180374,2.1197321198074073e-5,4.156337489818446e-4,Up in MGUS
IG01,1,Plasma cells,14q,immunoglobulin,45,43,10.407127555555556,9.700926279069767,-0.7062012764857855,0.6129319113383637,-4.4490863238319625,1.9574199136998267,2.3264237088166715e-5,4.5393633342764324e-4,Up in MGUS
GEP1Q10,1,Plasma cells,1q,protein_coding,45,43,5.7743868888888885,6.987286744186046,1.212899855297156,2.318030992060108,4.439449217320956,1.9218517376646815,2.414429874231048e-5,4.665564974359513e-4,Up in GEP70>0.66
GEP1Q61,1,Plasma cells,1q,protein_coding,45,43,9.409048444444444,10.021623488372093,0.6125750439276487,1.5289858379063055,4.440129715854209,1.924361630662327,2.4081114321772876e-5,4.665564974359513e-4,Up in GEP70>0.66
GEP1Q15,1,Plasma cells,1q,protein_coding,45,43,5.663237777777778,6.545598604651163,0.8823608268733851,1.8433893577256417,4.429103000167627,1.883722733860722,2.5124905893352847e-5,4.831712671798624e-4,Up in GEP70>0.66
MEMGUS014,2,Microenvironment,3q,protein_coding,45,43,10.656412444444445,9.454546279069767,-1.2018661653746765,0.4347126051993218,-4.423541946986215,1.8632526915304481,2.566776348135409e-5,4.912490618440975e-4,Up in MGUS
MEMGUS019,2,Microenvironment,12p,protein_coding,45,43,8.373539777777777,6.999001395348837,-1.3745383824289403,0.3856760909727903,-4.370888893968844,1.670280846291634,3.140150957129306e-5,5.981239918341535e-4,Up in MGUS
IG10,1,Plasma cells,14q,immunoglobulin,45,43,9.515489333333333,8.778828604651162,-0.7366607286821747,0.6001268033877856,-4.368721192049469,1.6623691151134494,3.166229077431551e-5,6.002330004609576e-4,Up in MGUS
MEMGUS040,2,Microenvironment,7q,protein_coding,45,43,9.856335333333334,8.852852093023255,-1.0034832403100786,0.4987942570574449,-4.360220671609411,1.6313689058556573,3.270524043797679e-5,6.170800082637131e-4,Up in MGUS
IG17,1,Plasma cells,14q,immunoglobulin,45,43,9.112583777777777,8.44936465116279,-0.6632191266149885,0.631467711905227,-4.354637259854349,1.6110288650220532,3.340823507151005e-5,6.273846961785926e-4,Up in MGUS
IG14,1,Plasma cells,14q,immunoglobulin,45,43,10.917959777777778,10.277001395348837,-0.6409583824289342,0.6412868003800728,-4.351639037478083,1.6001136875188635,3.3791727110723385e-5,6.316210674901568e-4,Up in MGUS
IG03,1,Plasma cells,14q,immunoglobulin,45,43,11.045610222222223,10.305951395348837,-0.7396588268733879,0.5988809608453116,-4.338507165900652,1.5523656013328662,3.5521987999009524e-5,6.608741953304098e-4,Up in MGUS
MEMGUS064,2,Microenvironment,7q,protein_coding,45,43,13.97081,13.077819069767441,-0.8929909302325516,0.5384965734435326,-4.33687077983515,1.5464223852800192,3.5743494359416745e-5,6.619165622114212e-4,Up in MGUS
GEP1Q07,1,Plasma cells,1q,protein_coding,45,43,6.698459777777778,7.609336976744186,0.9108771989664124,1.8801883580963499,4.327657866506577,1.5129898753502822,3.701565989908405e-5,6.823163115038534e-4,Up in GEP70>0.66
MEMGUS054,2,Microenvironment,10q,protein_coding,45,43,12.202610222222223,11.14723465116279,-1.0553755710594324,0.48117194366755117,-4.320392231825379,1.4866574055605764,3.804961626515782e-5,6.981580966084005e-4,Up in MGUS
GEP1Q30,1,Plasma cells,1q,protein_coding,45,43,7.011430444444445,7.741254186046511,0.7298237416020701,1.6584364630740653,4.311879772172658,1.4558439186641685,3.929644155185037e-5,7.17743224691331e-4,Up in GEP70>0.66
GEP1Q04,1,Plasma cells,1q,protein_coding,45,43,7.496833333333333,8.588963720930233,1.0921303875969022,2.1318861385981345,4.1478896731871195,0.8703168581963876,7.259287665643835e-5,0.0013198704846625155,Up in GEP70>0.66
GEP1Q35,1,Plasma cells,1q,protein_coding,45,43,8.261194,9.032097441860465,0.770903441860467,1.7063379889033117,4.127703435666359,0.7993224658884781,7.821200205032553e-5,0.0014156018470647155,Up in GEP70>0.66
MEHIGH084,2,Microenvironment,4q,protein_coding,45,43,9.027814444444445,10.038782558139534,1.0109681136950908,2.0152629791832144,4.104452286428485,0.7178476748024574,8.520207246697043e-5,0.00153517247688235,Up in GEP70>0.66
IG26,1,Plasma cells,22q,immunoglobulin,45,43,10.780659555555555,10.143579302325582,-0.6370802532299713,0.6430129716448822,-4.0744470421121,0.6131814398557625,9.511237167728761e-5,0.001706051509906504,Up in MGUS
GEP1Q29,1,Plasma cells,1q,protein_coding,45,43,5.404819111111111,6.206447674418604,0.8016285633074922,1.7430676505852847,4.065231778679885,0.5811443227230892,9.837174933273726e-5,0.0017566383809417367,Up in GEP70>0.66
GEP1Q80,1,Plasma cells,1q,protein_coding,45,43,7.898574222222222,8.4905506976744185,0.5919764754521939,1.5073103311949456,4.041383906872509,0.4984737490980109,1.0731127707986517e-4,0.001907756036975381,Up in GEP70>0.66
GEP1Q78,1,Plasma cells,1q,protein_coding,45,43,6.348170666666666,7.048291162790697,0.7001204961240326,1.624640479534842,4.04015469060029,0.49422187161949704,1.0779254933759828e-4,0.0019078327316389076,Up in GEP70>0.66
MEHIGH075,2,Microenvironment,10q,protein_coding,45,43,7.894582888888889,8.518600465116279,0.6240175762273896,1.5411609924319016,4.0389052758963935,0.4899010638285013,1.0828384904935247e-4,0.0019080854458035676,Up in GEP70>0.66
MEMGUS066,2,Microenvironment,10q,protein_coding,45,43,8.458800666666667,7.55658,-0.9022206666666639,0.5350625027483594,-3.9840529487462994,0.3011420352853671,1.3209824556438513e-4,0.0023175130800769323,Up in MGUS
GEP1Q08,1,Plasma cells,1q,protein_coding,45,43,5.734143111111111,6.449535813953489,0.7153927028423759,1.641930091594608,3.9763410672959285,0.274751090974374,1.3582397928308253e-4,0.00237247125385297,Up in GEP70>0.66
IG08,1,Plasma cells,14q,immunoglobulin,45,43,10.905418444444445,10.315155581395349,-0.5902628630490909,0.6642218729495305,-3.944038219502073,0.16460486239438055,1.5255121716269867e-4,0.002653064646307803,Up in MGUS
MEOTH102,2,Microenvironment,20q,protein_coding,45,43,10.66921,10.001163488372093,-0.6680465116278995,0.6293582962891421,-3.874062040934908,-0.07177736314552341,1.9579348770431504e-4,0.0033903634234513425,Up in MGUS
GEP1Q50,1,Plasma cells,1q,protein_coding,45,43,6.710296666666666,7.33689,0.626593333333334,1.5439150063052751,3.8684827718496364,-0.09049230779749617,1.9970426570469665e-4,0.003443176994908563,Up in GEP70>0.66
IG31,1,Plasma cells,22q,immunoglobulin,45,43,11.133623777777778,10.512751860465116,-0.6208719173126589,0.6502778024747908,-3.8552586623384926,-0.1347724518494653,2.0927354631974145e-4,0.003592678906776677,Up in MGUS
GEP1Q33,1,Plasma cells,1q,protein_coding,45,43,6.158598666666666,7.05325488372093,0.8946562170542638,1.8591668075267107,3.41727876319384,-1.5367320475112658,9.298513117362514e-4,0.015894894217713697,Up in GEP70>0.66
MEMGUS010,2,Microenvironment,19q,protein_coding,45,43,9.469029555555556,8.438733023255814,-1.0302965322997366,0.48960950385481594,-3.3583109367376758,-1.7155377666395708,0.0011264139731782103,0.019173003798778048,Up in MGUS
GEP1Q18,1,Plasma cells,1q,protein_coding,45,43,6.841350444444444,7.3384893023255815,0.49713885788113554,1.4114116837622388,3.3529994389769224,-1.7315234744259822,0.0011459157255918958,0.019422300433760947,Up in GEP70>0.66
GEP1Q49,1,Plasma cells,1q,protein_coding,45,43,7.335222666666667,7.844506511627907,0.5092838449612369,1.4233434712990662,3.3146139358814763,-1.8464557363592782,0.0012965620354639328,0.021882903552133886,Up in GEP70>0.66
MEOTH112,2,Microenvironment,18q,protein_coding,45,43,9.536945333333334,10.03053,0.49358466666667233,1.407938841091447,3.303658489410451,-1.8790658095594006,0.0013428492328539372,0.02256889466981407,Up in GEP70>0.66
GEP1Q57,1,Plasma cells,1q,protein_coding,45,43,5.312062666666667,5.806486976744186,0.49442431007751697,1.4087584950116507,3.2975636568588538,-1.8971706370325707,0.0013692659348567425,0.022916584683794854,Up in GEP70>0.66
GEP1Q24,1,Plasma cells,1q,protein_coding,45,43,7.030316,7.983394651162791,0.9530786511627953,1.9359995954747433,3.2958792451557466,-1.9021695329476485,0.0013766520502644052,0.022944200837740087,Up in GEP70>0.66
MEHIGH006,2,Microenvironment,18q,protein_coding,45,43,10.189849333333333,10.899438837209303,0.7095895038759696,1.635338741059877,3.2486176164632927,-2.041599721178579,0.0015997562363051256,0.026551970727056028,Up in GEP70>0.66
MEMGUS070,2,Microenvironment,19q,protein_coding,45,43,11.639072666666667,10.931636744186047,-0.7074359224806201,0.6124075938709816,-3.105071363213284,-2.4551317692765817,0.0025019597597828683,0.04135470677327055,Up in MGUS
GENE2435,1,Plasma cells,20q,protein_coding,45,43,9.267533777777778,8.947843023255814,-0.31969075452195916,0.8012416074303765,-3.0899501339545457,-2.49780958069932,0.00262056636650586,0.04313689492190716,Up in MGUS
GENE2294,0,Other,3q,protein_coding,45,43,8.073965333333334,7.729054418604651,-0.3449109147286862,0.7873565937115832,-3.0733191027108573,-2.5445518848641955,0.0027570313926766265,0.045197235945518464,Up in MGUS
GEP1Q25,1,Plasma cells,1q,protein_coding,45,43,6.413594222222222,7.035576976744186,0.6219827545219614,1.5389888235102644,3.0512217128338612,-2.6063377253343534,0.0029485599670716358,0.048139754564434874,Up in GEP70>0.66
