Sample_ID,PATID,SAMPLE_GROUP,RNBX_Group,Match_Status,Match_Type,PCBmBx_All,RNBX_WB_Eligible,Disease_Type_Consistent,MGUS_Selected,GEP70_Selected,Analysis_Group
CHIPID3000000,M200001,RNAS_CD138_MGUS,NA,NA,NA,NA,FALSE,FALSE,FALSE,FALSE,NA
CHIPID3000001,M200002,RNAS_CD138_MGUS,NA,NA,NA,NA,FALSE,FALSE,FALSE,FALSE,NA
CHIPID3000003,M200004,RNAS_CD138_MGUS,NA,NA,NA,NA,FALSE,FALSE,FALSE,FALSE,NA
CHIPID3000004,M200005,RNAS_CD138_MGUS,NA,NA,NA,NA,FALSE,FALSE,FALSE,FALSE,NA
CHIPID3000005,M200006,RNAS_CD138_MGUS,NA,NA,NA,NA,FALSE,FALSE,FALSE,FALSE,NA
CHIPID3000006,M200007,RNAS_CD138_MGUS,NA,NA,NA,NA,FALSE,FALSE,FALSE,FALSE,NA
CHIPID3000007,M200008,RNAS_CD138_MGUS,NA,NA,NA,NA,FALSE,FALSE,FALSE,FALSE,NA
CHIPID3000010,M200011,RNAS_CD138_MGUS,NA,NA,NA,NA,FALSE,FALSE,FALSE,FALSE,NA
CHIPID3000012,M200013,RNAS_CD138_MGUS,NA,NA,NA,NA,FALSE,FALSE,FALSE,FALSE,NA
CHIPID3000014,M200015,RNAS_CD138_MGUS,NA,NA,NA,NA,FALSE,FALSE,FALSE,FALSE,NA
CHIPID3000015,M200016,RNAS_CD138_MGUS,NA,NA,NA,NA,FALSE,FALSE,FALSE,FALSE,NA
CHIPID3000018,M200019,RNAS_CD138_MGUS,NA,NA,NA,NA,FALSE,FALSE,FALSE,FALSE,NA
CHIPID3000019,M200020,RNAS_CD138_MGUS,NA,NA,NA,NA,FALSE,FALSE,FALSE,FALSE,NA
CHIPID3000020,M200021,RNAS_CD138_MGUS,NA,NA,NA,NA,FALSE,FALSE,FALSE,FALSE,NA
CHIPID3000022,M200023,RNAS_CD138_MGUS,NA,NA,NA,NA,FALSE,FALSE,FALSE,FALSE,NA
CHIPID3000023,M200024,RNAS_CD138_MGUS,NA,NA,NA,NA,FALSE,FALSE,FALSE,FALSE,NA
CHIPID3000026,M200027,RNAS_CD138_MGUS,NA,NA,NA,NA,FALSE,FALSE,FALSE,FALSE,NA
CHIPID3000028,M200029,RNAS_CD138_MGUS,NA,NA,NA,NA,FALSE,FALSE,FALSE,FALSE,NA
CHIPID3000029,M200030,RNAS_CD138_MGUS,NA,NA,NA,NA,FALSE,FALSE,FALSE,FALSE,NA
CHIPID3000030,M200031,RNAS_CD138_MGUS,NA,NA,NA,NA,FALSE,FALSE,FALSE,FALSE,NA
CHIPID3000031,M200032,RNAS_CD138_MGUS,NA,NA,NA,NA,FALSE,FALSE,FALSE,FALSE,NA
CHIPID3000035,M200036,RNAS_CD138_MGUS,NA,NA,NA,NA,FALSE,FALSE,FALSE,FALSE,NA
CHIPID3000036,M200037,RNAS_CD138_MGUS,NA,NA,NA,NA,FALSE,FALSE,FALSE,FALSE,NA
CHIPID3000037,M200038,RNAS_CD138_MGUS,NA,NA,NA,NA,FALSE,FALSE,FALSE,FALSE,NA
CHIPID3000039,M200040,RNAS_CD138_MGUS,NA,NA,NA,NA,FALSE,FALSE,FALSE,FALSE,NA
CHIPID3000040,M200041,RNAS_CD138_MGUS,NA,NA,NA,NA,FALSE,FALSE,FALSE,FALSE,NA
CHIPID3000044,M200045,RNAS_CD138_MGUS,NA,NA,NA,NA,FALSE,FALSE,FALSE,FALSE,NA
CHIPID3000045,M200046,RNAS_CD138_MGUS,NA,NA,NA,NA,FALSE,FALSE,FALSE,FALSE,NA
CHIPID3000046,M200047,RNAS_CD138_MGUS,NA,NA,NA,NA,FALSE,FALSE,FALSE,FALSE,NA
CHIPID3000047,M200048,RNAS_CD138_MGUS,NA,NA,NA,NA,FALSE,FALSE,FALSE,FALSE,NA
CHIPID3000048,M200049,RNAS_CD138_MGUS,NA,NA,NA,NA,FALSE,FALSE,FALSE,FALSE,NA
CHIPID3000049,M200050,RNAS_CD138_MGUS,NA,NA,NA,NA,FALSE,FALSE,FALSE,FALSE,NA
CHIPID3000051,M200052,RNAS_CD138_MGUS,NA,NA,NA,NA,FALSE,FALSE,FALSE,FALSE,NA
CHIPID3000056,M200057,RNAS_CD138_MGUS,NA,NA,NA,NA,FALSE,FALSE,FALSE,FALSE,NA
CHIPID3000057,M200058,RNAS_CD138_MGUS,NA,NA,NA,NA,FALSE,FALSE,FALSE,FALSE,NA
CHIPID3000058,M200059,RNAS_CD138_MGUS,NA,NA,NA,NA,FALSE,FALSE,FALSE,FALSE,NA
CHIPID3000060,M200061,RNAS_CD138_MGUS,NA,NA,NA,NA,FALSE,FALSE,FALSE,FALSE,NA
CHIPID3000066,M200067,RNAS_CD138_MGUS,NA,NA,NA,NA,FALSE,FALSE,FALSE,FALSE,NA
CHIPID3000073,M200074,RNAS_CD138_MGUS,NA,NA,NA,NA,FALSE,FALSE,FALSE,FALSE,NA
CHIPID3000074,M200075,RNAS_CD138_MGUS,NA,NA,NA,NA,FALSE,FALSE,FALSE,FALSE,NA
CHIPID3000075,M200076,RNAS_CD138_MGUS,NA,NA,NA,NA,FALSE,FALSE,FALSE,FALSE,NA
CHIPID3000079,M200080,RNAS_CD138_MGUS,NA,NA,NA,NA,FALSE,FALSE,FALSE,FALSE,NA
CHIPID3000082,M200083,RNAS_CD138_MGUS,NA,NA,NA,NA,FALSE,FALSE,FALSE,FALSE,NA
CHIPID3000085,M200086,RNAS_CD138_MGUS,NA,NA,NA,NA,FALSE,FALSE,FALSE,FALSE,NA
CHIPID3000088,M200089,RNAS_CD138_MGUS,NA,NA,NA,NA,FALSE,FALSE,FALSE,FALSE,NA
CHIPID1000000,P100001,RNAS_CD138_NDMM,NA,NA,NA,NA,FALSE,FALSE,FALSE,FALSE,NA
CHIPID1000001,P100002,RNAS_CD138_NDMM,NA,NA,NA,NA,FALSE,FALSE,FALSE,FALSE,NA
CHIPID1000002,P100003,RNAS_CD138_NDMM,NA,NA,NA,NA,FALSE,FALSE,FALSE,FALSE,NA
CHIPID1000010,P100011,RNAS_CD138_NDMM,NA,NA,NA,NA,FALSE,FALSE,FALSE,FALSE,NA
CHIPID1000011,P100012,RNAS_CD138_NDMM,NA,NA,NA,NA,FALSE,FALSE,FALSE,FALSE,NA
CHIPID1000012,P100013,RNAS_CD138_NDMM,NA,NA,NA,NA,FALSE,FALSE,FALSE,FALSE,NA
CHIPID1000013,P100014,RNAS_CD138_NDMM,NA,NA,NA,NA,FALSE,FALSE,FALSE,FALSE,NA
CHIPID1000014,P100015,RNAS_CD138_NDMM,NA,NA,NA,NA,FALSE,FALSE,FALSE,FALSE,NA
CHIPID1000015,P100016,RNAS_CD138_NDMM,NA,NA,NA,NA,FALSE,FALSE,FALSE,FALSE,NA
CHIPID1000017,P100018,RNAS_CD138_NDMM,NA,NA,NA,NA,FALSE,FALSE,FALSE,FALSE,NA
CHIPID1000018,P100019,RNAS_CD138_NDMM,NA,NA,NA,NA,FALSE,FALSE,FALSE,FALSE,NA
CHIPID1000019,P100020,RNAS_CD138_NDMM,NA,NA,NA,NA,FALSE,FALSE,FALSE,FALSE,NA
CHIPID1000024,P100025,RNAS_CD138_NDMM,NA,NA,NA,NA,FALSE,FALSE,FALSE,FALSE,NA
CHIPID1000025,P100026,RNAS_CD138_NDMM,NA,NA,NA,NA,FALSE,FALSE,FALSE,FALSE,NA
CHIPID1000028,P100029,RNAS_CD138_NDMM,NA,NA,NA,NA,FALSE,FALSE,FALSE,FALSE,NA
CHIPID1000030,P100031,RNAS_CD138_NDMM,NA,NA,NA,NA,FALSE,FALSE,FALSE,FALSE,NA
CHIPID1000031,P100032,RNAS_CD138_NDMM,NA,NA,NA,NA,FALSE,FALSE,FALSE,FALSE,NA
CHIPID1000035,P100036,RNAS_CD138_NDMM,NA,NA,NA,NA,FALSE,FALSE,FALSE,FALSE,NA
CHIPID1000036,P100037,RNAS_CD138_NDMM,NA,NA,NA,NA,FALSE,FALSE,FALSE,FALSE,NA
CHIPID1000039,P100040,RNAS_CD138_NDMM,NA,NA,NA,NA,FALSE,FALSE,FALSE,FALSE,NA
CHIPID1000043,P100044,RNAS_CD138_NDMM,NA,NA,NA,NA,FALSE,FALSE,FALSE,FALSE,NA
CHIPID1000045,P100046,RNAS_CD138_NDMM,NA,NA,NA,NA,FALSE,FALSE,FALSE,FALSE,NA
CHIPID1000049,P100050,RNAS_CD138_NDMM,NA,NA,NA,NA,FALSE,FALSE,FALSE,FALSE,NA
CHIPID1000053,P100054,RNAS_CD138_NDMM,NA,NA,NA,NA,FALSE,FALSE,FALSE,FALSE,NA
CHIPID1000056,P100057,RNAS_CD138_NDMM,NA,NA,NA,NA,FALSE,FALSE,FALSE,FALSE,NA
CHIPID1000058,P100059,RNAS_CD138_NDMM,NA,NA,NA,NA,FALSE,FALSE,FALSE,FALSE,NA
CHIPID1000059,P100060,RNAS_CD138_NDMM,NA,NA,NA,NA,FALSE,FALSE,FALSE,FALSE,NA
CHIPID1000060,P100061,RNAS_CD138_NDMM,NA,NA,NA,NA,FALSE,FALSE,FALSE,FALSE,NA
CHIPID1000062,P100063,RNAS_CD138_NDMM,NA,NA,NA,NA,FALSE,FALSE,FALSE,FALSE,NA
CHIPID1000063,P100064,RNAS_CD138_NDMM,NA,NA,NA,NA,FALSE,FALSE,FALSE,FALSE,NA
CHIPID1000064,P100065,RNAS_CD138_NDMM,NA,NA,NA,NA,FALSE,FALSE,FALSE,FALSE,NA
CHIPID1000065,P100066,RNAS_CD138_NDMM,NA,NA,NA,NA,FALSE,FALSE,FALSE,FALSE,NA
CHIPID1000066,P100067,RNAS_CD138_NDMM,NA,NA,NA,NA,FALSE,FALSE,FALSE,FALSE,NA
CHIPID1000068,P100069,RNAS_CD138_NDMM,NA,NA,NA,NA,FALSE,FALSE,FALSE,FALSE,NA
CHIPID1000069,P100070,RNAS_CD138_NDMM,NA,NA,NA,NA,FALSE,FALSE,FALSE,FALSE,NA
CHIPID1000070,P100071,RNAS_CD138_NDMM,NA,NA,NA,NA,FALSE,FALSE,FALSE,FALSE,NA
CHIPID1000073,P100074,RNAS_CD138_NDMM,NA,NA,NA,NA,FALSE,FALSE,FALSE,FALSE,NA
CHIPID1000075,P100076,RNAS_CD138_NDMM,NA,NA,NA,NA,FALSE,FALSE,FALSE,FALSE,NA
CHIPID1000076,P100077,RNAS_CD138_NDMM,NA,NA,NA,NA,FALSE,FALSE,FALSE,FALSE,NA
CHIPID1000079,P100080,RNAS_CD138_NDMM,NA,NA,NA,NA,FALSE,FALSE,FALSE,FALSE,NA
CHIPID1000080,P100081,RNAS_CD138_NDMM,NA,NA,NA,NA,FALSE,FALSE,FALSE,FALSE,NA
CHIPID1000081,P100082,RNAS_CD138_NDMM,NA,NA,NA,NA,FALSE,FALSE,FALSE,FALSE,NA
CHIPID1000086,P100087,RNAS_CD138_NDMM,NA,NA,NA,NA,FALSE,FALSE,FALSE,FALSE,NA
CHIPID1000089,P100090,RNAS_CD138_NDMM,NA,NA,NA,NA,FALSE,FALSE,FALSE,FALSE,NA
CHIPID1000090,P100091,RNAS_CD138_NDMM,NA,NA,NA,NA,FALSE,FALSE,FALSE,FALSE,NA
CHIPID1000091,P100092,RNAS_CD138_NDMM,NA,NA,NA,NA,FALSE,FALSE,FALSE,FALSE,NA
CHIPID1000093,P100094,RNAS_CD138_NDMM,NA,NA,NA,NA,FALSE,FALSE,FALSE,FALSE,NA
CHIPID1000094,P100095,RNAS_CD138_NDMM,NA,NA,NA,NA,FALSE,FALSE,FALSE,FALSE,NA
CHIPID1000095,P100096,RNAS_CD138_NDMM,NA,NA,NA,NA,FALSE,FALSE,FALSE,FALSE,NA
CHIPID1000099,P100100,RNAS_CD138_NDMM,NA,NA,NA,NA,FALSE,FALSE,FALSE,FALSE,NA
CHIPID1000101,P100102,RNAS_CD138_NDMM,NA,NA,NA,NA,FALSE,FALSE,FALSE,FALSE,NA
CHIPID1000103,P100104,RNAS_CD138_NDMM,NA,NA,NA,NA,FALSE,FALSE,FALSE,FALSE,NA
CHIPID1000107,P100108,RNAS_CD138_NDMM,NA,NA,NA,NA,FALSE,FALSE,FALSE,FALSE,NA
CHIPID1000109,P100110,RNAS_CD138_NDMM,NA,NA,NA,NA,FALSE,FALSE,FALSE,FALSE,NA
CHIPID1000110,P100111,RNAS_CD138_NDMM,NA,NA,NA,NA,FALSE,FALSE,FALSE,FALSE,NA
CHIPID1000111,P100112,RNAS_CD138_NDMM,NA,NA,NA,NA,FALSE,FALSE,FALSE,FALSE,NA
CHIPID1000114,P100115,RNAS_CD138_NDMM,NA,NA,NA,NA,FALSE,FALSE,FALSE,FALSE,NA
CHIPID1000116,P100117,RNAS_CD138_NDMM,NA,NA,NA,NA,FALSE,FALSE,FALSE,FALSE,NA
CHIPID1000117,P100118,RNAS_CD138_NDMM,NA,NA,NA,NA,FALSE,FALSE,FALSE,FALSE,NA
CHIPID1000118,P100119,RNAS_CD138_NDMM,NA,NA,NA,NA,FALSE,FALSE,FALSE,FALSE,NA
CHIPID1000119,P100120,RNAS_CD138_NDMM,NA,NA,NA,NA,FALSE,FALSE,FALSE,FALSE,NA
CHIPID1000120,P100121,RNAS_CD138_NDMM,NA,NA,NA,NA,FALSE,FALSE,FALSE,FALSE,NA
CHIPID1000121,P100122,RNAS_CD138_NDMM,NA,NA,NA,NA,FALSE,FALSE,FALSE,FALSE,NA
CHIPID1000123,P100124,RNAS_CD138_NDMM,NA,NA,NA,NA,FALSE,FALSE,FALSE,FALSE,NA
CHIPID1000126,P100127,RNAS_CD138_NDMM,NA,NA,NA,NA,FALSE,FALSE,FALSE,FALSE,NA
CHIPID1000127,P100128,RNAS_CD138_NDMM,NA,NA,NA,NA,FALSE,FALSE,FALSE,FALSE,NA
CHIPID1000131,P100132,RNAS_CD138_NDMM,NA,NA,NA,NA,FALSE,FALSE,FALSE,FALSE,NA
CHIPID1000132,P100133,RNAS_CD138_NDMM,NA,NA,NA,NA,FALSE,FALSE,FALSE,FALSE,NA
CHIPID1000134,P100135,RNAS_CD138_NDMM,NA,NA,NA,NA,FALSE,FALSE,FALSE,FALSE,NA
CHIPID1000135,P100136,RNAS_CD138_NDMM,NA,NA,NA,NA,FALSE,FALSE,FALSE,FALSE,NA
CHIPID1000138,P100139,RNAS_CD138_NDMM,NA,NA,NA,NA,FALSE,FALSE,FALSE,FALSE,NA
CHIPID1000139,P100140,RNAS_CD138_NDMM,NA,NA,NA,NA,FALSE,FALSE,FALSE,FALSE,NA
CHIPID1000146,P100147,RNAS_CD138_NDMM,NA,NA,NA,NA,FALSE,FALSE,FALSE,FALSE,NA
CHIPID1000149,P100150,RNAS_CD138_NDMM,NA,NA,NA,NA,FALSE,FALSE,FALSE,FALSE,NA
CHIPID1000152,P100153,RNAS_CD138_NDMM,NA,NA,NA,NA,FALSE,FALSE,FALSE,FALSE,NA
CHIPID1000153,P100154,RNAS_CD138_NDMM,NA,NA,NA,NA,FALSE,FALSE,FALSE,FALSE,NA
CHIPID1000154,P100155,RNAS_CD138_NDMM,NA,NA,NA,NA,FALSE,FALSE,FALSE,FALSE,NA
CHIPID1000159,P100160,RNAS_CD138_NDMM,NA,NA,NA,NA,FALSE,FALSE,FALSE,FALSE,NA
CHIPID1000161,P100162,RNAS_CD138_NDMM,NA,NA,NA,NA,FALSE,FALSE,FALSE,FALSE,NA
CHIPID1000167,P100168,RNAS_CD138_NDMM,NA,NA,NA,NA,FALSE,FALSE,FALSE,FALSE,NA
CHIPID1000170,P100171,RNAS_CD138_NDMM,NA,NA,NA,NA,FALSE,FALSE,FALSE,FALSE,NA
CHIPID1000172,P100173,RNAS_CD138_NDMM,NA,NA,NA,NA,FALSE,FALSE,FALSE,FALSE,NA
CHIPID1000175,P100176,RNAS_CD138_NDMM,NA,NA,NA,NA,FALSE,FALSE,FALSE,FALSE,NA
CHIPID1000177,P100178,RNAS_CD138_NDMM,NA,NA,NA,NA,FALSE,FALSE,FALSE,FALSE,NA
CHIPID1000179,P100180,RNAS_CD138_NDMM,NA,NA,NA,NA,FALSE,FALSE,FALSE,FALSE,NA
CHIPID1000183,P100184,RNAS_CD138_NDMM,NA,NA,NA,NA,FALSE,FALSE,FALSE,FALSE,NA
CHIPID1000185,P100186,RNAS_CD138_NDMM,NA,NA,NA,NA,FALSE,FALSE,FALSE,FALSE,NA
CHIPID1000186,P100187,RNAS_CD138_NDMM,NA,NA,NA,NA,FALSE,FALSE,FALSE,FALSE,NA
CHIPID1000187,P100188,RNAS_CD138_NDMM,NA,NA,NA,NA,FALSE,FALSE,FALSE,FALSE,NA
CHIPID1000188,P100189,RNAS_CD138_NDMM,NA,NA,NA,NA,FALSE,FALSE,FALSE,FALSE,NA
CHIPID1000189,P100190,RNAS_CD138_NDMM,NA,NA,NA,NA,FALSE,FALSE,FALSE,FALSE,NA
CHIPID1000193,P100194,RNAS_CD138_NDMM,NA,NA,NA,NA,FALSE,FALSE,FALSE,FALSE,NA
CHIPID1000199,P100200,RNAS_CD138_NDMM,NA,NA,NA,NA,FALSE,FALSE,FALSE,FALSE,NA
CHIPID1000205,P100206,RNAS_CD138_NDMM,NA,NA,NA,NA,FALSE,FALSE,FALSE,FALSE,NA
CHIPID1000207,P100208,RNAS_CD138_NDMM,NA,NA,NA,NA,FALSE,FALSE,FALSE,FALSE,NA
CHIPID1000208,P100209,RNAS_CD138_NDMM,NA,NA,NA,NA,FALSE,FALSE,FALSE,FALSE,NA
CHIPID1000210,P100211,RNAS_CD138_NDMM,NA,NA,NA,NA,FALSE,FALSE,FALSE,FALSE,NA
CHIPID1000218,P100219,RNAS_CD138_NDMM,NA,NA,NA,NA,FALSE,FALSE,FALSE,FALSE,NA
CHIPID1000219,P100220,RNAS_CD138_NDMM,NA,NA,NA,NA,FALSE,FALSE,FALSE,FALSE,NA
CHIPID1000222,P100223,RNAS_CD138_NDMM,NA,NA,NA,NA,FALSE,FALSE,FALSE,FALSE,NA
CHIPID1000224,P100225,RNAS_CD138_NDMM,NA,NA,NA,NA,FALSE,FALSE,FALSE,FALSE,NA
CHIPID1000225,P100226,RNAS_CD138_NDMM,NA,NA,NA,NA,FALSE,FALSE,FALSE,FALSE,NA
CHIPID1000226,P100227,RNAS_CD138_NDMM,NA,NA,NA,NA,FALSE,FALSE,FALSE,FALSE,NA
CHIPID1000229,P100230,RNAS_CD138_NDMM,NA,NA,NA,NA,FALSE,FALSE,FALSE,FALSE,NA
CHIPID1000233,P100234,RNAS_CD138_NDMM,NA,NA,NA,NA,FALSE,FALSE,FALSE,FALSE,NA
CHIPID1000234,P100235,RNAS_CD138_NDMM,NA,NA,NA,NA,FALSE,FALSE,FALSE,FALSE,NA
CHIPID1000236,P100237,RNAS_CD138_NDMM,NA,NA,NA,NA,FALSE,FALSE,FALSE,FALSE,NA
CHIPID1000237,P100238,RNAS_CD138_NDMM,NA,NA,NA,NA,FALSE,FALSE,FALSE,FALSE,NA
CHIPID1000238,P100239,RNAS_CD138_NDMM,NA,NA,NA,NA,FALSE,FALSE,FALSE,FALSE,NA
CHIPID1000239,P100240,RNAS_CD138_NDMM,NA,NA,NA,NA,FALSE,FALSE,FALSE,FALSE,NA
CHIPID1000240,P100241,RNAS_CD138_NDMM,NA,NA,NA,NA,FALSE,FALSE,FALSE,FALSE,NA
CHIPID1000243,P100244,RNAS_CD138_NDMM,NA,NA,NA,NA,FALSE,FALSE,FALSE,FALSE,NA
CHIPID1000245,P100246,RNAS_CD138_NDMM,NA,NA,NA,NA,FALSE,FALSE,FALSE,FALSE,NA
CHIPID1000247,P100248,RNAS_CD138_NDMM,NA,NA,NA,NA,FALSE,FALSE,FALSE,FALSE,NA
CHIPID1000248,P100249,RNAS_CD138_NDMM,NA,NA,NA,NA,FALSE,FALSE,FALSE,FALSE,NA
CHIPID1000250,P100251,RNAS_CD138_NDMM,NA,NA,NA,NA,FALSE,FALSE,FALSE,FALSE,NA
CHIPID1000253,P100254,RNAS_CD138_NDMM,NA,NA,NA,NA,FALSE,FALSE,FALSE,FALSE,NA
CHIPID1000254,P100255,RNAS_CD138_NDMM,NA,NA,NA,NA,FALSE,FALSE,FALSE,FALSE,NA
CHIPID1000255,P100256,RNAS_CD138_NDMM,NA,NA,NA,NA,FALSE,FALSE,FALSE,FALSE,NA
CHIPID1000256,P100257,RNAS_CD138_NDMM,NA,NA,NA,NA,FALSE,FALSE,FALSE,FALSE,NA
CHIPID1000258,P100259,RNAS_CD138_NDMM,NA,NA,NA,NA,FALSE,FALSE,FALSE,FALSE,NA
CHIPID1000263,P100264,RNAS_CD138_NDMM,NA,NA,NA,NA,FALSE,FALSE,FALSE,FALSE,NA
CHIPID1000265,P100266,RNAS_CD138_NDMM,NA,NA,NA,NA,FALSE,FALSE,FALSE,FALSE,NA
CHIPID1000267,P100268,RNAS_CD138_NDMM,NA,NA,NA,NA,FALSE,FALSE,FALSE,FALSE,NA
CHIPID1000269,P100270,RNAS_CD138_NDMM,NA,NA,NA,NA,FALSE,FALSE,FALSE,FALSE,NA
CHIPID1000277,P100278,RNAS_CD138_NDMM,NA,NA,NA,NA,FALSE,FALSE,FALSE,FALSE,NA
CHIPID1000280,P100281,RNAS_CD138_NDMM,NA,NA,NA,NA,FALSE,FALSE,FALSE,FALSE,NA
CHIPID1000285,P100286,RNAS_CD138_NDMM,NA,NA,NA,NA,FALSE,FALSE,FALSE,FALSE,NA
CHIPID1000286,P100287,RNAS_CD138_NDMM,NA,NA,NA,NA,FALSE,FALSE,FALSE,FALSE,NA
CHIPID1000287,P100288,RNAS_CD138_NDMM,NA,NA,NA,NA,FALSE,FALSE,FALSE,FALSE,NA
CHIPID1000288,P100289,RNAS_CD138_NDMM,NA,NA,NA,NA,FALSE,FALSE,FALSE,FALSE,NA
CHIPID1000289,P100290,RNAS_CD138_NDMM,NA,NA,NA,NA,FALSE,FALSE,FALSE,FALSE,NA
CHIPID1000290,P100291,RNAS_CD138_NDMM,NA,NA,NA,NA,FALSE,FALSE,FALSE,FALSE,NA
CHIPID1000292,P100293,RNAS_CD138_NDMM,NA,NA,NA,NA,FALSE,FALSE,FALSE,FALSE,NA
CHIPID1000293,P100294,RNAS_CD138_NDMM,NA,NA,NA,NA,FALSE,FALSE,FALSE,FALSE,NA
CHIPID1000294,P100295,RNAS_CD138_NDMM,NA,NA,NA,NA,FALSE,FALSE,FALSE,FALSE,NA
CHIPID1000296,P100297,RNAS_CD138_NDMM,NA,NA,NA,NA,FALSE,FALSE,FALSE,FALSE,NA
CHIPID1000297,P100298,RNAS_CD138_NDMM,NA,NA,NA,NA,FALSE,FALSE,FALSE,FALSE,NA
CHIPID1000299,P100300,RNAS_CD138_NDMM,NA,NA,NA,NA,FALSE,FALSE,FALSE,FALSE,NA
CHIPID1000300,P100301,RNAS_CD138_NDMM,NA,NA,NA,NA,FALSE,FALSE,FALSE,FALSE,NA
CHIPID1000301,P100302,RNAS_CD138_NDMM,NA,NA,NA,NA,FALSE,FALSE,FALSE,FALSE,NA
CHIPID1000302,P100303,RNAS_CD138_NDMM,NA,NA,NA,NA,FALSE,FALSE,FALSE,FALSE,NA
CHIPID1000304,P100305,RNAS_CD138_NDMM,NA,NA,NA,NA,FALSE,FALSE,FALSE,FALSE,NA
CHIPID1000305,P100306,RNAS_CD138_NDMM,NA,NA,NA,NA,FALSE,FALSE,FALSE,FALSE,NA
CHIPID1000307,P100308,RNAS_CD138_NDMM,NA,NA,NA,NA,FALSE,FALSE,FALSE,FALSE,NA
CHIPID1000309,P100310,RNAS_CD138_NDMM,NA,NA,NA,NA,FALSE,FALSE,FALSE,FALSE,NA
CHIPID1000310,P100311,RNAS_CD138_NDMM,NA,NA,NA,NA,FALSE,FALSE,FALSE,FALSE,NA
CHIPID1000311,P100312,RNAS_CD138_NDMM,NA,NA,NA,NA,FALSE,FALSE,FALSE,FALSE,NA
CHIPID1000316,P100317,RNAS_CD138_NDMM,NA,NA,NA,NA,FALSE,FALSE,FALSE,FALSE,NA
CHIPID1000317,P100318,RNAS_CD138_NDMM,NA,NA,NA,NA,FALSE,FALSE,FALSE,FALSE,NA
CHIPID1000319,P100320,RNAS_CD138_NDMM,NA,NA,NA,NA,FALSE,FALSE,FALSE,FALSE,NA
CHIPID1000322,P100323,RNAS_CD138_NDMM,NA,NA,NA,NA,FALSE,FALSE,FALSE,FALSE,NA
CHIPID1000325,P100326,RNAS_CD138_NDMM,NA,NA,NA,NA,FALSE,FALSE,FALSE,FALSE,NA
CHIPID1000327,P100328,RNAS_CD138_NDMM,NA,NA,NA,NA,FALSE,FALSE,FALSE,FALSE,NA
CHIPID1000328,P100329,RNAS_CD138_NDMM,NA,NA,NA,NA,FALSE,FALSE,FALSE,FALSE,NA
CHIPID1000330,P100331,RNAS_CD138_NDMM,NA,NA,NA,NA,FALSE,FALSE,FALSE,FALSE,NA
CHIPID1000331,P100332,RNAS_CD138_NDMM,NA,NA,NA,NA,FALSE,FALSE,FALSE,FALSE,NA
CHIPID1000333,P100334,RNAS_CD138_NDMM,NA,NA,NA,NA,FALSE,FALSE,FALSE,FALSE,NA
CHIPID1000334,P100335,RNAS_CD138_NDMM,NA,NA,NA,NA,FALSE,FALSE,FALSE,FALSE,NA
CHIPID1000335,P100336,RNAS_CD138_NDMM,NA,NA,NA,NA,FALSE,FALSE,FALSE,FALSE,NA
CHIPID1000336,P100337,RNAS_CD138_NDMM,NA,NA,NA,NA,FALSE,FALSE,FALSE,FALSE,NA
CHIPID1000339,P100340,RNAS_CD138_NDMM,NA,NA,NA,NA,FALSE,FALSE,FALSE,FALSE,NA
CHIPID1000345,P100346,RNAS_CD138_NDMM,NA,NA,NA,NA,FALSE,FALSE,FALSE,FALSE,NA
CHIPID1000346,P100347,RNAS_CD138_NDMM,NA,NA,NA,NA,FALSE,FALSE,FALSE,FALSE,NA
CHIPID1000347,P100348,RNAS_CD138_NDMM,NA,NA,NA,NA,FALSE,FALSE,FALSE,FALSE,NA
CHIPID1000350,P100351,RNAS_CD138_NDMM,NA,NA,NA,NA,FALSE,FALSE,FALSE,FALSE,NA
CHIPID1000353,P100354,RNAS_CD138_NDMM,NA,NA,NA,NA,FALSE,FALSE,FALSE,FALSE,NA
CHIPID1000357,P100358,RNAS_CD138_NDMM,NA,NA,NA,NA,FALSE,FALSE,FALSE,FALSE,NA
CHIPID1000360,P100361,RNAS_CD138_NDMM,NA,NA,NA,NA,FALSE,FALSE,FALSE,FALSE,NA
CHIPID1000363,P100364,RNAS_CD138_NDMM,NA,NA,NA,NA,FALSE,FALSE,FALSE,FALSE,NA
CHIPID1000365,P100366,RNAS_CD138_NDMM,NA,NA,NA,NA,FALSE,FALSE,FALSE,FALSE,NA
CHIPID1000367,P100368,RNAS_CD138_NDMM,NA,NA,NA,NA,FALSE,FALSE,FALSE,FALSE,NA
CHIPID1000368,P100369,RNAS_CD138_NDMM,NA,NA,NA,NA,FALSE,FALSE,FALSE,FALSE,NA
CHIPID1000369,P100370,RNAS_CD138_NDMM,NA,NA,NA,NA,FALSE,FALSE,FALSE,FALSE,NA
CHIPID1000370,P100371,RNAS_CD138_NDMM,NA,NA,NA,NA,FALSE,FALSE,FALSE,FALSE,NA
CHIPID1000371,P100372,RNAS_CD138_NDMM,NA,NA,NA,NA,FALSE,FALSE,FALSE,FALSE,NA
CHIPID1000372,P100373,RNAS_CD138_NDMM,NA,NA,NA,NA,FALSE,FALSE,FALSE,FALSE,NA
CHIPID1000376,P100377,RNAS_CD138_NDMM,NA,NA,NA,NA,FALSE,FALSE,FALSE,FALSE,NA
CHIPID1000377,P100378,RNAS_CD138_NDMM,NA,NA,NA,NA,FALSE,FALSE,FALSE,FALSE,NA
CHIPID1000381,P100382,RNAS_CD138_NDMM,NA,NA,NA,NA,FALSE,FALSE,FALSE,FALSE,NA
CHIPID1000383,P100384,RNAS_CD138_NDMM,NA,NA,NA,NA,FALSE,FALSE,FALSE,FALSE,NA
CHIPID1000388,P100389,RNAS_CD138_NDMM,NA,NA,NA,NA,FALSE,FALSE,FALSE,FALSE,NA
CHIPID1000389,P100390,RNAS_CD138_NDMM,NA,NA,NA,NA,FALSE,FALSE,FALSE,FALSE,NA
CHIPID1000393,P100394,RNAS_CD138_NDMM,NA,NA,NA,NA,FALSE,FALSE,FALSE,FALSE,NA
CHIPID1000394,P100395,RNAS_CD138_NDMM,NA,NA,NA,NA,FALSE,FALSE,FALSE,FALSE,NA
CHIPID1000396,P100397,RNAS_CD138_NDMM,NA,NA,NA,NA,FALSE,FALSE,FALSE,FALSE,NA
CHIPID1000397,P100398,RNAS_CD138_NDMM,NA,NA,NA,NA,FALSE,FALSE,FALSE,FALSE,NA
CHIPID1000401,P100402,RNAS_CD138_NDMM,NA,NA,NA,NA,FALSE,FALSE,FALSE,FALSE,NA
CHIPID1000402,P100403,RNAS_CD138_NDMM,NA,NA,NA,NA,FALSE,FALSE,FALSE,FALSE,NA
CHIPID1000405,P100406,RNAS_CD138_NDMM,NA,NA,NA,NA,FALSE,FALSE,FALSE,FALSE,NA
CHIPID1000407,P100408,RNAS_CD138_NDMM,NA,NA,NA,NA,FALSE,FALSE,FALSE,FALSE,NA
CHIPID1000408,P100409,RNAS_CD138_NDMM,NA,NA,NA,NA,FALSE,FALSE,FALSE,FALSE,NA
CHIPID1000410,P100411,RNAS_CD138_NDMM,NA,NA,NA,NA,FALSE,FALSE,FALSE,FALSE,NA
CHIPID1000411,P100412,RNAS_CD138_NDMM,NA,NA,NA,NA,FALSE,FALSE,FALSE,FALSE,NA
CHIPID1000414,P100415,RNAS_CD138_NDMM,NA,NA,NA,NA,FALSE,FALSE,FALSE,FALSE,NA
CHIPID1000415,P100416,RNAS_CD138_NDMM,NA,NA,NA,NA,FALSE,FALSE,FALSE,FALSE,NA
CHIPID1000417,P100418,RNAS_CD138_NDMM,NA,NA,NA,NA,FALSE,FALSE,FALSE,FALSE,NA
CHIPID1000418,P100419,RNAS_CD138_NDMM,NA,NA,NA,NA,FALSE,FALSE,FALSE,FALSE,NA
CHIPID1000419,P100420,RNAS_CD138_NDMM,NA,NA,NA,NA,FALSE,FALSE,FALSE,FALSE,NA
CHIPID1000421,P100422,RNAS_CD138_NDMM,NA,NA,NA,NA,FALSE,FALSE,FALSE,FALSE,NA
CHIPID1000422,P100423,RNAS_CD138_NDMM,NA,NA,NA,NA,FALSE,FALSE,FALSE,FALSE,NA
CHIPID1000424,P100425,RNAS_CD138_NDMM,NA,NA,NA,NA,FALSE,FALSE,FALSE,FALSE,NA
CHIPID1000425,P100426,RNAS_CD138_NDMM,NA,NA,NA,NA,FALSE,FALSE,FALSE,FALSE,NA
CHIPID1000426,P100427,RNAS_CD138_NDMM,NA,NA,NA,NA,FALSE,FALSE,FALSE,FALSE,NA
CHIPID1000427,P100428,RNAS_CD138_NDMM,NA,NA,NA,NA,FALSE,FALSE,FALSE,FALSE,NA
CHIPID1000428,P100429,RNAS_CD138_NDMM,NA,NA,NA,NA,FALSE,FALSE,FALSE,FALSE,NA
CHIPID1000429,P100430,RNAS_CD138_NDMM,NA,NA,NA,NA,FALSE,FALSE,FALSE,FALSE,NA
CHIPID1000430,P100431,RNAS_CD138_NDMM,NA,NA,NA,NA,FALSE,FALSE,FALSE,FALSE,NA
CHIPID1000431,P100432,RNAS_CD138_NDMM,NA,NA,NA,NA,FALSE,FALSE,FALSE,FALSE,NA
CHIPID1000432,P100433,RNAS_CD138_NDMM,NA,NA,NA,NA,FALSE,FALSE,FALSE,FALSE,NA
CHIPID1000434,P100435,RNAS_CD138_NDMM,NA,NA,NA,NA,FALSE,FALSE,FALSE,FALSE,NA
CHIPID1000436,P100437,RNAS_CD138_NDMM,NA,NA,NA,NA,FALSE,FALSE,FALSE,FALSE,NA
CHIPID1000437,P100438,RNAS_CD138_NDMM,NA,NA,NA,NA,FALSE,FALSE,FALSE,FALSE,NA
CHIPID1000440,P100441,RNAS_CD138_NDMM,NA,NA,NA,NA,FALSE,FALSE,FALSE,FALSE,NA
CHIPID1000443,P100444,RNAS_CD138_NDMM,NA,NA,NA,NA,FALSE,FALSE,FALSE,FALSE,NA
CHIPID1000444,P100445,RNAS_CD138_NDMM,NA,NA,NA,NA,FALSE,FALSE,FALSE,FALSE,NA
CHIPID1000445,P100446,RNAS_CD138_NDMM,NA,NA,NA,NA,FALSE,FALSE,FALSE,FALSE,NA
CHIPID1000447,P100448,RNAS_CD138_NDMM,NA,NA,NA,NA,FALSE,FALSE,FALSE,FALSE,NA
CHIPID1000449,P100450,RNAS_CD138_NDMM,NA,NA,NA,NA,FALSE,FALSE,FALSE,FALSE,NA
CHIPID1000451,P100452,RNAS_CD138_NDMM,NA,NA,NA,NA,FALSE,FALSE,FALSE,FALSE,NA
CHIPID1000452,P100453,RNAS_CD138_NDMM,NA,NA,NA,NA,FALSE,FALSE,FALSE,FALSE,NA
CHIPID1000453,P100454,RNAS_CD138_NDMM,NA,NA,NA,NA,FALSE,FALSE,FALSE,FALSE,NA
CHIPID1000454,P100455,RNAS_CD138_NDMM,NA,NA,NA,NA,FALSE,FALSE,FALSE,FALSE,NA
CHIPID1000455,P100456,RNAS_CD138_NDMM,NA,NA,NA,NA,FALSE,FALSE,FALSE,FALSE,NA
CHIPID1000456,P100457,RNAS_CD138_NDMM,NA,NA,NA,NA,FALSE,FALSE,FALSE,FALSE,NA
CHIPID1000457,P100458,RNAS_CD138_NDMM,NA,NA,NA,NA,FALSE,FALSE,FALSE,FALSE,NA
CHIPID1000460,P100461,RNAS_CD138_NDMM,NA,NA,NA,NA,FALSE,FALSE,FALSE,FALSE,NA
CHIPID1000461,P100462,RNAS_CD138_NDMM,NA,NA,NA,NA,FALSE,FALSE,FALSE,FALSE,NA
CHIPID1000465,P100466,RNAS_CD138_NDMM,NA,NA,NA,NA,FALSE,FALSE,FALSE,FALSE,NA
CHIPID1000468,P100469,RNAS_CD138_NDMM,NA,NA,NA,NA,FALSE,FALSE,FALSE,FALSE,NA
CHIPID1000469,P100470,RNAS_CD138_NDMM,NA,NA,NA,NA,FALSE,FALSE,FALSE,FALSE,NA
CHIPID1000470,P100471,RNAS_CD138_NDMM,NA,NA,NA,NA,FALSE,FALSE,FALSE,FALSE,NA
CHIPID1000472,P100473,RNAS_CD138_NDMM,NA,NA,NA,NA,FALSE,FALSE,FALSE,FALSE,NA
CHIPID1000473,P100474,RNAS_CD138_NDMM,NA,NA,NA,NA,FALSE,FALSE,FALSE,FALSE,NA
CHIPID1000476,P100477,RNAS_CD138_NDMM,NA,NA,NA,NA,FALSE,FALSE,FALSE,FALSE,NA
CHIPID1000478,P100479,RNAS_CD138_NDMM,NA,NA,NA,NA,FALSE,FALSE,FALSE,FALSE,NA
CHIPID1000479,P100480,RNAS_CD138_NDMM,NA,NA,NA,NA,FALSE,FALSE,FALSE,FALSE,NA
CHIPID1000480,P100481,RNAS_CD138_NDMM,NA,NA,NA,NA,FALSE,FALSE,FALSE,FALSE,NA
CHIPID1000486,P100487,RNAS_CD138_NDMM,NA,NA,NA,NA,FALSE,FALSE,FALSE,FALSE,NA
CHIPID1000490,P100491,RNAS_CD138_NDMM,NA,NA,NA,NA,FALSE,FALSE,FALSE,FALSE,NA
CHIPID1000493,P100494,RNAS_CD138_NDMM,NA,NA,NA,NA,FALSE,FALSE,FALSE,FALSE,NA
CHIPID1000494,P100495,RNAS_CD138_NDMM,NA,NA,NA,NA,FALSE,FALSE,FALSE,FALSE,NA
CHIPID1000495,P100496,RNAS_CD138_NDMM,NA,NA,NA,NA,FALSE,FALSE,FALSE,FALSE,NA
CHIPID1000496,P100497,RNAS_CD138_NDMM,NA,NA,NA,NA,FALSE,FALSE,FALSE,FALSE,NA
CHIPID1000498,P100499,RNAS_CD138_NDMM,NA,NA,NA,NA,FALSE,FALSE,FALSE,FALSE,NA
CHIPID1000501,P100502,RNAS_CD138_NDMM,NA,NA,NA,NA,FALSE,FALSE,FALSE,FALSE,NA
CHIPID1000504,P100505,RNAS_CD138_NDMM,NA,NA,NA,NA,FALSE,FALSE,FALSE,FALSE,NA
CHIPID1000505,P100506,RNAS_CD138_NDMM,NA,NA,NA,NA,FALSE,FALSE,FALSE,FALSE,NA
CHIPID1000506,P100507,RNAS_CD138_NDMM,NA,NA,NA,NA,FALSE,FALSE,FALSE,FALSE,NA
CHIPID1000507,P100508,RNAS_CD138_NDMM,NA,NA,NA,NA,FALSE,FALSE,FALSE,FALSE,NA
CHIPID1000510,P100511,RNAS_CD138_NDMM,NA,NA,NA,NA,FALSE,FALSE,FALSE,FALSE,NA
CHIPID1000511,P100512,RNAS_CD138_NDMM,NA,NA,NA,NA,FALSE,FALSE,FALSE,FALSE,NA
CHIPID1000512,P100513,RNAS_CD138_NDMM,NA,NA,NA,NA,FALSE,FALSE,FALSE,FALSE,NA
CHIPID1000514,P100515,RNAS_CD138_NDMM,NA,NA,NA,NA,FALSE,FALSE,FALSE,FALSE,NA
CHIPID1000515,P100516,RNAS_CD138_NDMM,NA,NA,NA,NA,FALSE,FALSE,FALSE,FALSE,NA
CHIPID1000518,P100519,RNAS_CD138_NDMM,NA,NA,NA,NA,FALSE,FALSE,FALSE,FALSE,NA
CHIPID1000520,P100521,RNAS_CD138_NDMM,NA,NA,NA,NA,FALSE,FALSE,FALSE,FALSE,NA
CHIPID1000521,P100522,RNAS_CD138_NDMM,NA,NA,NA,NA,FALSE,FALSE,FALSE,FALSE,NA
CHIPID1000522,P100523,RNAS_CD138_NDMM,NA,NA,NA,NA,FALSE,FALSE,FALSE,FALSE,NA
CHIPID1000524,P100525,RNAS_CD138_NDMM,NA,NA,NA,NA,FALSE,FALSE,FALSE,FALSE,NA
CHIPID1000525,P100526,RNAS_CD138_NDMM,NA,NA,NA,NA,FALSE,FALSE,FALSE,FALSE,NA
CHIPID1000526,P100527,RNAS_CD138_NDMM,NA,NA,NA,NA,FALSE,FALSE,FALSE,FALSE,NA
CHIPID1000527,P100528,RNAS_CD138_NDMM,NA,NA,NA,NA,FALSE,FALSE,FALSE,FALSE,NA
CHIPID1000530,P100531,RNAS_CD138_NDMM,NA,NA,NA,NA,FALSE,FALSE,FALSE,FALSE,NA
CHIPID1000531,P100532,RNAS_CD138_NDMM,NA,NA,NA,NA,FALSE,FALSE,FALSE,FALSE,NA
CHIPID1000533,P100534,RNAS_CD138_NDMM,NA,NA,NA,NA,FALSE,FALSE,FALSE,FALSE,NA
CHIPID1000534,P100535,RNAS_CD138_NDMM,NA,NA,NA,NA,FALSE,FALSE,FALSE,FALSE,NA
CHIPID1000535,P100536,RNAS_CD138_NDMM,NA,NA,NA,NA,FALSE,FALSE,FALSE,FALSE,NA
CHIPID1000539,P100540,RNAS_CD138_NDMM,NA,NA,NA,NA,FALSE,FALSE,FALSE,FALSE,NA
CHIPID1000540,P100541,RNAS_CD138_NDMM,NA,NA,NA,NA,FALSE,FALSE,FALSE,FALSE,NA
CHIPID1000541,P100542,RNAS_CD138_NDMM,NA,NA,NA,NA,FALSE,FALSE,FALSE,FALSE,NA
CHIPID1000542,P100543,RNAS_CD138_NDMM,NA,NA,NA,NA,FALSE,FALSE,FALSE,FALSE,NA
CHIPID1000544,P100545,RNAS_CD138_NDMM,NA,NA,NA,NA,FALSE,FALSE,FALSE,FALSE,NA
CHIPID1000545,P100546,RNAS_CD138_NDMM,NA,NA,NA,NA,FALSE,FALSE,FALSE,FALSE,NA
CHIPID1000550,P100551,RNAS_CD138_NDMM,NA,NA,NA,NA,FALSE,FALSE,FALSE,FALSE,NA
CHIPID1000551,P100552,RNAS_CD138_NDMM,NA,NA,NA,NA,FALSE,FALSE,FALSE,FALSE,NA
CHIPID1000553,P100554,RNAS_CD138_NDMM,NA,NA,NA,NA,FALSE,FALSE,FALSE,FALSE,NA
CHIPID1000555,P100556,RNAS_CD138_NDMM,NA,NA,NA,NA,FALSE,FALSE,FALSE,FALSE,NA
CHIPID1000557,P100558,RNAS_CD138_NDMM,NA,NA,NA,NA,FALSE,FALSE,FALSE,FALSE,NA
CHIPID1000559,P100560,RNAS_CD138_NDMM,NA,NA,NA,NA,FALSE,FALSE,FALSE,FALSE,NA
CHIPID1000562,P100563,RNAS_CD138_NDMM,NA,NA,NA,NA,FALSE,FALSE,FALSE,FALSE,NA
CHIPID1000563,P100564,RNAS_CD138_NDMM,NA,NA,NA,NA,FALSE,FALSE,FALSE,FALSE,NA
CHIPID1000567,P100568,RNAS_CD138_NDMM,NA,NA,NA,NA,FALSE,FALSE,FALSE,FALSE,NA
CHIPID1000568,P100569,RNAS_CD138_NDMM,NA,NA,NA,NA,FALSE,FALSE,FALSE,FALSE,NA
CHIPID1000569,P100570,RNAS_CD138_NDMM,NA,NA,NA,NA,FALSE,FALSE,FALSE,FALSE,NA
CHIPID4000000,M200001,RNBX_WB_MGUS,MGUS,matched_one_to_one,MGUS,3.43,TRUE,TRUE,TRUE,FALSE,MGUS
CHIPID4000001,M200002,RNBX_WB_MGUS,MGUS,matched_one_to_one,MGUS,4.04,TRUE,TRUE,TRUE,FALSE,MGUS
CHIPID4000003,M200004,RNBX_WB_MGUS,MGUS,matched_one_to_one,MGUS,3.56,TRUE,TRUE,TRUE,FALSE,MGUS
CHIPID4000004,M200005,RNBX_WB_MGUS,MGUS,matched_one_to_one,MGUS,5.67,TRUE,TRUE,TRUE,FALSE,MGUS
CHIPID4000005,M200006,RNBX_WB_MGUS,MGUS,matched_one_to_one,MGUS,2.93,TRUE,TRUE,TRUE,FALSE,MGUS
CHIPID4000006,M200007,RNBX_WB_MGUS,MGUS,matched_one_to_one,MGUS,7.47,TRUE,TRUE,TRUE,FALSE,MGUS
CHIPID4000007,M200008,RNBX_WB_MGUS,MGUS,matched_one_to_one,MGUS,2.03,TRUE,TRUE,TRUE,FALSE,MGUS
CHIPID4000010,M200011,RNBX_WB_MGUS,MGUS,matched_one_to_one,MGUS,1.76,TRUE,TRUE,TRUE,FALSE,MGUS
CHIPID4000012,M200013,RNBX_WB_MGUS,MGUS,matched_one_to_one,MGUS,2.16,TRUE,TRUE,TRUE,FALSE,MGUS
CHIPID4000014,M200015,RNBX_WB_MGUS,MGUS,matched_one_to_one,MGUS,2.79,TRUE,TRUE,TRUE,FALSE,MGUS
CHIPID4000015,M200016,RNBX_WB_MGUS,MGUS,matched_one_to_one,MGUS,6.94,TRUE,TRUE,TRUE,FALSE,MGUS
CHIPID4000018,M200019,RNBX_WB_MGUS,MGUS,matched_one_to_one,MGUS,5.38,TRUE,TRUE,TRUE,FALSE,MGUS
CHIPID4000019,M200020,RNBX_WB_MGUS,MGUS,matched_one_to_one,MGUS,2.68,TRUE,TRUE,TRUE,FALSE,MGUS
CHIPID4000020,M200021,RNBX_WB_MGUS,MGUS,matched_one_to_one,MGUS,6.05,TRUE,TRUE,TRUE,FALSE,MGUS
CHIPID4000022,M200023,RNBX_WB_MGUS,MGUS,matched_one_to_one,MGUS,1.58,TRUE,TRUE,TRUE,FALSE,MGUS
CHIPID4000023,M200024,RNBX_WB_MGUS,MGUS,matched_one_to_one,MGUS,4.92,TRUE,TRUE,TRUE,FALSE,MGUS
CHIPID4000026,M200027,RNBX_WB_MGUS,MGUS,matched_one_to_one,MGUS,1.66,TRUE,TRUE,TRUE,FALSE,MGUS
CHIPID4000028,M200029,RNBX_WB_MGUS,MGUS,matched_one_to_one,MGUS,8.92,TRUE,TRUE,TRUE,FALSE,MGUS
CHIPID4000029,M200030,RNBX_WB_MGUS,MGUS,matched_one_to_one,MGUS,7.99,TRUE,TRUE,TRUE,FALSE,MGUS
CHIPID4000030,M200031,RNBX_WB_MGUS,MGUS,matched_one_to_one,MGUS,8.61,TRUE,TRUE,TRUE,FALSE,MGUS
CHIPID4000031,M200032,RNBX_WB_MGUS,MGUS,matched_one_to_one,MGUS,7.83,TRUE,TRUE,TRUE,FALSE,MGUS
CHIPID4000035,M200036,RNBX_WB_MGUS,MGUS,matched_one_to_one,MGUS,8.83,TRUE,TRUE,TRUE,FALSE,MGUS
CHIPID4000036,M200037,RNBX_WB_MGUS,MGUS,matched_one_to_one,MGUS,6.36,TRUE,TRUE,TRUE,FALSE,MGUS
CHIPID4000037,M200038,RNBX_WB_MGUS,MGUS,matched_one_to_one,MGUS,2.95,TRUE,TRUE,TRUE,FALSE,MGUS
CHIPID4000039,M200040,RNBX_WB_MGUS,MGUS,matched_one_to_one,MGUS,7.15,TRUE,TRUE,TRUE,FALSE,MGUS
CHIPID4000040,M200041,RNBX_WB_MGUS,MGUS,matched_one_to_one,MGUS,8.25,TRUE,TRUE,TRUE,FALSE,MGUS
CHIPID4000044,M200045,RNBX_WB_MGUS,MGUS,matched_one_to_one,MGUS,8.89,TRUE,TRUE,TRUE,FALSE,MGUS
CHIPID4000045,M200046,RNBX_WB_MGUS,MGUS,matched_one_to_one,MGUS,2.11,TRUE,TRUE,TRUE,FALSE,MGUS
CHIPID4000046,M200047,RNBX_WB_MGUS,MGUS,matched_one_to_one,MGUS,3.32,TRUE,TRUE,TRUE,FALSE,MGUS
CHIPID4000047,M200048,RNBX_WB_MGUS,MGUS,matched_one_to_one,MGUS,3.97,TRUE,TRUE,TRUE,FALSE,MGUS
CHIPID4000048,M200049,RNBX_WB_MGUS,MGUS,matched_one_to_one,MGUS,6,TRUE,TRUE,TRUE,FALSE,MGUS
CHIPID4000049,M200050,RNBX_WB_MGUS,MGUS,matched_one_to_one,MGUS,6.26,TRUE,TRUE,TRUE,FALSE,MGUS
CHIPID4000051,M200052,RNBX_WB_MGUS,MGUS,matched_one_to_one,MGUS,8.54,TRUE,TRUE,TRUE,FALSE,MGUS
CHIPID4000056,M200057,RNBX_WB_MGUS,MGUS,matched_one_to_one,MGUS,1.17,TRUE,TRUE,TRUE,FALSE,MGUS
CHIPID4000057,M200058,RNBX_WB_MGUS,MGUS,matched_one_to_one,MGUS,4.37,TRUE,TRUE,TRUE,FALSE,MGUS
CHIPID4000058,M200059,RNBX_WB_MGUS,MGUS,matched_one_to_one,MGUS,7.91,TRUE,TRUE,TRUE,FALSE,MGUS
CHIPID4000060,M200061,RNBX_WB_MGUS,MGUS,matched_one_to_one,MGUS,4.68,TRUE,TRUE,TRUE,FALSE,MGUS
CHIPID4000066,M200067,RNBX_WB_MGUS,MGUS,matched_one_to_one,MGUS,1.98,TRUE,TRUE,TRUE,FALSE,MGUS
CHIPID4000073,M200074,RNBX_WB_MGUS,MGUS,matched_one_to_one,MGUS,3.05,TRUE,TRUE,TRUE,FALSE,MGUS
CHIPID4000074,M200075,RNBX_WB_MGUS,MGUS,matched_one_to_one,MGUS,3.23,TRUE,TRUE,TRUE,FALSE,MGUS
CHIPID4000075,M200076,RNBX_WB_MGUS,MGUS,matched_one_to_one,MGUS,6.47,TRUE,TRUE,TRUE,FALSE,MGUS
CHIPID4000079,M200080,RNBX_WB_MGUS,MGUS,matched_one_to_one,MGUS,4.01,TRUE,TRUE,TRUE,FALSE,MGUS
CHIPID4000082,M200083,RNBX_WB_MGUS,MGUS,matched_one_to_one,MGUS,4.03,TRUE,TRUE,TRUE,FALSE,MGUS
CHIPID4000085,M200086,RNBX_WB_MGUS,MGUS,matched_one_to_one,MGUS,8.71,TRUE,TRUE,TRUE,FALSE,MGUS
CHIPID4000088,M200089,RNBX_WB_MGUS,MGUS,matched_one_to_one,MGUS,6.21,TRUE,TRUE,TRUE,FALSE,MGUS
CHIPID2000000,P100001,RNBX_WB_NDMM,GEP1q-CN2/PolyIG-high,matched_one_to_one,NDMM,36.5,TRUE,TRUE,FALSE,FALSE,NA
CHIPID2000001,P100002,RNBX_WB_NDMM,GEP70>0.66,matched_one_to_one,NDMM,7.43,TRUE,TRUE,FALSE,TRUE,GEP70>0.66
CHIPID2000002,P100003,RNBX_WB_NDMM,GEP1q-CN>=3/PolyIG-high,matched_one_to_one,NDMM,35.41,TRUE,TRUE,FALSE,FALSE,NA
CHIPID2000010,P100011,RNBX_WB_NDMM,GEP1q-CN2/PolyIG-low,matched_one_to_one,NDMM,7.93,TRUE,TRUE,FALSE,FALSE,NA
CHIPID2000011,P100012,RNBX_WB_NDMM,GEP70>0.66,matched_one_to_one,NDMM,21.84,TRUE,TRUE,FALSE,TRUE,GEP70>0.66
CHIPID2000012,P100013,RNBX_WB_NDMM,GEP1q-CN2/PolyIG-high,matched_one_to_one,NDMM,42.93,TRUE,TRUE,FALSE,FALSE,NA
CHIPID2000013,P100014,RNBX_WB_NDMM,GEP1q-CN2/PolyIG-low,matched_one_to_one,NDMM,6.46,TRUE,TRUE,FALSE,FALSE,NA
CHIPID2000014,P100015,RNBX_WB_NDMM,GEP1q-CN>=3/PolyIG-high,matched_one_to_one,NDMM,51.72,TRUE,TRUE,FALSE,FALSE,NA
CHIPID2000015,P100016,RNBX_WB_NDMM,GEP70>0.66,matched_one_to_one,NDMM,6.77,TRUE,TRUE,FALSE,TRUE,GEP70>0.66
CHIPID2000017,P100018,RNBX_WB_NDMM,GEP1q-CN2/PolyIG-low,matched_one_to_one,NDMM,22.13,TRUE,TRUE,FALSE,FALSE,NA
CHIPID2000018,P100019,RNBX_WB_NDMM,GEP70>0.66,matched_one_to_one,NDMM,36.23,TRUE,TRUE,FALSE,TRUE,GEP70>0.66
CHIPID2000019,P100020,RNBX_WB_NDMM,GEP1q-CN2/PolyIG-low,matched_one_to_one,NDMM,24.55,TRUE,TRUE,FALSE,FALSE,NA
CHIPID2000024,P100025,RNBX_WB_NDMM,GEP1q-CN>=3/PolyIG-low,matched_one_to_one,NDMM,21.45,TRUE,TRUE,FALSE,FALSE,NA
CHIPID2000025,P100026,RNBX_WB_NDMM,GEP70>0.66,matched_one_to_one,NDMM,33.62,TRUE,TRUE,FALSE,TRUE,GEP70>0.66
CHIPID2000028,P100029,RNBX_WB_NDMM,GEP1q-CN>=3/PolyIG-low,matched_one_to_one,NDMM,19.66,TRUE,TRUE,FALSE,FALSE,NA
CHIPID2000030,P100031,RNBX_WB_NDMM,GEP1q-CN2/PolyIG-low,matched_one_to_one,NDMM,24.74,TRUE,TRUE,FALSE,FALSE,NA
CHIPID2000031,P100032,RNBX_WB_NDMM,GEP1q-CN>=3/PolyIG-high,matched_one_to_one,NDMM,29.15,TRUE,TRUE,FALSE,FALSE,NA
CHIPID2000035,P100036,RNBX_WB_NDMM,GEP1q-CN>=3/PolyIG-low,matched_one_to_one,NDMM,5.27,TRUE,TRUE,FALSE,FALSE,NA
CHIPID2000036,P100037,RNBX_WB_NDMM,GEP1q-CN2/PolyIG-high,matched_one_to_one,NDMM,37.89,TRUE,TRUE,FALSE,FALSE,NA
CHIPID2000039,P100040,RNBX_WB_NDMM,GEP1q-CN2/PolyIG-low,matched_one_to_one,NDMM,24.08,TRUE,TRUE,FALSE,FALSE,NA
CHIPID2000043,P100044,RNBX_WB_NDMM,GEP1q-CN2/PolyIG-high,matched_one_to_one,NDMM,43.07,TRUE,TRUE,FALSE,FALSE,NA
CHIPID2000045,P100046,RNBX_WB_NDMM,GEP1q-CN2/PolyIG-low,matched_one_to_one,NDMM,13.74,TRUE,TRUE,FALSE,FALSE,NA
CHIPID2000049,P100050,RNBX_WB_NDMM,GEP1q-CN2/PolyIG-high,matched_one_to_one,NDMM,53.43,TRUE,TRUE,FALSE,FALSE,NA
CHIPID2000053,P100054,RNBX_WB_NDMM,GEP1q-CN>=3/PolyIG-high,matched_one_to_one,NDMM,38.17,TRUE,TRUE,FALSE,FALSE,NA
CHIPID2000056,P100057,RNBX_WB_NDMM,GEP1q-CN>=3/PolyIG-low,matched_one_to_one,NDMM,4.37,TRUE,TRUE,FALSE,FALSE,NA
CHIPID2000058,P100059,RNBX_WB_NDMM,GEP1q-CN2/PolyIG-low,matched_one_to_one,NDMM,17.84,TRUE,TRUE,FALSE,FALSE,NA
CHIPID2000059,P100060,RNBX_WB_NDMM,GEP1q-CN2/PolyIG-high,matched_one_to_one,NDMM,18.24,TRUE,TRUE,FALSE,FALSE,NA
CHIPID2000060,P100061,RNBX_WB_NDMM,GEP1q-CN2/PolyIG-high,matched_one_to_one,NDMM,5.92,TRUE,TRUE,FALSE,FALSE,NA
CHIPID2000062,P100063,RNBX_WB_NDMM,GEP1q-CN2/PolyIG-high,matched_one_to_one,NDMM,43.55,TRUE,TRUE,FALSE,FALSE,NA
CHIPID2000063,P100064,RNBX_WB_NDMM,GEP1q-CN2/PolyIG-high,matched_one_to_one,NDMM,43.49,TRUE,TRUE,FALSE,FALSE,NA
CHIPID2000064,P100065,RNBX_WB_NDMM,GEP1q-CN>=3/PolyIG-high,matched_one_to_one,NDMM,27.95,TRUE,TRUE,FALSE,FALSE,NA
CHIPID2000065,P100066,RNBX_WB_NDMM,GEP1q-CN2/PolyIG-high,matched_one_to_one,NDMM,27.14,TRUE,TRUE,FALSE,FALSE,NA
CHIPID2000066,P100067,RNBX_WB_NDMM,GEP1q-CN2/PolyIG-low,matched_one_to_one,NDMM,34.74,TRUE,TRUE,FALSE,FALSE,NA
CHIPID2000068,P100069,RNBX_WB_NDMM,GEP1q-CN>=3/PolyIG-low,matched_one_to_one,NDMM,9.53,TRUE,TRUE,FALSE,FALSE,NA
CHIPID2000069,P100070,RNBX_WB_NDMM,GEP1q-CN>=3/PolyIG-high,matched_one_to_one,NDMM,48.29,TRUE,TRUE,FALSE,FALSE,NA
CHIPID2000070,P100071,RNBX_WB_NDMM,GEP70>0.66,matched_one_to_one,NDMM,29.08,TRUE,TRUE,FALSE,TRUE,GEP70>0.66
CHIPID2000073,P100074,RNBX_WB_NDMM,GEP1q-CN>=3/PolyIG-high,matched_one_to_one,NDMM,16.42,TRUE,TRUE,FALSE,FALSE,NA
CHIPID2000075,P100076,RNBX_WB_NDMM,GEP1q-CN>=3/PolyIG-high,matched_one_to_one,NDMM,47.59,TRUE,TRUE,FALSE,FALSE,NA
CHIPID2000076,P100077,RNBX_WB_NDMM,GEP70>0.66,matched_one_to_one,NDMM,7.92,TRUE,TRUE,FALSE,TRUE,GEP70>0.66
CHIPID2000079,P100080,RNBX_WB_NDMM,GEP70>0.66,matched_one_to_one,NDMM,50.19,TRUE,TRUE,FALSE,TRUE,GEP70>0.66
CHIPID2000080,P100081,RNBX_WB_NDMM,GEP1q-CN2/PolyIG-high,matched_one_to_one,NDMM,52.22,TRUE,TRUE,FALSE,FALSE,NA
CHIPID2000081,P100082,RNBX_WB_NDMM,GEP1q-CN>=3/PolyIG-low,matched_one_to_one,NDMM,26.01,TRUE,TRUE,FALSE,FALSE,NA
CHIPID2000086,P100087,RNBX_WB_NDMM,GEP1q-CN2/PolyIG-high,matched_one_to_one,NDMM,12.39,TRUE,TRUE,FALSE,FALSE,NA
CHIPID2000089,P100090,RNBX_WB_NDMM,GEP1q-CN2/PolyIG-low,matched_one_to_one,NDMM,13.49,TRUE,TRUE,FALSE,FALSE,NA
CHIPID2000090,P100091,RNBX_WB_NDMM,GEP1q-CN>=3/PolyIG-high,matched_one_to_one,NDMM,25,TRUE,TRUE,FALSE,FALSE,NA
CHIPID2000091,P100092,RNBX_WB_NDMM,GEP1q-CN2/PolyIG-high,matched_one_to_one,NDMM,38.76,TRUE,TRUE,FALSE,FALSE,NA
CHIPID2000093,P100094,RNBX_WB_NDMM,GEP1q-CN2/PolyIG-high,matched_one_to_one,NDMM,31.67,TRUE,TRUE,FALSE,FALSE,NA
CHIPID2000094,P100095,RNBX_WB_NDMM,GEP1q-CN>=3/PolyIG-low,matched_one_to_one,NDMM,18.95,TRUE,TRUE,FALSE,FALSE,NA
CHIPID2000095,P100096,RNBX_WB_NDMM,GEP1q-CN2/PolyIG-high,matched_one_to_one,NDMM,13.09,TRUE,TRUE,FALSE,FALSE,NA
CHIPID2000099,P100100,RNBX_WB_NDMM,GEP1q-CN>=3/PolyIG-high,matched_one_to_one,NDMM,23.43,TRUE,TRUE,FALSE,FALSE,NA
CHIPID2000101,P100102,RNBX_WB_NDMM,GEP70>0.66,matched_one_to_one,NDMM,42.81,TRUE,TRUE,FALSE,TRUE,GEP70>0.66
CHIPID2000103,P100104,RNBX_WB_NDMM,GEP1q-CN>=3/PolyIG-high,matched_one_to_one,NDMM,19.11,TRUE,TRUE,FALSE,FALSE,NA
CHIPID2000107,P100108,RNBX_WB_NDMM,GEP1q-CN>=3/PolyIG-low,matched_one_to_one,NDMM,42.03,TRUE,TRUE,FALSE,FALSE,NA
CHIPID2000109,P100110,RNBX_WB_NDMM,GEP1q-CN2/PolyIG-low,matched_one_to_one,NDMM,9.63,TRUE,TRUE,FALSE,FALSE,NA
CHIPID2000110,P100111,RNBX_WB_NDMM,GEP1q-CN2/PolyIG-high,matched_one_to_one,NDMM,36.42,TRUE,TRUE,FALSE,FALSE,NA
CHIPID2000111,P100112,RNBX_WB_NDMM,GEP1q-CN>=3/PolyIG-high,matched_one_to_one,NDMM,27.94,TRUE,TRUE,FALSE,FALSE,NA
CHIPID2000114,P100115,RNBX_WB_NDMM,GEP1q-CN>=3/PolyIG-low,matched_one_to_one,NDMM,17.01,TRUE,TRUE,FALSE,FALSE,NA
CHIPID2000116,P100117,RNBX_WB_NDMM,GEP1q-CN>=3/PolyIG-low,matched_one_to_one,NDMM,45.45,TRUE,TRUE,FALSE,FALSE,NA
CHIPID2000117,P100118,RNBX_WB_NDMM,GEP1q-CN2/PolyIG-high,matched_one_to_one,NDMM,43.85,TRUE,TRUE,FALSE,FALSE,NA
CHIPID2000118,P100119,RNBX_WB_NDMM,GEP1q-CN>=3/PolyIG-high,matched_one_to_one,NDMM,39.38,TRUE,TRUE,FALSE,FALSE,NA
CHIPID2000119,P100120,RNBX_WB_NDMM,GEP1q-CN2/PolyIG-low,matched_one_to_one,NDMM,3.96,TRUE,TRUE,FALSE,FALSE,NA
CHIPID2000120,P100121,RNBX_WB_NDMM,GEP1q-CN2/PolyIG-high,matched_one_to_one,NDMM,19.9,TRUE,TRUE,FALSE,FALSE,NA
CHIPID2000121,P100122,RNBX_WB_NDMM,GEP1q-CN2/PolyIG-high,matched_one_to_one,NDMM,5.91,TRUE,TRUE,FALSE,FALSE,NA
CHIPID2000123,P100124,RNBX_WB_NDMM,GEP1q-CN2/PolyIG-high,matched_one_to_one,NDMM,23.39,TRUE,TRUE,FALSE,FALSE,NA
CHIPID2000126,P100127,RNBX_WB_NDMM,GEP1q-CN>=3/PolyIG-high,matched_one_to_one,NDMM,24.2,TRUE,TRUE,FALSE,FALSE,NA
CHIPID2000127,P100128,RNBX_WB_NDMM,GEP1q-CN2/PolyIG-high,matched_one_to_one,NDMM,36.84,TRUE,TRUE,FALSE,FALSE,NA
CHIPID2000131,P100132,RNBX_WB_NDMM,GEP1q-CN2/PolyIG-high,matched_one_to_one,NDMM,57.46,TRUE,TRUE,FALSE,FALSE,NA
CHIPID2000132,P100133,RNBX_WB_NDMM,GEP1q-CN2/PolyIG-high,matched_one_to_one,NDMM,49.07,TRUE,TRUE,FALSE,FALSE,NA
CHIPID2000134,P100135,RNBX_WB_NDMM,GEP70>0.66,matched_one_to_one,NDMM,48.33,TRUE,TRUE,FALSE,TRUE,GEP70>0.66
CHIPID2000135,P100136,RNBX_WB_NDMM,GEP1q-CN2/PolyIG-low,matched_one_to_one,NDMM,41.78,TRUE,TRUE,FALSE,FALSE,NA
CHIPID2000138,P100139,RNBX_WB_NDMM,GEP1q-CN2/PolyIG-high,matched_one_to_one,NDMM,8.28,TRUE,TRUE,FALSE,FALSE,NA
CHIPID2000139,P100140,RNBX_WB_NDMM,GEP70>0.66,matched_one_to_one,NDMM,47.38,TRUE,TRUE,FALSE,TRUE,GEP70>0.66
CHIPID2000146,P100147,RNBX_WB_NDMM,GEP70>0.66,matched_one_to_one,NDMM,7.84,TRUE,TRUE,FALSE,TRUE,GEP70>0.66
CHIPID2000149,P100150,RNBX_WB_NDMM,GEP1q-CN>=3/PolyIG-high,matched_one_to_one,NDMM,57.87,TRUE,TRUE,FALSE,FALSE,NA
CHIPID2000152,P100153,RNBX_WB_NDMM,GEP1q-CN2/PolyIG-high,matched_one_to_one,NDMM,43.39,TRUE,TRUE,FALSE,FALSE,NA
CHIPID2000153,P100154,RNBX_WB_NDMM,GEP1q-CN2/PolyIG-low,matched_one_to_one,NDMM,11.14,TRUE,TRUE,FALSE,FALSE,NA
CHIPID2000154,P100155,RNBX_WB_NDMM,GEP1q-CN2/PolyIG-high,matched_one_to_one,NDMM,6.12,TRUE,TRUE,FALSE,FALSE,NA
CHIPID2000159,P100160,RNBX_WB_NDMM,GEP1q-CN>=3/PolyIG-low,matched_one_to_one,NDMM,43.59,TRUE,TRUE,FALSE,FALSE,NA
CHIPID2000161,P100162,RNBX_WB_NDMM,GEP70>0.66,matched_one_to_one,NDMM,10.37,TRUE,TRUE,FALSE,TRUE,GEP70>0.66
CHIPID2000167,P100168,RNBX_WB_NDMM,GEP1q-CN2/PolyIG-low,matched_one_to_one,NDMM,23.51,TRUE,TRUE,FALSE,FALSE,NA
CHIPID2000170,P100171,RNBX_WB_NDMM,GEP1q-CN>=3/PolyIG-high,matched_one_to_one,NDMM,49.92,TRUE,TRUE,FALSE,FALSE,NA
CHIPID2000172,P100173,RNBX_WB_NDMM,GEP1q-CN2/PolyIG-high,matched_one_to_one,NDMM,6.46,TRUE,TRUE,FALSE,FALSE,NA
CHIPID2000175,P100176,RNBX_WB_NDMM,GEP1q-CN2/PolyIG-low,matched_one_to_one,NDMM,31.93,TRUE,TRUE,FALSE,FALSE,NA
CHIPID2000177,P100178,RNBX_WB_NDMM,GEP70>0.66,matched_one_to_one,NDMM,43.17,TRUE,TRUE,FALSE,TRUE,GEP70>0.66
CHIPID2000179,P100180,RNBX_WB_NDMM,GEP1q-CN2/PolyIG-high,matched_one_to_one,NDMM,14.45,TRUE,TRUE,FALSE,FALSE,NA
CHIPID2000183,P100184,RNBX_WB_NDMM,GEP1q-CN>=3/PolyIG-low,matched_one_to_one,NDMM,11.67,TRUE,TRUE,FALSE,FALSE,NA
CHIPID2000185,P100186,RNBX_WB_NDMM,GEP1q-CN2/PolyIG-low,matched_one_to_one,NDMM,57.05,TRUE,TRUE,FALSE,FALSE,NA
CHIPID2000186,P100187,RNBX_WB_NDMM,GEP1q-CN2/PolyIG-high,matched_one_to_one,NDMM,40.44,TRUE,TRUE,FALSE,FALSE,NA
CHIPID2000187,P100188,RNBX_WB_NDMM,GEP1q-CN2/PolyIG-low,matched_one_to_one,NDMM,55.01,TRUE,TRUE,FALSE,FALSE,NA
CHIPID2000188,P100189,RNBX_WB_NDMM,GEP1q-CN>=3/PolyIG-low,matched_one_to_one,NDMM,51.65,TRUE,TRUE,FALSE,FALSE,NA
CHIPID2000189,P100190,RNBX_WB_NDMM,GEP1q-CN>=3/PolyIG-high,matched_one_to_one,NDMM,18.57,TRUE,TRUE,FALSE,FALSE,NA
CHIPID2000193,P100194,RNBX_WB_NDMM,GEP1q-CN2/PolyIG-high,matched_one_to_one,NDMM,6.21,TRUE,TRUE,FALSE,FALSE,NA
CHIPID2000199,P100200,RNBX_WB_NDMM,GEP1q-CN2/PolyIG-high,matched_one_to_one,NDMM,36.05,TRUE,TRUE,FALSE,FALSE,NA
CHIPID2000205,P100206,RNBX_WB_NDMM,GEP70>0.66,matched_one_to_one,NDMM,55.9,TRUE,TRUE,FALSE,TRUE,GEP70>0.66
CHIPID2000207,P100208,RNBX_WB_NDMM,GEP1q-CN2/PolyIG-high,matched_one_to_one,NDMM,24.15,TRUE,TRUE,FALSE,FALSE,NA
CHIPID2000208,P100209,RNBX_WB_NDMM,GEP1q-CN2/PolyIG-low,matched_one_to_one,NDMM,21.58,TRUE,TRUE,FALSE,FALSE,NA
CHIPID2000210,P100211,RNBX_WB_NDMM,GEP1q-CN>=3/PolyIG-low,matched_one_to_one,NDMM,45.45,TRUE,TRUE,FALSE,FALSE,NA
CHIPID2000218,P100219,RNBX_WB_NDMM,GEP1q-CN2/PolyIG-high,matched_one_to_one,NDMM,46.83,TRUE,TRUE,FALSE,FALSE,NA
CHIPID2000219,P100220,RNBX_WB_NDMM,GEP70>0.66,matched_one_to_one,NDMM,8.99,TRUE,TRUE,FALSE,TRUE,GEP70>0.66
CHIPID2000222,P100223,RNBX_WB_NDMM,GEP1q-CN2/PolyIG-high,matched_one_to_one,NDMM,14.55,TRUE,TRUE,FALSE,FALSE,NA
CHIPID2000224,P100225,RNBX_WB_NDMM,GEP70>0.66,matched_one_to_one,NDMM,52.65,TRUE,TRUE,FALSE,TRUE,GEP70>0.66
CHIPID2000225,P100226,RNBX_WB_NDMM,GEP1q-CN2/PolyIG-low,matched_one_to_one,NDMM,43.26,TRUE,TRUE,FALSE,FALSE,NA
CHIPID2000226,P100227,RNBX_WB_NDMM,GEP1q-CN>=3/PolyIG-low,matched_one_to_one,NDMM,21.27,TRUE,TRUE,FALSE,FALSE,NA
CHIPID2000229,P100230,RNBX_WB_NDMM,GEP1q-CN2/PolyIG-low,matched_one_to_one,NDMM,39.82,TRUE,TRUE,FALSE,FALSE,NA
CHIPID2000233,P100234,RNBX_WB_NDMM,GEP1q-CN2/PolyIG-low,matched_one_to_one,NDMM,28.91,TRUE,TRUE,FALSE,FALSE,NA
CHIPID2000234,P100235,RNBX_WB_NDMM,GEP1q-CN2/PolyIG-low,matched_one_to_one,NDMM,51.04,TRUE,TRUE,FALSE,FALSE,NA
CHIPID2000236,P100237,RNBX_WB_NDMM,GEP1q-CN>=3/PolyIG-high,matched_one_to_one,NDMM,18.59,TRUE,TRUE,FALSE,FALSE,NA
CHIPID2000237,P100238,RNBX_WB_NDMM,GEP1q-CN2/PolyIG-high,matched_one_to_one,NDMM,5.57,TRUE,TRUE,FALSE,FALSE,NA
CHIPID2000238,P100239,RNBX_WB_NDMM,GEP1q-CN2/PolyIG-low,matched_one_to_one,NDMM,14.66,TRUE,TRUE,FALSE,FALSE,NA
CHIPID2000239,P100240,RNBX_WB_NDMM,GEP1q-CN>=3/PolyIG-high,matched_one_to_one,NDMM,27.83,TRUE,TRUE,FALSE,FALSE,NA
CHIPID2000240,P100241,RNBX_WB_NDMM,GEP1q-CN2/PolyIG-low,matched_one_to_one,NDMM,4.35,TRUE,TRUE,FALSE,FALSE,NA
CHIPID2000243,P100244,RNBX_WB_NDMM,GEP70>0.66,matched_one_to_one,NDMM,42.73,TRUE,TRUE,FALSE,TRUE,GEP70>0.66
CHIPID2000245,P100246,RNBX_WB_NDMM,GEP1q-CN2/PolyIG-high,matched_one_to_one,NDMM,26.33,TRUE,TRUE,FALSE,FALSE,NA
CHIPID2000247,P100248,RNBX_WB_NDMM,GEP1q-CN2/PolyIG-low,matched_one_to_one,NDMM,6.46,TRUE,TRUE,FALSE,FALSE,NA
CHIPID2000248,P100249,RNBX_WB_NDMM,GEP1q-CN>=3/PolyIG-high,matched_one_to_one,NDMM,55.08,TRUE,TRUE,FALSE,FALSE,NA
CHIPID2000250,P100251,RNBX_WB_NDMM,GEP1q-CN>=3/PolyIG-low,matched_one_to_one,NDMM,54.62,TRUE,TRUE,FALSE,FALSE,NA
CHIPID2000253,P100254,RNBX_WB_NDMM,GEP1q-CN2/PolyIG-high,matched_one_to_one,NDMM,41.08,TRUE,TRUE,FALSE,FALSE,NA
CHIPID2000254,P100255,RNBX_WB_NDMM,GEP1q-CN2/PolyIG-high,matched_one_to_one,NDMM,53.59,TRUE,TRUE,FALSE,FALSE,NA
CHIPID2000255,P100256,RNBX_WB_NDMM,GEP1q-CN>=3/PolyIG-high,matched_one_to_one,NDMM,36.84,TRUE,TRUE,FALSE,FALSE,NA
CHIPID2000256,P100257,RNBX_WB_NDMM,GEP1q-CN>=3/PolyIG-high,matched_one_to_one,NDMM,10.34,TRUE,TRUE,FALSE,FALSE,NA
CHIPID2000258,P100259,RNBX_WB_NDMM,GEP1q-CN>=3/PolyIG-high,matched_one_to_one,NDMM,57.36,TRUE,TRUE,FALSE,FALSE,NA
CHIPID2000263,P100264,RNBX_WB_NDMM,GEP1q-CN>=3/PolyIG-low,matched_one_to_one,NDMM,13.87,TRUE,TRUE,FALSE,FALSE,NA
CHIPID2000265,P100266,RNBX_WB_NDMM,GEP1q-CN2/PolyIG-low,matched_one_to_one,NDMM,4.95,TRUE,TRUE,FALSE,FALSE,NA
CHIPID2000267,P100268,RNBX_WB_NDMM,GEP1q-CN2/PolyIG-high,matched_one_to_one,NDMM,29.61,TRUE,TRUE,FALSE,FALSE,NA
CHIPID2000269,P100270,RNBX_WB_NDMM,GEP1q-CN2/PolyIG-high,matched_one_to_one,NDMM,8.63,TRUE,TRUE,FALSE,FALSE,NA
CHIPID2000277,P100278,RNBX_WB_NDMM,GEP1q-CN>=3/PolyIG-high,matched_one_to_one,NDMM,48.86,TRUE,TRUE,FALSE,FALSE,NA
CHIPID2000280,P100281,RNBX_WB_NDMM,GEP1q-CN>=3/PolyIG-low,matched_one_to_one,NDMM,13.43,TRUE,TRUE,FALSE,FALSE,NA
CHIPID2000285,P100286,RNBX_WB_NDMM,GEP1q-CN2/PolyIG-high,matched_one_to_one,NDMM,32.84,TRUE,TRUE,FALSE,FALSE,NA
CHIPID2000286,P100287,RNBX_WB_NDMM,GEP1q-CN>=3/PolyIG-low,matched_one_to_one,NDMM,38.22,TRUE,TRUE,FALSE,FALSE,NA
CHIPID2000287,P100288,RNBX_WB_NDMM,GEP1q-CN2/PolyIG-low,matched_one_to_one,NDMM,36.96,TRUE,TRUE,FALSE,FALSE,NA
CHIPID2000288,P100289,RNBX_WB_NDMM,GEP1q-CN>=3/PolyIG-low,matched_one_to_one,NDMM,4.03,TRUE,TRUE,FALSE,FALSE,NA
CHIPID2000289,P100290,RNBX_WB_NDMM,GEP1q-CN>=3/PolyIG-low,matched_one_to_one,NDMM,31.01,TRUE,TRUE,FALSE,FALSE,NA
CHIPID2000290,P100291,RNBX_WB_NDMM,GEP1q-CN2/PolyIG-low,matched_one_to_one,NDMM,31.14,TRUE,TRUE,FALSE,FALSE,NA
CHIPID2000292,P100293,RNBX_WB_NDMM,GEP1q-CN2/PolyIG-low,matched_one_to_one,NDMM,32.66,TRUE,TRUE,FALSE,FALSE,NA
CHIPID2000293,P100294,RNBX_WB_NDMM,GEP1q-CN2/PolyIG-high,matched_one_to_one,NDMM,29.97,TRUE,TRUE,FALSE,FALSE,NA
CHIPID2000294,P100295,RNBX_WB_NDMM,GEP1q-CN2/PolyIG-low,matched_one_to_one,NDMM,19.83,TRUE,TRUE,FALSE,FALSE,NA
CHIPID2000296,P100297,RNBX_WB_NDMM,GEP1q-CN>=3/PolyIG-high,matched_one_to_one,NDMM,31.47,TRUE,TRUE,FALSE,FALSE,NA
CHIPID2000297,P100298,RNBX_WB_NDMM,GEP1q-CN>=3/PolyIG-high,matched_one_to_one,NDMM,20.82,TRUE,TRUE,FALSE,FALSE,NA
CHIPID2000299,P100300,RNBX_WB_NDMM,GEP70>0.66,matched_one_to_one,NDMM,34.88,TRUE,TRUE,FALSE,TRUE,GEP70>0.66
CHIPID2000300,P100301,RNBX_WB_NDMM,GEP1q-CN2/PolyIG-high,matched_one_to_one,NDMM,12.38,TRUE,TRUE,FALSE,FALSE,NA
CHIPID2000301,P100302,RNBX_WB_NDMM,GEP70>0.66,matched_one_to_one,NDMM,5.68,TRUE,TRUE,FALSE,TRUE,GEP70>0.66
CHIPID2000302,P100303,RNBX_WB_NDMM,GEP1q-CN>=3/PolyIG-low,matched_one_to_one,NDMM,21.83,TRUE,TRUE,FALSE,FALSE,NA
CHIPID2000304,P100305,RNBX_WB_NDMM,GEP1q-CN2/PolyIG-low,matched_one_to_one,NDMM,20.12,TRUE,TRUE,FALSE,FALSE,NA
CHIPID2000305,P100306,RNBX_WB_NDMM,GEP1q-CN>=3/PolyIG-low,matched_one_to_one,NDMM,7.05,TRUE,TRUE,FALSE,FALSE,NA
CHIPID2000307,P100308,RNBX_WB_NDMM,GEP1q-CN2/PolyIG-high,matched_one_to_one,NDMM,23.96,TRUE,TRUE,FALSE,FALSE,NA
CHIPID2000309,P100310,RNBX_WB_NDMM,GEP1q-CN2/PolyIG-high,matched_one_to_one,NDMM,37.03,TRUE,TRUE,FALSE,FALSE,NA
CHIPID2000310,P100311,RNBX_WB_NDMM,GEP1q-CN>=3/PolyIG-high,matched_one_to_one,NDMM,37.93,TRUE,TRUE,FALSE,FALSE,NA
CHIPID2000311,P100312,RNBX_WB_NDMM,GEP1q-CN>=3/PolyIG-low,matched_one_to_one,NDMM,15.25,TRUE,TRUE,FALSE,FALSE,NA
CHIPID2000316,P100317,RNBX_WB_NDMM,GEP1q-CN>=3/PolyIG-low,matched_one_to_one,NDMM,21.1,TRUE,TRUE,FALSE,FALSE,NA
CHIPID2000317,P100318,RNBX_WB_NDMM,GEP1q-CN2/PolyIG-low,matched_one_to_one,NDMM,32.98,TRUE,TRUE,FALSE,FALSE,NA
CHIPID2000319,P100320,RNBX_WB_NDMM,GEP1q-CN2/PolyIG-low,matched_one_to_one,NDMM,3.9,TRUE,TRUE,FALSE,FALSE,NA
CHIPID2000322,P100323,RNBX_WB_NDMM,GEP1q-CN>=3/PolyIG-low,matched_one_to_one,NDMM,5.71,TRUE,TRUE,FALSE,FALSE,NA
CHIPID2000325,P100326,RNBX_WB_NDMM,GEP70>0.66,matched_one_to_one,NDMM,18.64,TRUE,TRUE,FALSE,TRUE,GEP70>0.66
CHIPID2000327,P100328,RNBX_WB_NDMM,GEP1q-CN2/PolyIG-high,matched_one_to_one,NDMM,44.38,TRUE,TRUE,FALSE,FALSE,NA
CHIPID2000328,P100329,RNBX_WB_NDMM,GEP1q-CN>=3/PolyIG-high,matched_one_to_one,NDMM,55.99,TRUE,TRUE,FALSE,FALSE,NA
CHIPID2000330,P100331,RNBX_WB_NDMM,GEP1q-CN2/PolyIG-high,matched_one_to_one,NDMM,45.18,TRUE,TRUE,FALSE,FALSE,NA
CHIPID2000331,P100332,RNBX_WB_NDMM,GEP70>0.66,matched_one_to_one,NDMM,32.66,TRUE,TRUE,FALSE,TRUE,GEP70>0.66
CHIPID2000333,P100334,RNBX_WB_NDMM,GEP1q-CN2/PolyIG-high,matched_one_to_one,NDMM,25.11,TRUE,TRUE,FALSE,FALSE,NA
CHIPID2000334,P100335,RNBX_WB_NDMM,GEP1q-CN>=3/PolyIG-high,matched_one_to_one,NDMM,30.34,TRUE,TRUE,FALSE,FALSE,NA
CHIPID2000335,P100336,RNBX_WB_NDMM,GEP70>0.66,matched_one_to_one,NDMM,33.75,TRUE,TRUE,FALSE,TRUE,GEP70>0.66
CHIPID2000336,P100337,RNBX_WB_NDMM,GEP1q-CN2/PolyIG-low,matched_one_to_one,NDMM,10.97,TRUE,TRUE,FALSE,FALSE,NA
CHIPID2000339,P100340,RNBX_WB_NDMM,GEP1q-CN2/PolyIG-low,matched_one_to_one,NDMM,17.65,TRUE,TRUE,FALSE,FALSE,NA
CHIPID2000345,P100346,RNBX_WB_NDMM,GEP1q-CN>=3/PolyIG-low,matched_one_to_one,NDMM,53.87,TRUE,TRUE,FALSE,FALSE,NA
CHIPID2000346,P100347,RNBX_WB_NDMM,GEP1q-CN2/PolyIG-high,matched_one_to_one,NDMM,56.06,TRUE,TRUE,FALSE,FALSE,NA
CHIPID2000347,P100348,RNBX_WB_NDMM,GEP1q-CN2/PolyIG-high,matched_one_to_one,NDMM,38.19,TRUE,TRUE,FALSE,FALSE,NA
CHIPID2000350,P100351,RNBX_WB_NDMM,GEP1q-CN2/PolyIG-high,matched_one_to_one,NDMM,25.14,TRUE,TRUE,FALSE,FALSE,NA
CHIPID2000353,P100354,RNBX_WB_NDMM,GEP1q-CN2/PolyIG-high,matched_one_to_one,NDMM,27.15,TRUE,TRUE,FALSE,FALSE,NA
CHIPID2000357,P100358,RNBX_WB_NDMM,GEP1q-CN2/PolyIG-high,matched_one_to_one,NDMM,37.47,TRUE,TRUE,FALSE,FALSE,NA
CHIPID2000360,P100361,RNBX_WB_NDMM,GEP1q-CN2/PolyIG-low,matched_one_to_one,NDMM,26.21,TRUE,TRUE,FALSE,FALSE,NA
CHIPID2000363,P100364,RNBX_WB_NDMM,GEP1q-CN2/PolyIG-high,matched_one_to_one,NDMM,24,TRUE,TRUE,FALSE,FALSE,NA
CHIPID2000365,P100366,RNBX_WB_NDMM,GEP1q-CN2/PolyIG-high,matched_one_to_one,NDMM,33.39,TRUE,TRUE,FALSE,FALSE,NA
CHIPID2000367,P100368,RNBX_WB_NDMM,GEP70>0.66,matched_one_to_one,NDMM,7.18,TRUE,TRUE,FALSE,TRUE,GEP70>0.66
CHIPID2000368,P100369,RNBX_WB_NDMM,GEP1q-CN2/PolyIG-low,matched_one_to_one,NDMM,27.48,TRUE,TRUE,FALSE,FALSE,NA
CHIPID2000369,P100370,RNBX_WB_NDMM,GEP1q-CN>=3/PolyIG-low,matched_one_to_one,NDMM,41.02,TRUE,TRUE,FALSE,FALSE,NA
CHIPID2000370,P100371,RNBX_WB_NDMM,GEP1q-CN>=3/PolyIG-low,matched_one_to_one,NDMM,35.04,TRUE,TRUE,FALSE,FALSE,NA
CHIPID2000371,P100372,RNBX_WB_NDMM,GEP1q-CN>=3/PolyIG-low,matched_one_to_one,NDMM,52.87,TRUE,TRUE,FALSE,FALSE,NA
CHIPID2000372,P100373,RNBX_WB_NDMM,GEP1q-CN2/PolyIG-low,matched_one_to_one,NDMM,41.48,TRUE,TRUE,FALSE,FALSE,NA
CHIPID2000376,P100377,RNBX_WB_NDMM,GEP1q-CN>=3/PolyIG-low,matched_one_to_one,NDMM,16.71,TRUE,TRUE,FALSE,FALSE,NA
CHIPID2000377,P100378,RNBX_WB_NDMM,GEP70>0.66,matched_one_to_one,NDMM,14.39,TRUE,TRUE,FALSE,TRUE,GEP70>0.66
CHIPID2000381,P100382,RNBX_WB_NDMM,GEP70>0.66,matched_one_to_one,NDMM,32.72,TRUE,TRUE,FALSE,TRUE,GEP70>0.66
CHIPID2000383,P100384,RNBX_WB_NDMM,GEP1q-CN2/PolyIG-low,matched_one_to_one,NDMM,31.9,TRUE,TRUE,FALSE,FALSE,NA
CHIPID2000388,P100389,RNBX_WB_NDMM,GEP1q-CN2/PolyIG-low,matched_one_to_one,NDMM,26.49,TRUE,TRUE,FALSE,FALSE,NA
CHIPID2000389,P100390,RNBX_WB_NDMM,GEP1q-CN2/PolyIG-low,matched_one_to_one,NDMM,20.77,TRUE,TRUE,FALSE,FALSE,NA
CHIPID2000393,P100394,RNBX_WB_NDMM,GEP1q-CN2/PolyIG-high,matched_one_to_one,NDMM,17.75,TRUE,TRUE,FALSE,FALSE,NA
CHIPID2000394,P100395,RNBX_WB_NDMM,GEP1q-CN>=3/PolyIG-low,matched_one_to_one,NDMM,52.82,TRUE,TRUE,FALSE,FALSE,NA
CHIPID2000396,P100397,RNBX_WB_NDMM,GEP1q-CN2/PolyIG-high,matched_one_to_one,NDMM,5.49,TRUE,TRUE,FALSE,FALSE,NA
CHIPID2000397,P100398,RNBX_WB_NDMM,GEP1q-CN>=3/PolyIG-low,matched_one_to_one,NDMM,32.26,TRUE,TRUE,FALSE,FALSE,NA
CHIPID2000401,P100402,RNBX_WB_NDMM,GEP1q-CN>=3/PolyIG-high,matched_one_to_one,NDMM,47.96,TRUE,TRUE,FALSE,FALSE,NA
CHIPID2000402,P100403,RNBX_WB_NDMM,GEP1q-CN2/PolyIG-high,matched_one_to_one,NDMM,33.62,TRUE,TRUE,FALSE,FALSE,NA
CHIPID2000405,P100406,RNBX_WB_NDMM,GEP70>0.66,matched_one_to_one,NDMM,33.29,TRUE,TRUE,FALSE,TRUE,GEP70>0.66
CHIPID2000407,P100408,RNBX_WB_NDMM,GEP1q-CN2/PolyIG-low,matched_one_to_one,NDMM,6.68,TRUE,TRUE,FALSE,FALSE,NA
CHIPID2000408,P100409,RNBX_WB_NDMM,GEP70>0.66,matched_one_to_one,NDMM,17.12,TRUE,TRUE,FALSE,TRUE,GEP70>0.66
CHIPID2000410,P100411,RNBX_WB_NDMM,GEP1q-CN2/PolyIG-high,matched_one_to_one,NDMM,8.3,TRUE,TRUE,FALSE,FALSE,NA
CHIPID2000411,P100412,RNBX_WB_NDMM,GEP1q-CN>=3/PolyIG-high,matched_one_to_one,NDMM,50.95,TRUE,TRUE,FALSE,FALSE,NA
CHIPID2000414,P100415,RNBX_WB_NDMM,GEP1q-CN>=3/PolyIG-high,matched_one_to_one,NDMM,43.7,TRUE,TRUE,FALSE,FALSE,NA
CHIPID2000415,P100416,RNBX_WB_NDMM,GEP1q-CN>=3/PolyIG-low,matched_one_to_one,NDMM,39.95,TRUE,TRUE,FALSE,FALSE,NA
CHIPID2000417,P100418,RNBX_WB_NDMM,GEP70>0.66,matched_one_to_one,NDMM,15.44,TRUE,TRUE,FALSE,TRUE,GEP70>0.66
CHIPID2000418,P100419,RNBX_WB_NDMM,GEP70>0.66,matched_one_to_one,NDMM,29.55,TRUE,TRUE,FALSE,TRUE,GEP70>0.66
CHIPID2000419,P100420,RNBX_WB_NDMM,GEP1q-CN2/PolyIG-low,matched_one_to_one,NDMM,29.06,TRUE,TRUE,FALSE,FALSE,NA
CHIPID2000421,P100422,RNBX_WB_NDMM,GEP70>0.66,matched_one_to_one,NDMM,21.75,TRUE,TRUE,FALSE,TRUE,GEP70>0.66
CHIPID2000422,P100423,RNBX_WB_NDMM,GEP70>0.66,matched_one_to_one,NDMM,48.53,TRUE,TRUE,FALSE,TRUE,GEP70>0.66
CHIPID2000424,P100425,RNBX_WB_NDMM,GEP1q-CN2/PolyIG-high,matched_one_to_one,NDMM,19.82,TRUE,TRUE,FALSE,FALSE,NA
CHIPID2000425,P100426,RNBX_WB_NDMM,GEP1q-CN2/PolyIG-low,matched_one_to_one,NDMM,45.19,TRUE,TRUE,FALSE,FALSE,NA
CHIPID2000426,P100427,RNBX_WB_NDMM,GEP1q-CN2/PolyIG-high,matched_one_to_one,NDMM,24.03,TRUE,TRUE,FALSE,FALSE,NA
CHIPID2000427,P100428,RNBX_WB_NDMM,GEP1q-CN>=3/PolyIG-low,matched_one_to_one,NDMM,34.44,TRUE,TRUE,FALSE,FALSE,NA
CHIPID2000428,P100429,RNBX_WB_NDMM,GEP1q-CN>=3/PolyIG-high,matched_one_to_one,NDMM,28.93,TRUE,TRUE,FALSE,FALSE,NA
CHIPID2000429,P100430,RNBX_WB_NDMM,GEP70>0.66,matched_one_to_one,NDMM,49.06,TRUE,TRUE,FALSE,TRUE,GEP70>0.66
CHIPID2000430,P100431,RNBX_WB_NDMM,GEP1q-CN2/PolyIG-low,matched_one_to_one,NDMM,16.62,TRUE,TRUE,FALSE,FALSE,NA
CHIPID2000431,P100432,RNBX_WB_NDMM,GEP1q-CN2/PolyIG-low,matched_one_to_one,NDMM,52.33,TRUE,TRUE,FALSE,FALSE,NA
CHIPID2000432,P100433,RNBX_WB_NDMM,GEP1q-CN2/PolyIG-high,matched_one_to_one,NDMM,24.03,TRUE,TRUE,FALSE,FALSE,NA
CHIPID2000434,P100435,RNBX_WB_NDMM,GEP1q-CN>=3/PolyIG-high,matched_one_to_one,NDMM,6.05,TRUE,TRUE,FALSE,FALSE,NA
CHIPID2000436,P100437,RNBX_WB_NDMM,GEP1q-CN>=3/PolyIG-low,matched_one_to_one,NDMM,45.69,TRUE,TRUE,FALSE,FALSE,NA
CHIPID2000437,P100438,RNBX_WB_NDMM,GEP1q-CN2/PolyIG-low,matched_one_to_one,NDMM,20.45,TRUE,TRUE,FALSE,FALSE,NA
CHIPID2000440,P100441,RNBX_WB_NDMM,GEP1q-CN2/PolyIG-high,matched_one_to_one,NDMM,12.85,TRUE,TRUE,FALSE,FALSE,NA
CHIPID2000443,P100444,RNBX_WB_NDMM,GEP1q-CN2/PolyIG-high,matched_one_to_one,NDMM,36,TRUE,TRUE,FALSE,FALSE,NA
CHIPID2000444,P100445,RNBX_WB_NDMM,GEP1q-CN>=3/PolyIG-low,matched_one_to_one,NDMM,13.68,TRUE,TRUE,FALSE,FALSE,NA
CHIPID2000445,P100446,RNBX_WB_NDMM,GEP1q-CN2/PolyIG-high,matched_one_to_one,NDMM,22.15,TRUE,TRUE,FALSE,FALSE,NA
CHIPID2000447,P100448,RNBX_WB_NDMM,GEP1q-CN2/PolyIG-low,matched_one_to_one,NDMM,45.71,TRUE,TRUE,FALSE,FALSE,NA
CHIPID2000449,P100450,RNBX_WB_NDMM,GEP1q-CN2/PolyIG-low,matched_one_to_one,NDMM,27.89,TRUE,TRUE,FALSE,FALSE,NA
CHIPID2000451,P100452,RNBX_WB_NDMM,GEP1q-CN>=3/PolyIG-low,matched_one_to_one,NDMM,24.95,TRUE,TRUE,FALSE,FALSE,NA
CHIPID2000452,P100453,RNBX_WB_NDMM,GEP70>0.66,matched_one_to_one,NDMM,44.22,TRUE,TRUE,FALSE,TRUE,GEP70>0.66
CHIPID2000453,P100454,RNBX_WB_NDMM,GEP1q-CN>=3/PolyIG-low,matched_one_to_one,NDMM,51.84,TRUE,TRUE,FALSE,FALSE,NA
CHIPID2000454,P100455,RNBX_WB_NDMM,GEP70>0.66,matched_one_to_one,NDMM,3.87,TRUE,TRUE,FALSE,TRUE,GEP70>0.66
CHIPID2000455,P100456,RNBX_WB_NDMM,GEP1q-CN2/PolyIG-high,matched_one_to_one,NDMM,18.85,TRUE,TRUE,FALSE,FALSE,NA
CHIPID2000456,P100457,RNBX_WB_NDMM,GEP70>0.66,matched_one_to_one,NDMM,25.88,TRUE,TRUE,FALSE,TRUE,GEP70>0.66
CHIPID2000457,P100458,RNBX_WB_NDMM,GEP1q-CN>=3/PolyIG-high,matched_one_to_one,NDMM,30.87,TRUE,TRUE,FALSE,FALSE,NA
CHIPID2000460,P100461,RNBX_WB_NDMM,GEP1q-CN2/PolyIG-high,matched_one_to_one,NDMM,43.8,TRUE,TRUE,FALSE,FALSE,NA
CHIPID2000461,P100462,RNBX_WB_NDMM,GEP1q-CN>=3/PolyIG-low,matched_one_to_one,NDMM,29.2,TRUE,TRUE,FALSE,FALSE,NA
CHIPID2000465,P100466,RNBX_WB_NDMM,GEP1q-CN>=3/PolyIG-low,matched_one_to_one,NDMM,32.12,TRUE,TRUE,FALSE,FALSE,NA
CHIPID2000468,P100469,RNBX_WB_NDMM,GEP1q-CN>=3/PolyIG-low,matched_one_to_one,NDMM,42.07,TRUE,TRUE,FALSE,FALSE,NA
CHIPID2000469,P100470,RNBX_WB_NDMM,GEP1q-CN2/PolyIG-high,matched_one_to_one,NDMM,55.29,TRUE,TRUE,FALSE,FALSE,NA
CHIPID2000470,P100471,RNBX_WB_NDMM,GEP1q-CN2/PolyIG-low,matched_one_to_one,NDMM,37.9,TRUE,TRUE,FALSE,FALSE,NA
CHIPID2000472,P100473,RNBX_WB_NDMM,GEP1q-CN>=3/PolyIG-high,matched_one_to_one,NDMM,51.26,TRUE,TRUE,FALSE,FALSE,NA
CHIPID2000473,P100474,RNBX_WB_NDMM,GEP1q-CN2/PolyIG-low,matched_one_to_one,NDMM,16.97,TRUE,TRUE,FALSE,FALSE,NA
CHIPID2000476,P100477,RNBX_WB_NDMM,GEP1q-CN2/PolyIG-high,matched_one_to_one,NDMM,41.27,TRUE,TRUE,FALSE,FALSE,NA
CHIPID2000478,P100479,RNBX_WB_NDMM,GEP1q-CN2/PolyIG-low,matched_one_to_one,NDMM,19.88,TRUE,TRUE,FALSE,FALSE,NA
CHIPID2000479,P100480,RNBX_WB_NDMM,GEP1q-CN>=3/PolyIG-low,matched_one_to_one,NDMM,16.67,TRUE,TRUE,FALSE,FALSE,NA
CHIPID2000480,P100481,RNBX_WB_NDMM,GEP1q-CN>=3/PolyIG-high,matched_one_to_one,NDMM,34.36,TRUE,TRUE,FALSE,FALSE,NA
CHIPID2000486,P100487,RNBX_WB_NDMM,GEP1q-CN2/PolyIG-high,matched_one_to_one,NDMM,49.46,TRUE,TRUE,FALSE,FALSE,NA
CHIPID2000490,P100491,RNBX_WB_NDMM,GEP1q-CN2/PolyIG-low,matched_one_to_one,NDMM,53.18,TRUE,TRUE,FALSE,FALSE,NA
CHIPID2000493,P100494,RNBX_WB_NDMM,GEP1q-CN>=3/PolyIG-high,matched_one_to_one,NDMM,45.59,TRUE,TRUE,FALSE,FALSE,NA
CHIPID2000494,P100495,RNBX_WB_NDMM,GEP1q-CN2/PolyIG-low,matched_one_to_one,NDMM,27.92,TRUE,TRUE,FALSE,FALSE,NA
CHIPID2000495,P100496,RNBX_WB_NDMM,GEP1q-CN>=3/PolyIG-high,matched_one_to_one,NDMM,54.36,TRUE,TRUE,FALSE,FALSE,NA
CHIPID2000496,P100497,RNBX_WB_NDMM,GEP1q-CN>=3/PolyIG-low,matched_one_to_one,NDMM,55.6,TRUE,TRUE,FALSE,FALSE,NA
CHIPID2000498,P100499,RNBX_WB_NDMM,GEP1q-CN2/PolyIG-high,matched_one_to_one,NDMM,36.85,TRUE,TRUE,FALSE,FALSE,NA
CHIPID2000501,P100502,RNBX_WB_NDMM,GEP1q-CN2/PolyIG-low,matched_one_to_one,NDMM,45.32,TRUE,TRUE,FALSE,FALSE,NA
CHIPID2000504,P100505,RNBX_WB_NDMM,GEP1q-CN2/PolyIG-high,matched_one_to_one,NDMM,46.32,TRUE,TRUE,FALSE,FALSE,NA
CHIPID2000505,P100506,RNBX_WB_NDMM,GEP1q-CN2/PolyIG-high,matched_one_to_one,NDMM,13.37,TRUE,TRUE,FALSE,FALSE,NA
CHIPID2000506,P100507,RNBX_WB_NDMM,GEP70>0.66,matched_one_to_one,NDMM,6.35,TRUE,TRUE,FALSE,TRUE,GEP70>0.66
CHIPID2000507,P100508,RNBX_WB_NDMM,GEP1q-CN>=3/PolyIG-high,matched_one_to_one,NDMM,4.32,TRUE,TRUE,FALSE,FALSE,NA
CHIPID2000510,P100511,RNBX_WB_NDMM,GEP1q-CN2/PolyIG-high,matched_one_to_one,NDMM,7.06,TRUE,TRUE,FALSE,FALSE,NA
CHIPID2000511,P100512,RNBX_WB_NDMM,GEP1q-CN2/PolyIG-high,matched_one_to_one,NDMM,45.72,TRUE,TRUE,FALSE,FALSE,NA
CHIPID2000512,P100513,RNBX_WB_NDMM,GEP70>0.66,matched_one_to_one,NDMM,46.72,TRUE,TRUE,FALSE,TRUE,GEP70>0.66
CHIPID2000514,P100515,RNBX_WB_NDMM,GEP70>0.66,matched_one_to_one,NDMM,28.07,TRUE,TRUE,FALSE,TRUE,GEP70>0.66
CHIPID2000515,P100516,RNBX_WB_NDMM,GEP1q-CN2/PolyIG-low,matched_one_to_one,NDMM,14.11,TRUE,TRUE,FALSE,FALSE,NA
CHIPID2000518,P100519,RNBX_WB_NDMM,GEP1q-CN>=3/PolyIG-low,matched_one_to_one,NDMM,18.03,TRUE,TRUE,FALSE,FALSE,NA
CHIPID2000520,P100521,RNBX_WB_NDMM,GEP1q-CN2/PolyIG-high,matched_one_to_one,NDMM,50.35,TRUE,TRUE,FALSE,FALSE,NA
CHIPID2000521,P100522,RNBX_WB_NDMM,GEP1q-CN>=3/PolyIG-low,matched_one_to_one,NDMM,14.21,TRUE,TRUE,FALSE,FALSE,NA
CHIPID2000522,P100523,RNBX_WB_NDMM,GEP70>0.66,matched_one_to_one,NDMM,18.42,TRUE,TRUE,FALSE,TRUE,GEP70>0.66
CHIPID2000524,P100525,RNBX_WB_NDMM,GEP1q-CN2/PolyIG-low,matched_one_to_one,NDMM,37.1,TRUE,TRUE,FALSE,FALSE,NA
CHIPID2000525,P100526,RNBX_WB_NDMM,GEP1q-CN>=3/PolyIG-high,matched_one_to_one,NDMM,48.47,TRUE,TRUE,FALSE,FALSE,NA
CHIPID2000526,P100527,RNBX_WB_NDMM,GEP1q-CN>=3/PolyIG-low,matched_one_to_one,NDMM,31.52,TRUE,TRUE,FALSE,FALSE,NA
CHIPID2000527,P100528,RNBX_WB_NDMM,GEP1q-CN2/PolyIG-low,matched_one_to_one,NDMM,39.53,TRUE,TRUE,FALSE,FALSE,NA
CHIPID2000530,P100531,RNBX_WB_NDMM,GEP70>0.66,matched_one_to_one,NDMM,33.93,TRUE,TRUE,FALSE,TRUE,GEP70>0.66
CHIPID2000531,P100532,RNBX_WB_NDMM,GEP70>0.66,matched_one_to_one,NDMM,26.9,TRUE,TRUE,FALSE,TRUE,GEP70>0.66
CHIPID2000533,P100534,RNBX_WB_NDMM,GEP1q-CN2/PolyIG-low,matched_one_to_one,NDMM,21.84,TRUE,TRUE,FALSE,FALSE,NA
CHIPID2000534,P100535,RNBX_WB_NDMM,GEP1q-CN2/PolyIG-high,matched_one_to_one,NDMM,19.92,TRUE,TRUE,FALSE,FALSE,NA
CHIPID2000535,P100536,RNBX_WB_NDMM,GEP1q-CN>=3/PolyIG-high,matched_one_to_one,NDMM,14.95,TRUE,TRUE,FALSE,FALSE,NA
CHIPID2000539,P100540,RNBX_WB_NDMM,GEP1q-CN2/PolyIG-high,matched_one_to_one,NDMM,21.36,TRUE,TRUE,FALSE,FALSE,NA
CHIPID2000540,P100541,RNBX_WB_NDMM,GEP1q-CN2/PolyIG-low,matched_one_to_one,NDMM,3.64,TRUE,TRUE,FALSE,FALSE,NA
CHIPID2000541,P100542,RNBX_WB_NDMM,GEP1q-CN2/PolyIG-high,matched_one_to_one,NDMM,17.33,TRUE,TRUE,FALSE,FALSE,NA
CHIPID2000542,P100543,RNBX_WB_NDMM,GEP1q-CN2/PolyIG-high,matched_one_to_one,NDMM,10.14,TRUE,TRUE,FALSE,FALSE,NA
CHIPID2000544,P100545,RNBX_WB_NDMM,GEP1q-CN>=3/PolyIG-low,matched_one_to_one,NDMM,23.76,TRUE,TRUE,FALSE,FALSE,NA
CHIPID2000545,P100546,RNBX_WB_NDMM,GEP70>0.66,matched_one_to_one,NDMM,48.4,TRUE,TRUE,FALSE,TRUE,GEP70>0.66
CHIPID2000550,P100551,RNBX_WB_NDMM,GEP1q-CN>=3/PolyIG-high,matched_one_to_one,NDMM,9.85,TRUE,TRUE,FALSE,FALSE,NA
CHIPID2000551,P100552,RNBX_WB_NDMM,GEP1q-CN2/PolyIG-low,matched_one_to_one,NDMM,40.23,TRUE,TRUE,FALSE,FALSE,NA
CHIPID2000553,P100554,RNBX_WB_NDMM,GEP1q-CN2/PolyIG-high,matched_one_to_one,NDMM,28.47,TRUE,TRUE,FALSE,FALSE,NA
CHIPID2000555,P100556,RNBX_WB_NDMM,GEP1q-CN>=3/PolyIG-high,matched_one_to_one,NDMM,46.12,TRUE,TRUE,FALSE,FALSE,NA
CHIPID2000557,P100558,RNBX_WB_NDMM,GEP1q-CN>=3/PolyIG-high,matched_one_to_one,NDMM,46.99,TRUE,TRUE,FALSE,FALSE,NA
CHIPID2000559,P100560,RNBX_WB_NDMM,GEP1q-CN>=3/PolyIG-high,matched_one_to_one,NDMM,11.34,TRUE,TRUE,FALSE,FALSE,NA
CHIPID2000562,P100563,RNBX_WB_NDMM,GEP1q-CN2/PolyIG-high,matched_one_to_one,NDMM,31.41,TRUE,TRUE,FALSE,FALSE,NA
CHIPID2000563,P100564,RNBX_WB_NDMM,GEP1q-CN>=3/PolyIG-low,matched_one_to_one,NDMM,56.92,TRUE,TRUE,FALSE,FALSE,NA
CHIPID2000567,P100568,RNBX_WB_NDMM,GEP1q-CN2/PolyIG-low,matched_one_to_one,NDMM,13.63,TRUE,TRUE,FALSE,FALSE,NA
CHIPID2000568,P100569,RNBX_WB_NDMM,GEP1q-CN>=3/PolyIG-high,matched_one_to_one,NDMM,5.62,TRUE,TRUE,FALSE,FALSE,NA
CHIPID2000569,P100570,RNBX_WB_NDMM,GEP1q-CN>=3/PolyIG-low,matched_one_to_one,NDMM,36.02,TRUE,TRUE,FALSE,FALSE,NA
