CHIPID,sample_group,TT_On_for_Tx1,time,event,GEP1q_class,PolyIG,GEP70,GEP70_High,GEP70_Low,PolyIG_group,Group
CHIPID1000000,RNAS_CD138_NDMM,TT4_S-TT3,6.10601,1,1q2,11.635149032258065,0.45219,FALSE,TRUE,High,CN2/PolyIG High
CHIPID1000013,RNAS_CD138_NDMM,TT4_S-TT3,5.21643,0,1q2,9.680578064516128,0.39175,FALSE,TRUE,Low,CN2/PolyIG Low
CHIPID1000014,RNAS_CD138_NDMM,TT3b,5.39704,0,1q3plus,11.492147741935483,0.36255,FALSE,TRUE,High,CN>=3/PolyIG ALL
CHIPID1000024,RNAS_CD138_NDMM,TT3b,0.84884,1,1q3plus,10.770782903225806,0.54464,FALSE,TRUE,Low,CN>=3/PolyIG ALL
CHIPID1000028,RNAS_CD138_NDMM,TT4_S-TT3,2.58342,1,1q3plus,9.89126,0.29552,FALSE,TRUE,Low,CN>=3/PolyIG ALL
CHIPID1000031,RNAS_CD138_NDMM,TT3a,0.41548,0,1q3plus,11.715168387096774,0.25466,FALSE,TRUE,High,CN>=3/PolyIG ALL
CHIPID1000036,RNAS_CD138_NDMM,TT3a,3.43896,0,1q2,12.560085161290322,0.1523,FALSE,TRUE,High,CN2/PolyIG High
CHIPID1000043,RNAS_CD138_NDMM,TT3a,6.90138,0,1q2,11.685213548387097,0.20053,FALSE,TRUE,High,CN2/PolyIG High
CHIPID1000049,RNAS_CD138_NDMM,TT3b,4.8124,0,1q2,11.450076451612903,0.54176,FALSE,TRUE,High,CN2/PolyIG High
CHIPID1000056,RNAS_CD138_NDMM,TT4_S-TT3,1.87774,0,1q3plus,9.074751290322581,0.57383,FALSE,TRUE,Low,CN>=3/PolyIG ALL
CHIPID1000058,RNAS_CD138_NDMM,TT3a,0.51066,0,1q2,10.31595129032258,0.54113,FALSE,TRUE,Low,CN2/PolyIG Low
CHIPID1000059,RNAS_CD138_NDMM,TT3b,3.1256,0,1q2,11.038999677419355,0.32578,FALSE,TRUE,High,CN2/PolyIG High
CHIPID1000063,RNAS_CD138_NDMM,TT3b,3.8851,1,1q2,11.007598387096774,0.39945,FALSE,TRUE,High,CN2/PolyIG High
CHIPID1000065,RNAS_CD138_NDMM,TT4_S-TT3,13.88137,1,1q2,11.207121290322581,0.52537,FALSE,TRUE,High,CN2/PolyIG High
CHIPID1000069,RNAS_CD138_NDMM,TT3a,10.76318,1,1q3plus,11.10771806451613,0.49563,FALSE,TRUE,High,CN>=3/PolyIG ALL
CHIPID1000073,RNAS_CD138_NDMM,TT3b,10.37298,0,1q3plus,11.848626774193548,0.31913,FALSE,TRUE,High,CN>=3/PolyIG ALL
CHIPID1000075,RNAS_CD138_NDMM,TT4_S-TT3,0.96399,0,1q3plus,11.728053548387097,0.18603,FALSE,TRUE,High,CN>=3/PolyIG ALL
CHIPID1000080,RNAS_CD138_NDMM,TT3b,11.69501,0,1q2,11.67721129032258,0.24961,FALSE,TRUE,High,CN2/PolyIG High
CHIPID1000086,RNAS_CD138_NDMM,TT4_S-TT3,0.21286,1,1q2,12.766176451612903,0.53587,FALSE,TRUE,High,CN2/PolyIG High
CHIPID1000091,RNAS_CD138_NDMM,TT3a,1.3426,0,1q2,13.228274193548387,0.3643,FALSE,TRUE,High,CN2/PolyIG High
CHIPID1000093,RNAS_CD138_NDMM,TT3a,2.04658,0,1q2,12.724364193548388,0.2609,FALSE,TRUE,High,CN2/PolyIG High
CHIPID1000094,RNAS_CD138_NDMM,TT4_S-TT3,1.25816,1,1q3plus,10.69659806451613,0.18324,FALSE,TRUE,Low,CN>=3/PolyIG ALL
CHIPID1000095,RNAS_CD138_NDMM,TT3a,0.73426,1,1q2,11.145583225806451,0.16895,FALSE,TRUE,High,CN2/PolyIG High
CHIPID1000111,RNAS_CD138_NDMM,TT4_S-TT3,11.72848,0,1q3plus,11.459391612903225,0.59237,FALSE,TRUE,High,CN>=3/PolyIG ALL
CHIPID1000116,RNAS_CD138_NDMM,TT3b,2.61017,1,1q3plus,10.957211612903226,0.40139,FALSE,TRUE,Low,CN>=3/PolyIG ALL
CHIPID1000119,RNAS_CD138_NDMM,TT3a,4.26725,0,1q2,10.006063225806452,0.1448,FALSE,TRUE,Low,CN2/PolyIG Low
CHIPID1000120,RNAS_CD138_NDMM,TT4_S-TT3,5.96212,0,1q2,11.692215161290322,0.56265,FALSE,TRUE,High,CN2/PolyIG High
CHIPID1000121,RNAS_CD138_NDMM,TT4_S-TT3,4.07471,0,1q2,11.965777419354838,0.38113,FALSE,TRUE,High,CN2/PolyIG High
CHIPID1000123,RNAS_CD138_NDMM,TT3b,11.19316,0,1q2,12.310028064516128,0.23782,FALSE,TRUE,High,CN2/PolyIG High
CHIPID1000126,RNAS_CD138_NDMM,TT3a,3.0404,0,1q3plus,11.564303225806452,0.42065,FALSE,TRUE,High,CN>=3/PolyIG ALL
CHIPID1000131,RNAS_CD138_NDMM,TT3b,14.48144,0,1q2,12.103246451612904,0.14959,FALSE,TRUE,High,CN2/PolyIG High
CHIPID1000135,RNAS_CD138_NDMM,TT4_S-TT3,3.99947,0,1q2,9.470931935483872,0.27577,FALSE,TRUE,Low,CN2/PolyIG Low
CHIPID1000138,RNAS_CD138_NDMM,TT4_S-TT3,13.19816,0,1q2,11.57159129032258,0.44038,FALSE,TRUE,High,CN2/PolyIG High
CHIPID1000167,RNAS_CD138_NDMM,TT3a,3.69084,1,1q2,10.962181290322581,0.45193,FALSE,TRUE,Low,CN2/PolyIG Low
CHIPID1000170,RNAS_CD138_NDMM,TT4_S-TT3,4.59098,1,1q3plus,11.404888064516129,0.20244,FALSE,TRUE,High,CN>=3/PolyIG ALL
CHIPID1000172,RNAS_CD138_NDMM,TT4_S-TT3,8.78596,0,1q2,11.050296451612903,0.17592,FALSE,TRUE,High,CN2/PolyIG High
CHIPID1000183,RNAS_CD138_NDMM,TT4_S-TT3,0.64953,1,1q3plus,9.453229677419355,0.20831,FALSE,TRUE,Low,CN>=3/PolyIG ALL
CHIPID1000188,RNAS_CD138_NDMM,TT3a,2.57671,0,1q3plus,10.04481677419355,0.37479,FALSE,TRUE,Low,CN>=3/PolyIG ALL
CHIPID1000189,RNAS_CD138_NDMM,TT3b,3.12482,0,1q3plus,11.54191193548387,0.26315,FALSE,TRUE,High,CN>=3/PolyIG ALL
CHIPID1000193,RNAS_CD138_NDMM,TT3b,11.37916,1,1q2,11.174639032258064,0.42606,FALSE,TRUE,High,CN2/PolyIG High
CHIPID1000199,RNAS_CD138_NDMM,TT4_S-TT3,2.36404,0,1q2,11.259360967741936,0.4954,FALSE,TRUE,High,CN2/PolyIG High
CHIPID1000225,RNAS_CD138_NDMM,TT3a,9.64569,1,1q2,10.887851290322581,0.46829,FALSE,TRUE,Low,CN2/PolyIG Low
CHIPID1000229,RNAS_CD138_NDMM,TT3a,1.17004,1,1q2,10.808080322580645,0.24466,FALSE,TRUE,Low,CN2/PolyIG Low
CHIPID1000233,RNAS_CD138_NDMM,TT3b,6.42737,0,1q2,10.066231935483872,0.49982,FALSE,TRUE,Low,CN2/PolyIG Low
CHIPID1000234,RNAS_CD138_NDMM,TT4_S-TT3,2.25852,0,1q2,10.48969,0.38585,FALSE,TRUE,Low,CN2/PolyIG Low
CHIPID1000238,RNAS_CD138_NDMM,TT3a,1.55144,0,1q2,10.565289032258065,0.5316,FALSE,TRUE,Low,CN2/PolyIG Low
CHIPID1000239,RNAS_CD138_NDMM,TT3a,0.81132,1,1q3plus,11.747773548387096,0.35353,FALSE,TRUE,High,CN>=3/PolyIG ALL
CHIPID1000245,RNAS_CD138_NDMM,TT3a,5.8437,1,1q2,11.44096806451613,0.4095,FALSE,TRUE,High,CN2/PolyIG High
CHIPID1000253,RNAS_CD138_NDMM,TT4_S-TT3,8.05435,0,1q2,11.027596129032258,0.57461,FALSE,TRUE,High,CN2/PolyIG High
CHIPID1000254,RNAS_CD138_NDMM,TT4_S-TT3,14.89569,0,1q2,12.07896935483871,0.31158,FALSE,TRUE,High,CN2/PolyIG High
CHIPID1000263,RNAS_CD138_NDMM,TT4_S-TT3,0.61207,1,1q3plus,9.723500967741936,0.50894,FALSE,TRUE,Low,CN>=3/PolyIG ALL
CHIPID1000265,RNAS_CD138_NDMM,TT4_S-TT3,10.43391,0,1q2,10.88175,0.29481,FALSE,TRUE,Low,CN2/PolyIG Low
CHIPID1000267,RNAS_CD138_NDMM,TT3a,6.81642,1,1q2,11.143375483870967,0.14919,FALSE,TRUE,High,CN2/PolyIG High
CHIPID1000280,RNAS_CD138_NDMM,TT3b,1.96813,0,1q3plus,10.917883548387097,0.5537,FALSE,TRUE,Low,CN>=3/PolyIG ALL
CHIPID1000285,RNAS_CD138_NDMM,TT3b,13.00588,0,1q2,11.706840322580645,0.19317,FALSE,TRUE,High,CN2/PolyIG High
CHIPID1000288,RNAS_CD138_NDMM,TT3b,3.25877,1,1q3plus,10.064387419354839,0.2763,FALSE,TRUE,Low,CN>=3/PolyIG ALL
CHIPID1000289,RNAS_CD138_NDMM,TT4_S-TT3,3.65102,1,1q3plus,10.518388387096774,0.3022,FALSE,TRUE,Low,CN>=3/PolyIG ALL
CHIPID1000292,RNAS_CD138_NDMM,TT3a,2.80907,1,1q2,10.366820967741935,0.16213,FALSE,TRUE,Low,CN2/PolyIG Low
CHIPID1000293,RNAS_CD138_NDMM,TT3b,5.16166,1,1q2,11.130049032258064,0.43573,FALSE,TRUE,High,CN2/PolyIG High
CHIPID1000296,RNAS_CD138_NDMM,TT3b,2.47205,0,1q3plus,12.610699032258065,0.19129,FALSE,TRUE,High,CN>=3/PolyIG ALL
CHIPID1000304,RNAS_CD138_NDMM,TT3b,7.53867,0,1q2,10.386742903225807,0.17473,FALSE,TRUE,Low,CN2/PolyIG Low
CHIPID1000305,RNAS_CD138_NDMM,TT3a,3.70076,1,1q3plus,9.321579677419354,0.41428,FALSE,TRUE,Low,CN>=3/PolyIG ALL
CHIPID1000307,RNAS_CD138_NDMM,TT3a,8.10008,0,1q2,11.41266,0.5231,FALSE,TRUE,High,CN2/PolyIG High
CHIPID1000316,RNAS_CD138_NDMM,TT4_S-TT3,4.63157,1,1q3plus,10.67215064516129,0.32918,FALSE,TRUE,Low,CN>=3/PolyIG ALL
CHIPID1000319,RNAS_CD138_NDMM,TT4_S-TT3,13.45905,0,1q2,10.180830322580645,0.42755,FALSE,TRUE,Low,CN2/PolyIG Low
CHIPID1000327,RNAS_CD138_NDMM,TT3b,1.11057,0,1q2,12.055883870967742,0.57761,FALSE,TRUE,High,CN2/PolyIG High
CHIPID1000328,RNAS_CD138_NDMM,TT3a,1.40339,1,1q3plus,11.473183225806451,0.17999,FALSE,TRUE,High,CN>=3/PolyIG ALL
CHIPID1000339,RNAS_CD138_NDMM,TT4_S-TT3,4.37907,0,1q2,9.077283870967742,0.35222,FALSE,TRUE,Low,CN2/PolyIG Low
CHIPID1000345,RNAS_CD138_NDMM,TT3b,3.14078,1,1q3plus,10.627854838709677,0.53437,FALSE,TRUE,Low,CN>=3/PolyIG ALL
CHIPID1000350,RNAS_CD138_NDMM,TT4_S-TT3,12.90221,0,1q2,11.189505483870967,0.55319,FALSE,TRUE,High,CN2/PolyIG High
CHIPID1000353,RNAS_CD138_NDMM,TT3a,2.86082,1,1q2,11.66337064516129,0.16986,FALSE,TRUE,High,CN2/PolyIG High
CHIPID1000357,RNAS_CD138_NDMM,TT3b,10.13892,0,1q2,11.810500322580644,0.17506,FALSE,TRUE,High,CN2/PolyIG High
CHIPID1000363,RNAS_CD138_NDMM,TT3b,3.06679,1,1q2,11.24356,0.24425,FALSE,TRUE,High,CN2/PolyIG High
CHIPID1000365,RNAS_CD138_NDMM,TT3b,2.55252,1,1q2,11.40807,0.59535,FALSE,TRUE,High,CN2/PolyIG High
CHIPID1000369,RNAS_CD138_NDMM,TT3b,2.63336,0,1q3plus,10.96349064516129,0.41087,FALSE,TRUE,Low,CN>=3/PolyIG ALL
CHIPID1000376,RNAS_CD138_NDMM,TT4_S-TT3,4.24835,1,1q3plus,10.391734838709677,0.48441,FALSE,TRUE,Low,CN>=3/PolyIG ALL
CHIPID1000389,RNAS_CD138_NDMM,TT3a,0.61734,1,1q2,10.334743548387097,0.50501,FALSE,TRUE,Low,CN2/PolyIG Low
CHIPID1000401,RNAS_CD138_NDMM,TT4_S-TT3,9.28807,0,1q3plus,11.270230322580645,0.56383,FALSE,TRUE,High,CN>=3/PolyIG ALL
CHIPID1000402,RNAS_CD138_NDMM,TT4_S-TT3,9.82739,0,1q2,11.813534193548387,0.58152,FALSE,TRUE,High,CN2/PolyIG High
CHIPID1000407,RNAS_CD138_NDMM,TT4_S-TT3,0.72564,0,1q2,10.941246451612903,0.16029,FALSE,TRUE,Low,CN2/PolyIG Low
CHIPID1000410,RNAS_CD138_NDMM,TT4_S-TT3,5.75412,0,1q2,11.86137,0.36454,FALSE,TRUE,High,CN2/PolyIG High
CHIPID1000415,RNAS_CD138_NDMM,TT4_S-TT3,5.75665,0,1q3plus,10.64002935483871,0.27248,FALSE,TRUE,Low,CN>=3/PolyIG ALL
CHIPID1000424,RNAS_CD138_NDMM,TT3b,0.97462,0,1q2,11.211452903225807,0.18706,FALSE,TRUE,High,CN2/PolyIG High
CHIPID1000425,RNAS_CD138_NDMM,TT4_S-TT3,1.73101,1,1q2,9.609201612903226,0.13763,FALSE,TRUE,Low,CN2/PolyIG Low
CHIPID1000427,RNAS_CD138_NDMM,TT3a,3.50534,1,1q3plus,10.894175483870967,0.52878,FALSE,TRUE,Low,CN>=3/PolyIG ALL
CHIPID1000428,RNAS_CD138_NDMM,TT3a,14.0379,0,1q3plus,11.096138709677419,0.16083,FALSE,TRUE,High,CN>=3/PolyIG ALL
CHIPID1000432,RNAS_CD138_NDMM,TT4_S-TT3,1.27666,0,1q2,11.35415,0.5714,FALSE,TRUE,High,CN2/PolyIG High
CHIPID1000434,RNAS_CD138_NDMM,TT3a,0.78433,1,1q3plus,12.33434193548387,0.45362,FALSE,TRUE,High,CN>=3/PolyIG ALL
CHIPID1000443,RNAS_CD138_NDMM,TT4_S-TT3,10.18441,0,1q2,11.265410322580646,0.33099,FALSE,TRUE,High,CN2/PolyIG High
CHIPID1000444,RNAS_CD138_NDMM,TT3b,0.87298,1,1q3plus,9.808556774193548,0.21764,FALSE,TRUE,Low,CN>=3/PolyIG ALL
CHIPID1000451,RNAS_CD138_NDMM,TT4_S-TT3,0.90612,1,1q3plus,10.927551612903226,0.35933,FALSE,TRUE,Low,CN>=3/PolyIG ALL
CHIPID1000457,RNAS_CD138_NDMM,TT4_S-TT3,11.00652,0,1q3plus,11.608279677419356,0.53018,FALSE,TRUE,High,CN>=3/PolyIG ALL
CHIPID1000460,RNAS_CD138_NDMM,TT3a,3.46555,0,1q2,12.659688387096773,0.16851,FALSE,TRUE,High,CN2/PolyIG High
CHIPID1000461,RNAS_CD138_NDMM,TT3a,2.49567,1,1q3plus,9.074340645161291,0.29138,FALSE,TRUE,Low,CN>=3/PolyIG ALL
CHIPID1000468,RNAS_CD138_NDMM,TT3b,5.74631,0,1q3plus,9.934783225806452,0.5006,FALSE,TRUE,Low,CN>=3/PolyIG ALL
CHIPID1000476,RNAS_CD138_NDMM,TT3b,3.03091,1,1q2,11.11743,0.34814,FALSE,TRUE,High,CN2/PolyIG High
CHIPID1000479,RNAS_CD138_NDMM,TT3b,12.01147,0,1q3plus,10.925739032258065,0.50434,FALSE,TRUE,Low,CN>=3/PolyIG ALL
CHIPID1000486,RNAS_CD138_NDMM,TT3b,1.05278,0,1q2,11.051214193548388,0.57466,FALSE,TRUE,High,CN2/PolyIG High
CHIPID1000490,RNAS_CD138_NDMM,TT4_S-TT3,4.67732,0,1q2,10.670626129032257,0.4129,FALSE,TRUE,Low,CN2/PolyIG Low
CHIPID1000493,RNAS_CD138_NDMM,TT3a,8.26469,1,1q3plus,11.51555935483871,0.16023,FALSE,TRUE,High,CN>=3/PolyIG ALL
CHIPID1000495,RNAS_CD138_NDMM,TT3b,6.94114,0,1q3plus,11.409967419354839,0.29677,FALSE,TRUE,High,CN>=3/PolyIG ALL
CHIPID1000496,RNAS_CD138_NDMM,TT4_S-TT3,3.062,1,1q3plus,9.653669032258065,0.34298,FALSE,TRUE,Low,CN>=3/PolyIG ALL
CHIPID1000498,RNAS_CD138_NDMM,TT3b,15.14255,0,1q2,13.197652580645162,0.22782,FALSE,TRUE,High,CN2/PolyIG High
CHIPID1000504,RNAS_CD138_NDMM,TT3a,7.76308,0,1q2,11.312134516129031,0.41944,FALSE,TRUE,High,CN2/PolyIG High
CHIPID1000507,RNAS_CD138_NDMM,TT4_S-TT3,3.17174,0,1q3plus,11.973316774193549,0.21837,FALSE,TRUE,High,CN>=3/PolyIG ALL
CHIPID1000521,RNAS_CD138_NDMM,TT4_S-TT3,7.50944,0,1q3plus,10.582061290322581,0.21495,FALSE,TRUE,Low,CN>=3/PolyIG ALL
CHIPID1000524,RNAS_CD138_NDMM,TT3a,2.22321,1,1q2,10.279437419354839,0.54722,FALSE,TRUE,Low,CN2/PolyIG Low
CHIPID1000525,RNAS_CD138_NDMM,TT4_S-TT3,4.00594,0,1q3plus,12.626778709677419,0.52841,FALSE,TRUE,High,CN>=3/PolyIG ALL
CHIPID1000527,RNAS_CD138_NDMM,TT3a,0.9203,1,1q2,10.273347096774193,0.57647,FALSE,TRUE,Low,CN2/PolyIG Low
CHIPID1000535,RNAS_CD138_NDMM,TT4_S-TT3,3.31627,0,1q3plus,12.121937096774193,0.24471,FALSE,TRUE,High,CN>=3/PolyIG ALL
CHIPID1000540,RNAS_CD138_NDMM,TT3b,5.87221,1,1q2,10.741254516129032,0.33008,FALSE,TRUE,Low,CN2/PolyIG Low
CHIPID1000541,RNAS_CD138_NDMM,TT3a,13.442,0,1q2,11.67817,0.21963,FALSE,TRUE,High,CN2/PolyIG High
CHIPID1000544,RNAS_CD138_NDMM,TT3a,0.1,1,1q3plus,10.190632580645161,0.14638,FALSE,TRUE,Low,CN>=3/PolyIG ALL
CHIPID1000553,RNAS_CD138_NDMM,TT3b,5.55848,0,1q2,11.64760806451613,0.20161,FALSE,TRUE,High,CN2/PolyIG High
CHIPID1000557,RNAS_CD138_NDMM,TT4_S-TT3,11.3275,0,1q3plus,11.348713870967742,0.41341,FALSE,TRUE,High,CN>=3/PolyIG ALL
CHIPID1000559,RNAS_CD138_NDMM,TT3b,9.94786,0,1q3plus,11.581949677419354,0.2154,FALSE,TRUE,High,CN>=3/PolyIG ALL
CHIPID1000562,RNAS_CD138_NDMM,TT3a,1.27551,0,1q2,12.14559741935484,0.37347,FALSE,TRUE,High,CN2/PolyIG High
CHIPID1000563,RNAS_CD138_NDMM,TT4_S-TT3,7.13023,0,1q3plus,10.509118387096773,0.47174,FALSE,TRUE,Low,CN>=3/PolyIG ALL
CHIPID1000567,RNAS_CD138_NDMM,TT3b,4.25663,1,1q2,10.014333225806451,0.26588,FALSE,TRUE,Low,CN2/PolyIG Low
CHIPID1000568,RNAS_CD138_NDMM,TT3a,2.38949,1,1q3plus,11.432544516129033,0.12013,FALSE,TRUE,High,CN>=3/PolyIG ALL
CHIPID1000569,RNAS_CD138_NDMM,TT4_S-TT3,7.77479,1,1q3plus,10.75392870967742,0.26468,FALSE,TRUE,Low,CN>=3/PolyIG ALL
