"Variable","Coding","Type","N","Events","Term","HR","CI_low","CI_high","HR_95CI","p","FDR_BH","Note"
"Age_Great_65","See source clinical variable","binary",121,49,"1 vs 0",1.234016935787959,0.6927699629766899,2.1981290748639783,"1.23 (0.69–2.20)",0.47531742798935783,0.6989962176314086,""
"Female","See source clinical variable","binary",121,49,"1 vs 0",0.8869771120272346,0.502772875940765,1.564778918886752,"0.89 (0.50–1.56)",0.6788087661248451,0.774730712131595,""
"CA","See source clinical variable","binary",121,49,"1 vs 0",1.289301733588395,0.6420561983418754,2.5890240831362807,"1.29 (0.64–2.59)",0.4750128341795431,0.6989962176314086,""
"LDH","See source clinical variable","binary",121,49,"1 vs 0",1.2948845234399287,0.6859325660984616,2.4444471831704324,"1.29 (0.69–2.44)",0.4253732664903514,0.6989962176314086,""
"CREATININE","See source clinical variable","binary",121,49,"1 vs 0",0.6836143937407207,0.3063759936471718,1.5253435289309172,"0.68 (0.31–1.53)",0.35295578139625516,0.6787611180697215,""
"CRP","See source clinical variable","binary",121,49,"1 vs 0",0.7257607023969315,0.3776998666456606,1.3945691901391064,"0.73 (0.38–1.39)",0.33609958103358356,0.6787611180697215,""
"ALBUMIN","See source clinical variable","binary",121,49,"1 vs 0",0.9872549728574112,0.5284775209063921,1.8443024402627883,"0.99 (0.53–1.84)",0.9679104139493898,0.9679104139493898,""
"B2M_5_5","See source clinical variable","binary",121,49,"1 vs 0",0.8645593363181507,0.4312129615277989,1.7333960541598763,"0.86 (0.43–1.73)",0.6817630266758035,0.774730712131595,""
"PLATELETS","See source clinical variable","binary",121,49,"1 vs 0",1.6878685666973934,0.8924905326295705,3.1920790129294887,"1.69 (0.89–3.19)",0.10737249159565031,0.3355390362364072,""
"Ferritin_High","See source clinical variable","binary",121,49,"1 vs 0",1.6783862200896127,0.8525072157298176,3.304347754259331,"1.68 (0.85–3.30)",0.1340646798219091,0.3724018883941919,""
"ISSIII","See source clinical variable","binary",121,49,"1 vs 0",1.8531315716676857,1.037332593868491,3.3105068154707067,"1.85 (1.04–3.31)",0.037180697987810166,0.13278820709932201,""
"Tandem_Tx2","See source clinical variable","binary",121,49,"1 vs 0",1.422725287597488,0.7999310935717762,2.5304020061669634,"1.42 (0.80–2.53)",0.2300934075422428,0.5229395625960064,""
"t11_14","See source clinical variable","binary",121,49,"1 vs 0",1.2400070542644923,0.5541306059157677,2.774828674342225,"1.24 (0.55–2.77)",0.6006633648465319,0.774730712131595,""
"HY","See source clinical variable","binary",121,49,"1 vs 0",1.190232051388308,0.6764162011681886,2.094350096442729,"1.19 (0.68–2.09)",0.5458354121101252,0.7581047390418405,""
"t4_14","See source clinical variable","binary",121,49,"1 vs 0",1.212090782361764,0.513486089344776,2.8611565048647205,"1.21 (0.51–2.86)",0.6607080727568173,0.774730712131595,""
"t14_16_20","See source clinical variable","binary",121,49,"1 vs 0",0.5443711787172413,0.13200716161156753,2.244878055101148,"0.54 (0.13–2.24)",0.40019249882510977,0.6989962176314086,""
"PR","See source clinical variable","binary",121,49,"1 vs 0",1.0180004902876532,0.5199205799724278,1.9932371176398906,"1.02 (0.52–1.99)",0.9584970056029282,0.9679104139493898,""
"HGB116F132M","See source clinical variable","binary",121,49,"1 vs 0",1.525362380994498,0.8251377364612903,2.819808488376363,"1.53 (0.83–2.82)",0.1780258696829857,0.44506467420746426,""
"Cyto_MM","See source clinical variable","binary",121,49,"1 vs 0",1.070875490791972,0.5168612354964798,2.2187276545848778,"1.07 (0.52–2.22)",0.853824593814302,0.9280702106677194,""
"PolyIG_continuous","Continuous PolyIG_Score; HR per 1-unit increase","continuous",121,49,"Per 1-unit increase",0.4871681665601005,0.3424972935601868,0.6929480231580969,"0.49 (0.34–0.69)",6.325321116132828e-5,7.906651395166034e-4,""
"PolyIG_high_bin","1 = PolyIG_Score > 11; 0 = PolyIG_Score <= 11","binary",121,49,"1 vs 0",0.31283126165323366,0.17296811766261327,0.5657886527876976,"0.31 (0.17–0.57)",1.211538503505325e-4,0.001009615419587771,""
"IG_ARD_continuous","Continuous IG_ARD; HR per 1-unit increase","continuous",121,49,"Per 1-unit increase",6.602734424870518e-4,1.9436115696742783e-5,0.022430460162714664,"0.00 (0.00–0.02)",4.680384534245704e-5,7.906651395166034e-4,""
"unIGH_high_bin","1 = IG_ARD > 0.29; 0 = IG_ARD <= 0.29","binary",121,49,"1 vs 0",0.20798880513898346,0.08207970602621854,0.5270406676325546,"0.21 (0.08–0.53)",9.327507142841494e-4,0.005829691964275934,""
"FISH1q_3plus_bin","1 = FISH_1q_num >=3 copies; 0 = FISH_1q_num = 2 copies","binary",121,49,"1 vs 0",1.8698232377937618,1.0631930913432985,3.288432711856884,"1.87 (1.06–3.29)",0.029803382117845417,0.12418075882435592,""
"GEP1q_3plus_bin","1 = GEP1qcopy_lasso = 1q3plus; 0 = GEP1qcopy_lasso = 1q2","binary",121,49,"1 vs 0",1.8698232377937618,1.0631930913432985,3.288432711856884,"1.87 (1.06–3.29)",0.029803382117845417,0.12418075882435592,""
