CHIPID,TT_Protocol,GEP1qcopy_lasso,GEP1q_raw,GEP1q_class,PolyIG,GEP70,time,event_raw,event,Exclude_Missing_CHIPID,Exclude_Invalid_Time,Exclude_Invalid_Event,Exclude_Invalid_GEP1q,Exclude_Invalid_PolyIG,Exclude_Invalid_GEP70,Keep_Complete_Case
CHIPID1000001,TT2_Thal,1q3plus,1q3plus,1q3plus,10.0252764516129,0.73032,3.64955,0,0,FALSE,FALSE,FALSE,FALSE,FALSE,FALSE,TRUE
CHIPID1000010,TT2_NoThal,1q2,1q2,1q2,10.8069706451613,0.47308,5.50615,0,0,FALSE,FALSE,FALSE,FALSE,FALSE,FALSE,TRUE
CHIPID1000011,TT2_Thal,1q3plus,1q3plus,1q3plus,10.9158522580645,0.75511,2.88235,1,1,FALSE,FALSE,FALSE,FALSE,FALSE,FALSE,TRUE
CHIPID1000019,TT2_Thal,1q2,1q2,1q2,9.60542903225806,0.41888,2.80462,1,1,FALSE,FALSE,FALSE,FALSE,FALSE,FALSE,TRUE
CHIPID1000030,TT2_Thal,1q2,1q2,1q2,10.6566709677419,0.16549,0.2363,1,1,FALSE,FALSE,FALSE,FALSE,FALSE,FALSE,TRUE
CHIPID1000035,TT2_NoThal,1q3plus,1q3plus,1q3plus,9.05964032258064,0.40067,0.26991,1,1,FALSE,FALSE,FALSE,FALSE,FALSE,FALSE,TRUE
CHIPID1000039,TT2_NoThal,1q2,1q2,1q2,9.72922806451613,0.33049,7.49015,1,1,FALSE,FALSE,FALSE,FALSE,FALSE,FALSE,TRUE
CHIPID1000045,TT2_NoThal,1q2,1q2,1q2,10.8502158064516,0.32255,4.46121,0,0,FALSE,FALSE,FALSE,FALSE,FALSE,FALSE,TRUE
CHIPID1000060,TT2_NoThal,1q2,1q2,1q2,12.8978967741935,0.12071,4.02741,0,0,FALSE,FALSE,FALSE,FALSE,FALSE,FALSE,TRUE
CHIPID1000062,TT2_Thal,1q2,1q2,1q2,11.2544183870968,0.19392,5.78796,0,0,FALSE,FALSE,FALSE,FALSE,FALSE,FALSE,TRUE
CHIPID1000064,TT2_NoThal,1q3plus,1q3plus,1q3plus,11.0918287096774,0.22375,11.08548,1,1,FALSE,FALSE,FALSE,FALSE,FALSE,FALSE,TRUE
CHIPID1000066,TT2_NoThal,1q2,1q2,1q2,9.33720483870968,0.56958,2.64033,0,0,FALSE,FALSE,FALSE,FALSE,FALSE,FALSE,TRUE
CHIPID1000068,TT2_NoThal,1q3plus,1q3plus,1q3plus,10.4897012903226,0.41437,4.50867,0,0,FALSE,FALSE,FALSE,FALSE,FALSE,FALSE,TRUE
CHIPID1000070,TT2_NoThal,1q2,1q2,1q2,10.56308,0.74367,3.44682,0,0,FALSE,FALSE,FALSE,FALSE,FALSE,FALSE,TRUE
CHIPID1000076,TT2_NoThal,1q3plus,1q3plus,1q3plus,10.2522558064516,0.89341,0.89401,1,1,FALSE,FALSE,FALSE,FALSE,FALSE,FALSE,TRUE
CHIPID1000081,TT2_NoThal,1q3plus,1q3plus,1q3plus,9.44600677419355,0.53508,1.10408,1,1,FALSE,FALSE,FALSE,FALSE,FALSE,FALSE,TRUE
CHIPID1000089,TT2_Thal,1q2,1q2,1q2,9.83295161290323,0.17817,6.32819,0,0,FALSE,FALSE,FALSE,FALSE,FALSE,FALSE,TRUE
CHIPID1000090,TT2_NoThal,1q3plus,1q3plus,1q3plus,11.3135190322581,0.35648,10.20163,0,0,FALSE,FALSE,FALSE,FALSE,FALSE,FALSE,TRUE
CHIPID1000099,TT2_Thal,1q3plus,1q3plus,1q3plus,11.6396396774194,0.18194,0.73661,1,1,FALSE,FALSE,FALSE,FALSE,FALSE,FALSE,TRUE
CHIPID1000107,TT2_Thal,1q3plus,1q3plus,1q3plus,10.3185612903226,0.40016,8.98808,0,0,FALSE,FALSE,FALSE,FALSE,FALSE,FALSE,TRUE
CHIPID1000110,TT2_Thal,1q2,1q2,1q2,11.2333674193548,0.57255,7.37571,1,1,FALSE,FALSE,FALSE,FALSE,FALSE,FALSE,TRUE
CHIPID1000117,TT2_Thal,1q2,1q2,1q2,11.3335880645161,0.44554,0.88411,0,0,FALSE,FALSE,FALSE,FALSE,FALSE,FALSE,TRUE
CHIPID1000118,TT2_NoThal,1q3plus,1q3plus,1q3plus,11.1888780645161,0.48946,2.03689,1,1,FALSE,FALSE,FALSE,FALSE,FALSE,FALSE,TRUE
CHIPID1000127,TT2_NoThal,1q2,1q2,1q2,11.0101335483871,0.19662,2.50684,1,1,FALSE,FALSE,FALSE,FALSE,FALSE,FALSE,TRUE
CHIPID1000132,TT2_NoThal,1q2,1q2,1q2,11.1752990322581,0.33475,0.77319,0,0,FALSE,FALSE,FALSE,FALSE,FALSE,FALSE,TRUE
CHIPID1000139,TT2_Thal,1q2,1q2,1q2,10.9459490322581,0.87125,6.61612,1,1,FALSE,FALSE,FALSE,FALSE,FALSE,FALSE,TRUE
CHIPID1000152,TT2_NoThal,1q2,1q2,1q2,11.2704738709677,0.46938,4.33737,1,1,FALSE,FALSE,FALSE,FALSE,FALSE,FALSE,TRUE
CHIPID1000159,TT2_Thal,1q3plus,1q3plus,1q3plus,10.2685596774194,0.43374,3.33245,1,1,FALSE,FALSE,FALSE,FALSE,FALSE,FALSE,TRUE
CHIPID1000161,TT2_Thal,1q3plus,1q3plus,1q3plus,10.8516122580645,0.86317,0.93041,1,1,FALSE,FALSE,FALSE,FALSE,FALSE,FALSE,TRUE
CHIPID1000177,TT2_NoThal,1q3plus,1q3plus,1q3plus,9.2915564516129,0.83512,0.57156,0,0,FALSE,FALSE,FALSE,FALSE,FALSE,FALSE,TRUE
CHIPID1000179,TT2_Thal,1q2,1q2,1q2,11.3378658064516,0.16389,5.30831,1,1,FALSE,FALSE,FALSE,FALSE,FALSE,FALSE,TRUE
CHIPID1000185,TT2_Thal,1q2,1q2,1q2,10.9663370967742,0.50643,0.92056,0,0,FALSE,FALSE,FALSE,FALSE,FALSE,FALSE,TRUE
CHIPID1000186,TT2_Thal,1q2,1q2,1q2,11.2855425806452,0.36201,12.06894,1,1,FALSE,FALSE,FALSE,FALSE,FALSE,FALSE,TRUE
CHIPID1000187,TT2_Thal,1q2,1q2,1q2,9.65907903225806,0.44998,1.84226,1,1,FALSE,FALSE,FALSE,FALSE,FALSE,FALSE,TRUE
CHIPID1000205,TT2_NoThal,1q2,1q2,1q2,11.4771983870968,0.82428,10.55874,1,1,FALSE,FALSE,FALSE,FALSE,FALSE,FALSE,TRUE
CHIPID1000207,TT2_Thal,1q2,1q2,1q2,11.0155580645161,0.37673,2.64325,1,1,FALSE,FALSE,FALSE,FALSE,FALSE,FALSE,TRUE
CHIPID1000208,TT2_NoThal,1q2,1q2,1q2,10.3829538709677,0.3293,7.46997,1,1,FALSE,FALSE,FALSE,FALSE,FALSE,FALSE,TRUE
CHIPID1000218,TT2_NoThal,1q2,1q2,1q2,11.6803303225806,0.29695,4.23601,0,0,FALSE,FALSE,FALSE,FALSE,FALSE,FALSE,TRUE
CHIPID1000224,TT2_Thal,1q2,1q2,1q2,11.4825574193548,0.87796,10.83188,0,0,FALSE,FALSE,FALSE,FALSE,FALSE,FALSE,TRUE
CHIPID1000226,TT2_Thal,1q3plus,1q3plus,1q3plus,10.4079483870968,0.2094,3.54632,0,0,FALSE,FALSE,FALSE,FALSE,FALSE,FALSE,TRUE
CHIPID1000236,TT2_Thal,1q3plus,1q3plus,1q3plus,12.2492861290323,0.4307,3.14946,0,0,FALSE,FALSE,FALSE,FALSE,FALSE,FALSE,TRUE
CHIPID1000240,TT2_Thal,1q2,1q2,1q2,10.4108135483871,0.31136,6.02127,0,0,FALSE,FALSE,FALSE,FALSE,FALSE,FALSE,TRUE
CHIPID1000248,TT2_Thal,1q3plus,1q3plus,1q3plus,12.1769283870968,0.41785,2.43472,1,1,FALSE,FALSE,FALSE,FALSE,FALSE,FALSE,TRUE
CHIPID1000250,TT2_Thal,1q3plus,1q3plus,1q3plus,9.21974516129032,0.31193,0.23586,1,1,FALSE,FALSE,FALSE,FALSE,FALSE,FALSE,TRUE
CHIPID1000255,TT2_Thal,1q3plus,1q3plus,1q3plus,12.7259616129032,0.55909,6.49069,0,0,FALSE,FALSE,FALSE,FALSE,FALSE,FALSE,TRUE
CHIPID1000256,TT2_Thal,1q3plus,1q3plus,1q3plus,12.0085316129032,0.24467,7.24613,0,0,FALSE,FALSE,FALSE,FALSE,FALSE,FALSE,TRUE
CHIPID1000258,TT2_Thal,1q3plus,1q3plus,1q3plus,11.6086625806452,0.31165,4.1461,1,1,FALSE,FALSE,FALSE,FALSE,FALSE,FALSE,TRUE
CHIPID1000269,TT2_Thal,1q2,1q2,1q2,12.21192,0.30359,11.29626,0,0,FALSE,FALSE,FALSE,FALSE,FALSE,FALSE,TRUE
CHIPID1000286,TT2_NoThal,1q3plus,1q3plus,1q3plus,10.2707835483871,0.56704,7.23453,1,1,FALSE,FALSE,FALSE,FALSE,FALSE,FALSE,TRUE
CHIPID1000287,TT2_Thal,1q2,1q2,1q2,9.20910967741935,0.20602,0.51636,0,0,FALSE,FALSE,FALSE,FALSE,FALSE,FALSE,TRUE
CHIPID1000290,TT2_Thal,1q2,1q2,1q2,10.9375606451613,0.1249,5.93792,0,0,FALSE,FALSE,FALSE,FALSE,FALSE,FALSE,TRUE
CHIPID1000294,TT2_NoThal,1q2,1q2,1q2,9.81753677419355,0.18502,3.07055,1,1,FALSE,FALSE,FALSE,FALSE,FALSE,FALSE,TRUE
CHIPID1000297,TT2_Thal,1q3plus,1q3plus,1q3plus,11.3423703225806,0.52108,8.67903,1,1,FALSE,FALSE,FALSE,FALSE,FALSE,FALSE,TRUE
CHIPID1000300,TT2_Thal,1q2,1q2,1q2,11.3178938709677,0.18187,11.18117,0,0,FALSE,FALSE,FALSE,FALSE,FALSE,FALSE,TRUE
CHIPID1000301,TT2_NoThal,1q3plus,1q3plus,1q3plus,9.81123709677419,0.75094,1.06523,1,1,FALSE,FALSE,FALSE,FALSE,FALSE,FALSE,TRUE
CHIPID1000302,TT2_NoThal,1q3plus,1q3plus,1q3plus,10.3971316129032,0.25474,1.68745,0,0,FALSE,FALSE,FALSE,FALSE,FALSE,FALSE,TRUE
CHIPID1000309,TT2_NoThal,1q2,1q2,1q2,12.008515483871,0.32172,1.34804,1,1,FALSE,FALSE,FALSE,FALSE,FALSE,FALSE,TRUE
CHIPID1000310,TT2_Thal,1q3plus,1q3plus,1q3plus,11.3158083870968,0.22894,0.63264,1,1,FALSE,FALSE,FALSE,FALSE,FALSE,FALSE,TRUE
CHIPID1000311,TT2_NoThal,1q3plus,1q3plus,1q3plus,10.0789532258065,0.34762,1.67997,1,1,FALSE,FALSE,FALSE,FALSE,FALSE,FALSE,TRUE
CHIPID1000317,TT2_NoThal,1q2,1q2,1q2,10.4435112903226,0.37742,1.20566,1,1,FALSE,FALSE,FALSE,FALSE,FALSE,FALSE,TRUE
CHIPID1000322,TT2_NoThal,1q3plus,1q3plus,1q3plus,10.5799267741935,0.30698,1.48941,1,1,FALSE,FALSE,FALSE,FALSE,FALSE,FALSE,TRUE
CHIPID1000330,TT2_NoThal,1q2,1q2,1q2,13.2483958064516,0.13573,13.39692,0,0,FALSE,FALSE,FALSE,FALSE,FALSE,FALSE,TRUE
CHIPID1000331,TT2_NoThal,1q2,1q2,1q2,9.99752419354839,0.81998,2.84593,1,1,FALSE,FALSE,FALSE,FALSE,FALSE,FALSE,TRUE
CHIPID1000333,TT2_NoThal,1q2,1q2,1q2,12.1795009677419,0.18432,1.38262,0,0,FALSE,FALSE,FALSE,FALSE,FALSE,FALSE,TRUE
CHIPID1000334,TT2_Thal,1q3plus,1q3plus,1q3plus,11.4615074193548,0.13618,3.33168,1,1,FALSE,FALSE,FALSE,FALSE,FALSE,FALSE,TRUE
CHIPID1000335,TT2_NoThal,1q3plus,1q3plus,1q3plus,9.01145677419355,0.86075,6.9801,1,1,FALSE,FALSE,FALSE,FALSE,FALSE,FALSE,TRUE
CHIPID1000336,TT2_Thal,1q2,1q2,1q2,9.88601451612903,0.35206,9.13124,1,1,FALSE,FALSE,FALSE,FALSE,FALSE,FALSE,TRUE
CHIPID1000346,TT2_Thal,1q2,1q2,1q2,11.1549951612903,0.23482,8.03537,1,1,FALSE,FALSE,FALSE,FALSE,FALSE,FALSE,TRUE
CHIPID1000347,TT2_Thal,1q2,1q2,1q2,12.0795716129032,0.43505,3.67721,0,0,FALSE,FALSE,FALSE,FALSE,FALSE,FALSE,TRUE
CHIPID1000368,TT2_NoThal,1q2,1q2,1q2,10.9877406451613,0.12971,8.27478,1,1,FALSE,FALSE,FALSE,FALSE,FALSE,FALSE,TRUE
CHIPID1000370,TT2_Thal,1q3plus,1q3plus,1q3plus,10.6035787096774,0.43998,1.5404,1,1,FALSE,FALSE,FALSE,FALSE,FALSE,FALSE,TRUE
CHIPID1000371,TT2_NoThal,1q3plus,1q3plus,1q3plus,9.61610064516129,0.15471,0.65684,1,1,FALSE,FALSE,FALSE,FALSE,FALSE,FALSE,TRUE
CHIPID1000377,TT2_NoThal,1q3plus,1q3plus,1q3plus,10.0362780645161,0.86902,2.70748,1,1,FALSE,FALSE,FALSE,FALSE,FALSE,FALSE,TRUE
CHIPID1000381,TT2_Thal,1q2,1q2,1q2,11.9446025806452,0.82998,2.7958,0,0,FALSE,FALSE,FALSE,FALSE,FALSE,FALSE,TRUE
CHIPID1000383,TT2_Thal,1q2,1q2,1q2,9.60642516129032,0.13172,0.30425,1,1,FALSE,FALSE,FALSE,FALSE,FALSE,FALSE,TRUE
CHIPID1000388,TT2_NoThal,1q2,1q2,1q2,9.85060806451613,0.38966,1.26508,1,1,FALSE,FALSE,FALSE,FALSE,FALSE,FALSE,TRUE
CHIPID1000393,TT2_NoThal,1q2,1q2,1q2,11.6675732258065,0.18415,5.04853,1,1,FALSE,FALSE,FALSE,FALSE,FALSE,FALSE,TRUE
CHIPID1000394,TT2_Thal,1q3plus,1q3plus,1q3plus,10.8375380645161,0.4626,1.42162,1,1,FALSE,FALSE,FALSE,FALSE,FALSE,FALSE,TRUE
CHIPID1000396,TT2_Thal,1q2,1q2,1q2,11.1824048387097,0.21139,2.74035,0,0,FALSE,FALSE,FALSE,FALSE,FALSE,FALSE,TRUE
CHIPID1000411,TT2_NoThal,1q3plus,1q3plus,1q3plus,11.8158777419355,0.40245,1.51757,1,1,FALSE,FALSE,FALSE,FALSE,FALSE,FALSE,TRUE
CHIPID1000414,TT2_NoThal,1q3plus,1q3plus,1q3plus,11.4241593548387,0.1421,2.93694,1,1,FALSE,FALSE,FALSE,FALSE,FALSE,FALSE,TRUE
CHIPID1000421,TT2_NoThal,1q3plus,1q3plus,1q3plus,10.9962870967742,0.83074,0.61014,1,1,FALSE,FALSE,FALSE,FALSE,FALSE,FALSE,TRUE
CHIPID1000426,TT2_NoThal,1q2,1q2,1q2,11.9026325806452,0.37261,9.37977,0,0,FALSE,FALSE,FALSE,FALSE,FALSE,FALSE,TRUE
CHIPID1000430,TT2_NoThal,1q2,1q2,1q2,10.1189738709677,0.27879,10.78162,1,1,FALSE,FALSE,FALSE,FALSE,FALSE,FALSE,TRUE
CHIPID1000431,TT2_Thal,1q2,1q2,1q2,9.74544032258065,0.15211,4.95603,0,0,FALSE,FALSE,FALSE,FALSE,FALSE,FALSE,TRUE
CHIPID1000436,TT2_NoThal,1q3plus,1q3plus,1q3plus,10.2810719354839,0.19123,7.73302,1,1,FALSE,FALSE,FALSE,FALSE,FALSE,FALSE,TRUE
CHIPID1000447,TT2_NoThal,1q2,1q2,1q2,10.5698161290323,0.30632,5.82401,0,0,FALSE,FALSE,FALSE,FALSE,FALSE,FALSE,TRUE
CHIPID1000449,TT2_NoThal,1q2,1q2,1q2,10.41499,0.14335,11.40211,0,0,FALSE,FALSE,FALSE,FALSE,FALSE,FALSE,TRUE
CHIPID1000455,TT2_NoThal,1q2,1q2,1q2,12.633495483871,0.12013,15.26634,0,0,FALSE,FALSE,FALSE,FALSE,FALSE,FALSE,TRUE
CHIPID1000456,TT2_Thal,1q3plus,1q3plus,1q3plus,12.6419096774194,0.80448,13.86565,0,0,FALSE,FALSE,FALSE,FALSE,FALSE,FALSE,TRUE
CHIPID1000465,TT2_NoThal,1q3plus,1q3plus,1q3plus,9.68797935483871,0.46944,4.48876,1,1,FALSE,FALSE,FALSE,FALSE,FALSE,FALSE,TRUE
CHIPID1000470,TT2_NoThal,1q2,1q2,1q2,8.99700161290323,0.20144,9.59935,1,1,FALSE,FALSE,FALSE,FALSE,FALSE,FALSE,TRUE
CHIPID1000480,TT2_Thal,1q3plus,1q3plus,1q3plus,12.4897238709677,0.27876,1.92279,1,1,FALSE,FALSE,FALSE,FALSE,FALSE,FALSE,TRUE
CHIPID1000494,TT2_NoThal,1q2,1q2,1q2,10.9003161290323,0.39962,0.98047,0,0,FALSE,FALSE,FALSE,FALSE,FALSE,FALSE,TRUE
CHIPID1000501,TT2_Thal,1q2,1q2,1q2,10.5910170967742,0.21144,9.34816,0,0,FALSE,FALSE,FALSE,FALSE,FALSE,FALSE,TRUE
CHIPID1000505,TT2_Thal,1q2,1q2,1q2,13.1442693548387,0.26039,4.14693,1,1,FALSE,FALSE,FALSE,FALSE,FALSE,FALSE,TRUE
CHIPID1000511,TT2_NoThal,1q2,1q2,1q2,11.0208058064516,0.38447,9.87384,1,1,FALSE,FALSE,FALSE,FALSE,FALSE,FALSE,TRUE
CHIPID1000515,TT2_NoThal,1q2,1q2,1q2,10.2669674193548,0.19314,0.90827,0,0,FALSE,FALSE,FALSE,FALSE,FALSE,FALSE,TRUE
CHIPID1000518,TT2_Thal,1q3plus,1q3plus,1q3plus,10.3222470967742,0.21593,7.78191,0,0,FALSE,FALSE,FALSE,FALSE,FALSE,FALSE,TRUE
CHIPID1000526,TT2_Thal,1q3plus,1q3plus,1q3plus,10.6172483870968,0.456,4.0599,1,1,FALSE,FALSE,FALSE,FALSE,FALSE,FALSE,TRUE
CHIPID1000533,TT2_Thal,1q2,1q2,1q2,10.5459758064516,0.16473,2.02136,1,1,FALSE,FALSE,FALSE,FALSE,FALSE,FALSE,TRUE
CHIPID1000534,TT2_NoThal,1q2,1q2,1q2,11.6734877419355,0.2982,0.52114,0,0,FALSE,FALSE,FALSE,FALSE,FALSE,FALSE,TRUE
CHIPID1000539,TT2_NoThal,1q2,1q2,1q2,11.7127406451613,0.44016,10.96538,0,0,FALSE,FALSE,FALSE,FALSE,FALSE,FALSE,TRUE
CHIPID1000542,TT2_Thal,1q2,1q2,1q2,12.9025587096774,0.33316,4.86457,0,0,FALSE,FALSE,FALSE,FALSE,FALSE,FALSE,TRUE
CHIPID1000550,TT2_Thal,1q3plus,1q3plus,1q3plus,11.1762212903226,0.1785,1.96846,1,1,FALSE,FALSE,FALSE,FALSE,FALSE,FALSE,TRUE
CHIPID1000551,TT2_Thal,1q2,1q2,1q2,10.1259058064516,0.27181,7.74652,0,0,FALSE,FALSE,FALSE,FALSE,FALSE,FALSE,TRUE
