CHIPID,time_gep,event_gep,GEP_Group,time_clinical,event_clinical,Clinical_Group,time,event,Clinical_Risk,GEP_Risk
CHIPID1000000,6.10601,1,CN2/PolyIG High,6.10601,1,CN2/unIGH High,6.10601,1,Favorable,Favorable
CHIPID1000013,5.21643,0,CN2/PolyIG Low,5.21643,0,CN2/unIGH Low,5.21643,0,Intermediate,Intermediate
CHIPID1000014,5.39704,0,CN≥3/PolyIG ALL,5.39704,0,CN≥3/unIGH ALL,5.39704,0,Adverse,Adverse
CHIPID1000024,0.84884,1,CN≥3/PolyIG ALL,0.84884,1,CN≥3/unIGH ALL,0.84884,1,Adverse,Adverse
CHIPID1000028,2.58342,1,CN≥3/PolyIG ALL,2.58342,1,CN≥3/unIGH ALL,2.58342,1,Adverse,Adverse
CHIPID1000031,0.41548,0,CN≥3/PolyIG ALL,0.41548,0,CN≥3/unIGH ALL,0.41548,0,Adverse,Adverse
CHIPID1000036,3.43896,0,CN2/PolyIG High,3.43896,0,CN2/unIGH High,3.43896,0,Favorable,Favorable
CHIPID1000043,6.90138,0,CN2/PolyIG High,6.90138,0,CN2/unIGH High,6.90138,0,Favorable,Favorable
CHIPID1000049,4.8124,0,CN2/PolyIG High,4.8124,0,CN2/unIGH Low,4.8124,0,Intermediate,Favorable
CHIPID1000056,1.87774,0,CN≥3/PolyIG ALL,1.87774,0,CN≥3/unIGH ALL,1.87774,0,Adverse,Adverse
CHIPID1000058,0.51066,0,CN2/PolyIG Low,0.51066,0,CN2/unIGH Low,0.51066,0,Intermediate,Intermediate
CHIPID1000059,3.1256,0,CN2/PolyIG High,3.1256,0,CN2/unIGH Low,3.1256,0,Intermediate,Favorable
CHIPID1000063,3.8851,1,CN2/PolyIG High,3.8851,1,CN2/unIGH Low,3.8851,1,Intermediate,Favorable
CHIPID1000065,13.88137,1,CN2/PolyIG High,13.88137,1,CN2/unIGH Low,13.88137,1,Intermediate,Favorable
CHIPID1000069,10.76318,1,CN≥3/PolyIG ALL,10.76318,1,CN≥3/unIGH ALL,10.76318,1,Adverse,Adverse
CHIPID1000073,10.37298,0,CN≥3/PolyIG ALL,10.37298,0,CN≥3/unIGH ALL,10.37298,0,Adverse,Adverse
CHIPID1000075,0.96399,0,CN≥3/PolyIG ALL,0.96399,0,CN≥3/unIGH ALL,0.96399,0,Adverse,Adverse
CHIPID1000080,11.69501,0,CN2/PolyIG High,11.69501,0,CN2/unIGH High,11.69501,0,Favorable,Favorable
CHIPID1000086,0.21286,1,CN2/PolyIG High,0.21286,1,CN2/unIGH High,0.21286,1,Favorable,Favorable
CHIPID1000091,1.3426,0,CN2/PolyIG High,1.3426,0,CN2/unIGH High,1.3426,0,Favorable,Favorable
CHIPID1000093,2.04658,0,CN2/PolyIG High,2.04658,0,CN2/unIGH High,2.04658,0,Favorable,Favorable
CHIPID1000094,1.25816,1,CN≥3/PolyIG ALL,1.25816,1,CN≥3/unIGH ALL,1.25816,1,Adverse,Adverse
CHIPID1000095,0.73426,1,CN2/PolyIG High,0.73426,1,CN2/unIGH Low,0.73426,1,Intermediate,Favorable
CHIPID1000111,11.72848,0,CN≥3/PolyIG ALL,11.72848,0,CN≥3/unIGH ALL,11.72848,0,Adverse,Adverse
CHIPID1000116,2.61017,1,CN≥3/PolyIG ALL,2.61017,1,CN≥3/unIGH ALL,2.61017,1,Adverse,Adverse
CHIPID1000119,4.26725,0,CN2/PolyIG Low,4.26725,0,CN2/unIGH Low,4.26725,0,Intermediate,Intermediate
CHIPID1000120,5.96212,0,CN2/PolyIG High,5.96212,0,CN2/unIGH High,5.96212,0,Favorable,Favorable
CHIPID1000121,4.07471,0,CN2/PolyIG High,4.07471,0,CN2/unIGH High,4.07471,0,Favorable,Favorable
CHIPID1000123,11.19316,0,CN2/PolyIG High,11.19316,0,CN2/unIGH High,11.19316,0,Favorable,Favorable
CHIPID1000126,3.0404,0,CN≥3/PolyIG ALL,3.0404,0,CN≥3/unIGH ALL,3.0404,0,Adverse,Adverse
CHIPID1000131,14.48144,0,CN2/PolyIG High,14.48144,0,CN2/unIGH High,14.48144,0,Favorable,Favorable
CHIPID1000135,3.99947,0,CN2/PolyIG Low,3.99947,0,CN2/unIGH Low,3.99947,0,Intermediate,Intermediate
CHIPID1000138,13.19816,0,CN2/PolyIG High,13.19816,0,CN2/unIGH High,13.19816,0,Favorable,Favorable
CHIPID1000167,3.69084,1,CN2/PolyIG Low,3.69084,1,CN2/unIGH Low,3.69084,1,Intermediate,Intermediate
CHIPID1000170,4.59098,1,CN≥3/PolyIG ALL,4.59098,1,CN≥3/unIGH ALL,4.59098,1,Adverse,Adverse
CHIPID1000172,8.78596,0,CN2/PolyIG High,8.78596,0,CN2/unIGH Low,8.78596,0,Intermediate,Favorable
CHIPID1000183,0.64953,1,CN≥3/PolyIG ALL,0.64953,1,CN≥3/unIGH ALL,0.64953,1,Adverse,Adverse
CHIPID1000188,2.57671,0,CN≥3/PolyIG ALL,2.57671,0,CN≥3/unIGH ALL,2.57671,0,Adverse,Adverse
CHIPID1000189,3.12482,0,CN≥3/PolyIG ALL,3.12482,0,CN≥3/unIGH ALL,3.12482,0,Adverse,Adverse
CHIPID1000193,11.37916,1,CN2/PolyIG High,11.37916,1,CN2/unIGH Low,11.37916,1,Intermediate,Favorable
CHIPID1000199,2.36404,0,CN2/PolyIG High,2.36404,0,CN2/unIGH Low,2.36404,0,Intermediate,Favorable
CHIPID1000225,9.64569,1,CN2/PolyIG Low,9.64569,1,CN2/unIGH Low,9.64569,1,Intermediate,Intermediate
CHIPID1000229,1.17004,1,CN2/PolyIG Low,1.17004,1,CN2/unIGH Low,1.17004,1,Intermediate,Intermediate
CHIPID1000233,6.42737,0,CN2/PolyIG Low,6.42737,0,CN2/unIGH Low,6.42737,0,Intermediate,Intermediate
CHIPID1000234,2.25852,0,CN2/PolyIG Low,2.25852,0,CN2/unIGH Low,2.25852,0,Intermediate,Intermediate
CHIPID1000238,1.55144,0,CN2/PolyIG Low,1.55144,0,CN2/unIGH Low,1.55144,0,Intermediate,Intermediate
CHIPID1000239,0.81132,1,CN≥3/PolyIG ALL,0.81132,1,CN≥3/unIGH ALL,0.81132,1,Adverse,Adverse
CHIPID1000245,5.8437,1,CN2/PolyIG High,5.8437,1,CN2/unIGH Low,5.8437,1,Intermediate,Favorable
CHIPID1000253,8.05435,0,CN2/PolyIG High,8.05435,0,CN2/unIGH Low,8.05435,0,Intermediate,Favorable
CHIPID1000254,14.89569,0,CN2/PolyIG High,14.89569,0,CN2/unIGH High,14.89569,0,Favorable,Favorable
CHIPID1000263,0.61207,1,CN≥3/PolyIG ALL,0.61207,1,CN≥3/unIGH ALL,0.61207,1,Adverse,Adverse
CHIPID1000265,10.43391,0,CN2/PolyIG Low,10.43391,0,CN2/unIGH Low,10.43391,0,Intermediate,Intermediate
CHIPID1000267,6.81642,1,CN2/PolyIG High,6.81642,1,CN2/unIGH Low,6.81642,1,Intermediate,Favorable
CHIPID1000280,1.96813,0,CN≥3/PolyIG ALL,1.96813,0,CN≥3/unIGH ALL,1.96813,0,Adverse,Adverse
CHIPID1000285,13.00588,0,CN2/PolyIG High,13.00588,0,CN2/unIGH High,13.00588,0,Favorable,Favorable
CHIPID1000288,3.25877,1,CN≥3/PolyIG ALL,3.25877,1,CN≥3/unIGH ALL,3.25877,1,Adverse,Adverse
CHIPID1000289,3.65102,1,CN≥3/PolyIG ALL,3.65102,1,CN≥3/unIGH ALL,3.65102,1,Adverse,Adverse
CHIPID1000292,2.80907,1,CN2/PolyIG Low,2.80907,1,CN2/unIGH Low,2.80907,1,Intermediate,Intermediate
CHIPID1000293,5.16166,1,CN2/PolyIG High,5.16166,1,CN2/unIGH Low,5.16166,1,Intermediate,Favorable
CHIPID1000296,2.47205,0,CN≥3/PolyIG ALL,2.47205,0,CN≥3/unIGH ALL,2.47205,0,Adverse,Adverse
CHIPID1000304,7.53867,0,CN2/PolyIG Low,7.53867,0,CN2/unIGH Low,7.53867,0,Intermediate,Intermediate
CHIPID1000305,3.70076,1,CN≥3/PolyIG ALL,3.70076,1,CN≥3/unIGH ALL,3.70076,1,Adverse,Adverse
CHIPID1000307,8.10008,0,CN2/PolyIG High,8.10008,0,CN2/unIGH Low,8.10008,0,Intermediate,Favorable
CHIPID1000316,4.63157,1,CN≥3/PolyIG ALL,4.63157,1,CN≥3/unIGH ALL,4.63157,1,Adverse,Adverse
CHIPID1000319,13.45905,0,CN2/PolyIG Low,13.45905,0,CN2/unIGH Low,13.45905,0,Intermediate,Intermediate
CHIPID1000327,1.11057,0,CN2/PolyIG High,1.11057,0,CN2/unIGH High,1.11057,0,Favorable,Favorable
CHIPID1000328,1.40339,1,CN≥3/PolyIG ALL,1.40339,1,CN≥3/unIGH ALL,1.40339,1,Adverse,Adverse
CHIPID1000339,4.37907,0,CN2/PolyIG Low,4.37907,0,CN2/unIGH Low,4.37907,0,Intermediate,Intermediate
CHIPID1000345,3.14078,1,CN≥3/PolyIG ALL,3.14078,1,CN≥3/unIGH ALL,3.14078,1,Adverse,Adverse
CHIPID1000350,12.90221,0,CN2/PolyIG High,12.90221,0,CN2/unIGH Low,12.90221,0,Intermediate,Favorable
CHIPID1000353,2.86082,1,CN2/PolyIG High,2.86082,1,CN2/unIGH High,2.86082,1,Favorable,Favorable
CHIPID1000357,10.13892,0,CN2/PolyIG High,10.13892,0,CN2/unIGH High,10.13892,0,Favorable,Favorable
CHIPID1000363,3.06679,1,CN2/PolyIG High,3.06679,1,CN2/unIGH Low,3.06679,1,Intermediate,Favorable
CHIPID1000365,2.55252,1,CN2/PolyIG High,2.55252,1,CN2/unIGH Low,2.55252,1,Intermediate,Favorable
CHIPID1000369,2.63336,0,CN≥3/PolyIG ALL,2.63336,0,CN≥3/unIGH ALL,2.63336,0,Adverse,Adverse
CHIPID1000376,4.24835,1,CN≥3/PolyIG ALL,4.24835,1,CN≥3/unIGH ALL,4.24835,1,Adverse,Adverse
CHIPID1000389,0.61734,1,CN2/PolyIG Low,0.61734,1,CN2/unIGH Low,0.61734,1,Intermediate,Intermediate
CHIPID1000401,9.28807,0,CN≥3/PolyIG ALL,9.28807,0,CN≥3/unIGH ALL,9.28807,0,Adverse,Adverse
CHIPID1000402,9.82739,0,CN2/PolyIG High,9.82739,0,CN2/unIGH High,9.82739,0,Favorable,Favorable
CHIPID1000407,0.72564,0,CN2/PolyIG Low,0.72564,0,CN2/unIGH Low,0.72564,0,Intermediate,Intermediate
CHIPID1000410,5.75412,0,CN2/PolyIG High,5.75412,0,CN2/unIGH High,5.75412,0,Favorable,Favorable
CHIPID1000415,5.75665,0,CN≥3/PolyIG ALL,5.75665,0,CN≥3/unIGH ALL,5.75665,0,Adverse,Adverse
CHIPID1000424,0.97462,0,CN2/PolyIG High,0.97462,0,CN2/unIGH Low,0.97462,0,Intermediate,Favorable
CHIPID1000425,1.73101,1,CN2/PolyIG Low,1.73101,1,CN2/unIGH Low,1.73101,1,Intermediate,Intermediate
CHIPID1000427,3.50534,1,CN≥3/PolyIG ALL,3.50534,1,CN≥3/unIGH ALL,3.50534,1,Adverse,Adverse
CHIPID1000428,14.0379,0,CN≥3/PolyIG ALL,14.0379,0,CN≥3/unIGH ALL,14.0379,0,Adverse,Adverse
CHIPID1000432,1.27666,0,CN2/PolyIG High,1.27666,0,CN2/unIGH Low,1.27666,0,Intermediate,Favorable
CHIPID1000434,0.78433,1,CN≥3/PolyIG ALL,0.78433,1,CN≥3/unIGH ALL,0.78433,1,Adverse,Adverse
CHIPID1000443,10.18441,0,CN2/PolyIG High,10.18441,0,CN2/unIGH Low,10.18441,0,Intermediate,Favorable
CHIPID1000444,0.87298,1,CN≥3/PolyIG ALL,0.87298,1,CN≥3/unIGH ALL,0.87298,1,Adverse,Adverse
CHIPID1000451,0.90612,1,CN≥3/PolyIG ALL,0.90612,1,CN≥3/unIGH ALL,0.90612,1,Adverse,Adverse
CHIPID1000457,11.00652,0,CN≥3/PolyIG ALL,11.00652,0,CN≥3/unIGH ALL,11.00652,0,Adverse,Adverse
CHIPID1000460,3.46555,0,CN2/PolyIG High,3.46555,0,CN2/unIGH High,3.46555,0,Favorable,Favorable
CHIPID1000461,2.49567,1,CN≥3/PolyIG ALL,2.49567,1,CN≥3/unIGH ALL,2.49567,1,Adverse,Adverse
CHIPID1000468,5.74631,0,CN≥3/PolyIG ALL,5.74631,0,CN≥3/unIGH ALL,5.74631,0,Adverse,Adverse
CHIPID1000476,3.03091,1,CN2/PolyIG High,3.03091,1,CN2/unIGH Low,3.03091,1,Intermediate,Favorable
CHIPID1000479,12.01147,0,CN≥3/PolyIG ALL,12.01147,0,CN≥3/unIGH ALL,12.01147,0,Adverse,Adverse
CHIPID1000486,1.05278,0,CN2/PolyIG High,1.05278,0,CN2/unIGH Low,1.05278,0,Intermediate,Favorable
CHIPID1000490,4.67732,0,CN2/PolyIG Low,4.67732,0,CN2/unIGH Low,4.67732,0,Intermediate,Intermediate
CHIPID1000493,8.26469,1,CN≥3/PolyIG ALL,8.26469,1,CN≥3/unIGH ALL,8.26469,1,Adverse,Adverse
CHIPID1000495,6.94114,0,CN≥3/PolyIG ALL,6.94114,0,CN≥3/unIGH ALL,6.94114,0,Adverse,Adverse
CHIPID1000496,3.062,1,CN≥3/PolyIG ALL,3.062,1,CN≥3/unIGH ALL,3.062,1,Adverse,Adverse
CHIPID1000498,15.14255,0,CN2/PolyIG High,15.14255,0,CN2/unIGH High,15.14255,0,Favorable,Favorable
CHIPID1000504,7.76308,0,CN2/PolyIG High,7.76308,0,CN2/unIGH Low,7.76308,0,Intermediate,Favorable
CHIPID1000507,3.17174,0,CN≥3/PolyIG ALL,3.17174,0,CN≥3/unIGH ALL,3.17174,0,Adverse,Adverse
CHIPID1000521,7.50944,0,CN≥3/PolyIG ALL,7.50944,0,CN≥3/unIGH ALL,7.50944,0,Adverse,Adverse
CHIPID1000524,2.22321,1,CN2/PolyIG Low,2.22321,1,CN2/unIGH Low,2.22321,1,Intermediate,Intermediate
CHIPID1000525,4.00594,0,CN≥3/PolyIG ALL,4.00594,0,CN≥3/unIGH ALL,4.00594,0,Adverse,Adverse
CHIPID1000527,0.9203,1,CN2/PolyIG Low,0.9203,1,CN2/unIGH Low,0.9203,1,Intermediate,Intermediate
CHIPID1000535,3.31627,0,CN≥3/PolyIG ALL,3.31627,0,CN≥3/unIGH ALL,3.31627,0,Adverse,Adverse
CHIPID1000540,5.87221,1,CN2/PolyIG Low,5.87221,1,CN2/unIGH Low,5.87221,1,Intermediate,Intermediate
CHIPID1000541,13.442,0,CN2/PolyIG High,13.442,0,CN2/unIGH High,13.442,0,Favorable,Favorable
CHIPID1000544,0.1,1,CN≥3/PolyIG ALL,0.1,1,CN≥3/unIGH ALL,0.1,1,Adverse,Adverse
CHIPID1000553,5.55848,0,CN2/PolyIG High,5.55848,0,CN2/unIGH High,5.55848,0,Favorable,Favorable
CHIPID1000557,11.3275,0,CN≥3/PolyIG ALL,11.3275,0,CN≥3/unIGH ALL,11.3275,0,Adverse,Adverse
CHIPID1000559,9.94786,0,CN≥3/PolyIG ALL,9.94786,0,CN≥3/unIGH ALL,9.94786,0,Adverse,Adverse
CHIPID1000562,1.27551,0,CN2/PolyIG High,1.27551,0,CN2/unIGH High,1.27551,0,Favorable,Favorable
CHIPID1000563,7.13023,0,CN≥3/PolyIG ALL,7.13023,0,CN≥3/unIGH ALL,7.13023,0,Adverse,Adverse
CHIPID1000567,4.25663,1,CN2/PolyIG Low,4.25663,1,CN2/unIGH Low,4.25663,1,Intermediate,Intermediate
CHIPID1000568,2.38949,1,CN≥3/PolyIG ALL,2.38949,1,CN≥3/unIGH ALL,2.38949,1,Adverse,Adverse
CHIPID1000569,7.77479,1,CN≥3/PolyIG ALL,7.77479,1,CN≥3/unIGH ALL,7.77479,1,Adverse,Adverse
