CHIPID,TT_Protocol,FISH1qCopies,FISH1q_Group,unIGH_ARD,unIGH_ARD_Group,GEP70,Group,Time_Years,Event,Endpoint
CHIPID1000000,TT4_S-TT3,2,1q2,0.29993,High,0.45219,1q2/unIGH High,6.10601,1,TTP
CHIPID1000013,TT4_S-TT3,2,1q2,0.11691,Low,0.39175,1q2/unIGH Low,5.21643,0,TTP
CHIPID1000014,TT3b,3,1q≥3,0.29431,High,0.36255,1q≥3/unIGH High,5.39704,0,TTP
CHIPID1000024,TT3b,3,1q≥3,0.22074,Low,0.54464,1q≥3/unIGH Low,0.84884,1,TTP
CHIPID1000028,TT4_S-TT3,4,1q≥3,0.12267,Low,0.29552,1q≥3/unIGH Low,2.58342,1,TTP
CHIPID1000031,TT3a,3,1q≥3,0.32328,High,0.25466,1q≥3/unIGH High,0.41548,0,TTP
CHIPID1000036,TT3a,2,1q2,0.39821,High,0.1523,1q2/unIGH High,3.43896,0,TTP
CHIPID1000043,TT3a,2,1q2,0.30672,High,0.20053,1q2/unIGH High,6.90138,0,TTP
CHIPID1000049,TT3b,2,1q2,0.27792,Low,0.54176,1q2/unIGH Low,4.8124,0,TTP
CHIPID1000056,TT4_S-TT3,3,1q≥3,0.04821,Low,0.57383,1q≥3/unIGH Low,1.87774,0,TTP
CHIPID1000058,TT3a,2,1q2,0.17052,Low,0.54113,1q2/unIGH Low,0.51066,0,TTP
CHIPID1000059,TT3b,2,1q2,0.24351,Low,0.32578,1q2/unIGH Low,3.1256,0,TTP
CHIPID1000063,TT3b,2,1q2,0.23875,Low,0.39945,1q2/unIGH Low,3.8851,1,TTP
CHIPID1000065,TT4_S-TT3,2,1q2,0.2679,Low,0.52537,1q2/unIGH Low,13.88137,1,TTP
CHIPID1000069,TT3a,4,1q≥3,0.25355,Low,0.49563,1q≥3/unIGH Low,10.76318,1,TTP
CHIPID1000073,TT3b,3,1q≥3,0.32397,High,0.31913,1q≥3/unIGH High,10.37298,0,TTP
CHIPID1000075,TT4_S-TT3,4,1q≥3,0.31887,High,0.18603,1q≥3/unIGH High,0.96399,0,TTP
CHIPID1000080,TT3b,2,1q2,0.30709,High,0.24961,1q2/unIGH High,11.69501,0,TTP
CHIPID1000086,TT4_S-TT3,2,1q2,0.4065,High,0.53587,1q2/unIGH High,0.21286,1,TTP
CHIPID1000091,TT3a,2,1q2,0.46598,High,0.3643,1q2/unIGH High,1.3426,0,TTP
CHIPID1000093,TT3a,2,1q2,0.41844,High,0.2609,1q2/unIGH High,2.04658,0,TTP
CHIPID1000094,TT4_S-TT3,4,1q≥3,0.2052,Low,0.18324,1q≥3/unIGH Low,1.25816,1,TTP
CHIPID1000095,TT3a,2,1q2,0.25688,Low,0.16895,1q2/unIGH Low,0.73426,1,TTP
CHIPID1000111,TT4_S-TT3,4,1q≥3,0.27688,Low,0.59237,1q≥3/unIGH Low,11.72848,0,TTP
CHIPID1000116,TT3b,3,1q≥3,0.22993,Low,0.40139,1q≥3/unIGH Low,2.61017,1,TTP
CHIPID1000119,TT3a,2,1q2,0.14659,Low,0.1448,1q2/unIGH Low,4.26725,0,TTP
CHIPID1000120,TT4_S-TT3,2,1q2,0.3173,High,0.56265,1q2/unIGH High,5.96212,0,TTP
CHIPID1000121,TT4_S-TT3,2,1q2,0.33022,High,0.38113,1q2/unIGH High,4.07471,0,TTP
CHIPID1000123,TT3b,2,1q2,0.368,High,0.23782,1q2/unIGH High,11.19316,0,TTP
CHIPID1000126,TT3a,3,1q≥3,0.29733,High,0.42065,1q≥3/unIGH High,3.0404,0,TTP
CHIPID1000131,TT3b,2,1q2,0.3543,High,0.14959,1q2/unIGH High,14.48144,0,TTP
CHIPID1000135,TT4_S-TT3,2,1q2,0.09102,Low,0.27577,1q2/unIGH Low,3.99947,0,TTP
CHIPID1000138,TT4_S-TT3,2,1q2,0.30333,High,0.44038,1q2/unIGH High,13.19816,0,TTP
CHIPID1000167,TT3a,2,1q2,0.23533,Low,0.45193,1q2/unIGH Low,3.69084,1,TTP
CHIPID1000170,TT4_S-TT3,3,1q≥3,0.27852,Low,0.20244,1q≥3/unIGH Low,4.59098,1,TTP
CHIPID1000172,TT4_S-TT3,2,1q2,0.2506,Low,0.17592,1q2/unIGH Low,8.78596,0,TTP
CHIPID1000183,TT4_S-TT3,4,1q≥3,0.07079,Low,0.20831,1q≥3/unIGH Low,0.64953,1,TTP
CHIPID1000188,TT3a,3,1q≥3,0.14133,Low,0.37479,1q≥3/unIGH Low,2.57671,0,TTP
CHIPID1000189,TT3b,4,1q≥3,0.28064,Low,0.26315,1q≥3/unIGH Low,3.12482,0,TTP
CHIPID1000193,TT3b,2,1q2,0.25259,Low,0.42606,1q2/unIGH Low,11.37916,1,TTP
CHIPID1000199,TT4_S-TT3,2,1q2,0.26012,Low,0.4954,1q2/unIGH Low,2.36404,0,TTP
CHIPID1000225,TT3a,2,1q2,0.22207,Low,0.46829,1q2/unIGH Low,9.64569,1,TTP
CHIPID1000229,TT3a,2,1q2,0.21644,Low,0.24466,1q2/unIGH Low,1.17004,1,TTP
CHIPID1000233,TT3b,2,1q2,0.1478,Low,0.49982,1q2/unIGH Low,6.42737,0,TTP
CHIPID1000234,TT4_S-TT3,2,1q2,0.17735,Low,0.38585,1q2/unIGH Low,2.25852,0,TTP
CHIPID1000238,TT3a,2,1q2,0.19061,Low,0.5316,1q2/unIGH Low,1.55144,0,TTP
CHIPID1000239,TT3a,3,1q≥3,0.30889,High,0.35353,1q≥3/unIGH High,0.81132,1,TTP
CHIPID1000245,TT3a,2,1q2,0.28226,Low,0.4095,1q2/unIGH Low,5.8437,1,TTP
CHIPID1000253,TT4_S-TT3,2,1q2,0.25447,Low,0.57461,1q2/unIGH Low,8.05435,0,TTP
CHIPID1000254,TT4_S-TT3,2,1q2,0.34107,High,0.31158,1q2/unIGH High,14.89569,0,TTP
CHIPID1000263,TT4_S-TT3,3,1q≥3,0.10976,Low,0.50894,1q≥3/unIGH Low,0.61207,1,TTP
CHIPID1000265,TT4_S-TT3,2,1q2,0.22636,Low,0.29481,1q2/unIGH Low,10.43391,0,TTP
CHIPID1000267,TT3a,2,1q2,0.24962,Low,0.14919,1q2/unIGH Low,6.81642,1,TTP
CHIPID1000280,TT3b,3,1q≥3,0.22247,Low,0.5537,1q≥3/unIGH Low,1.96813,0,TTP
CHIPID1000285,TT3b,2,1q2,0.31015,High,0.19317,1q2/unIGH High,13.00588,0,TTP
CHIPID1000288,TT3b,3,1q≥3,0.14259,Low,0.2763,1q≥3/unIGH Low,3.25877,1,TTP
CHIPID1000289,TT4_S-TT3,4,1q≥3,0.18865,Low,0.3022,1q≥3/unIGH Low,3.65102,1,TTP
CHIPID1000292,TT3a,2,1q2,0.17835,Low,0.16213,1q2/unIGH Low,2.80907,1,TTP
CHIPID1000293,TT3b,2,1q2,0.24085,Low,0.43573,1q2/unIGH Low,5.16166,1,TTP
CHIPID1000296,TT3b,3,1q≥3,0.40464,High,0.19129,1q≥3/unIGH High,2.47205,0,TTP
CHIPID1000304,TT3b,2,1q2,0.16763,Low,0.17473,1q2/unIGH Low,7.53867,0,TTP
CHIPID1000305,TT3a,3,1q≥3,0.07758,Low,0.41428,1q≥3/unIGH Low,3.70076,1,TTP
CHIPID1000307,TT3a,2,1q2,0.27233,Low,0.5231,1q2/unIGH Low,8.10008,0,TTP
CHIPID1000316,TT4_S-TT3,3,1q≥3,0.20658,Low,0.32918,1q≥3/unIGH Low,4.63157,1,TTP
CHIPID1000319,TT4_S-TT3,2,1q2,0.15362,Low,0.42755,1q2/unIGH Low,13.45905,0,TTP
CHIPID1000327,TT3b,2,1q2,0.35573,High,0.57761,1q2/unIGH High,1.11057,0,TTP
CHIPID1000328,TT3a,3,1q≥3,0.27437,Low,0.17999,1q≥3/unIGH Low,1.40339,1,TTP
CHIPID1000339,TT4_S-TT3,2,1q2,0.04,Low,0.35222,1q2/unIGH Low,4.37907,0,TTP
CHIPID1000345,TT3b,3,1q≥3,0.19985,Low,0.53437,1q≥3/unIGH Low,3.14078,1,TTP
CHIPID1000350,TT4_S-TT3,2,1q2,0.25538,Low,0.55319,1q2/unIGH Low,12.90221,0,TTP
CHIPID1000353,TT3a,2,1q2,0.31282,High,0.16986,1q2/unIGH High,2.86082,1,TTP
CHIPID1000357,TT3b,2,1q2,0.31931,High,0.17506,1q2/unIGH High,10.13892,0,TTP
CHIPID1000363,TT3b,2,1q2,0.27098,Low,0.24425,1q2/unIGH Low,3.06679,1,TTP
CHIPID1000365,TT3b,2,1q2,0.27028,Low,0.59535,1q2/unIGH Low,2.55252,1,TTP
CHIPID1000369,TT3b,4,1q≥3,0.2399,Low,0.41087,1q≥3/unIGH Low,2.63336,0,TTP
CHIPID1000376,TT4_S-TT3,4,1q≥3,0.17078,Low,0.48441,1q≥3/unIGH Low,4.24835,1,TTP
CHIPID1000389,TT3a,2,1q2,0.16642,Low,0.50501,1q2/unIGH Low,0.61734,1,TTP
CHIPID1000401,TT4_S-TT3,3,1q≥3,0.26074,Low,0.56383,1q≥3/unIGH Low,9.28807,0,TTP
CHIPID1000402,TT4_S-TT3,2,1q2,0.32273,High,0.58152,1q2/unIGH High,9.82739,0,TTP
CHIPID1000407,TT4_S-TT3,2,1q2,0.23108,Low,0.16029,1q2/unIGH Low,0.72564,0,TTP
CHIPID1000410,TT4_S-TT3,2,1q2,0.32374000000000003,High,0.36454,1q2/unIGH High,5.75412,0,TTP
CHIPID1000415,TT4_S-TT3,3,1q≥3,0.20277,Low,0.27248,1q≥3/unIGH Low,5.75665,0,TTP
CHIPID1000424,TT3b,2,1q2,0.26825,Low,0.18706,1q2/unIGH Low,0.97462,0,TTP
CHIPID1000425,TT4_S-TT3,2,1q2,0.09125,Low,0.13763,1q2/unIGH Low,1.73101,1,TTP
CHIPID1000427,TT3a,3,1q≥3,0.23987,Low,0.52878,1q≥3/unIGH Low,3.50534,1,TTP
CHIPID1000428,TT3a,3,1q≥3,0.24918,Low,0.16083,1q≥3/unIGH Low,14.0379,0,TTP
CHIPID1000432,TT4_S-TT3,2,1q2,0.27835,Low,0.5714,1q2/unIGH Low,1.27666,0,TTP
CHIPID1000434,TT3a,3,1q≥3,0.37118,High,0.45362,1q≥3/unIGH High,0.78433,1,TTP
CHIPID1000443,TT4_S-TT3,2,1q2,0.26563,Low,0.33099,1q2/unIGH Low,10.18441,0,TTP
CHIPID1000444,TT3b,3,1q≥3,0.13549,Low,0.21764,1q≥3/unIGH Low,0.87298,1,TTP
CHIPID1000451,TT4_S-TT3,3,1q≥3,0.24149,Low,0.35933,1q≥3/unIGH Low,0.90612,1,TTP
CHIPID1000457,TT4_S-TT3,3,1q≥3,0.29491,High,0.53018,1q≥3/unIGH High,11.00652,0,TTP
CHIPID1000460,TT3a,2,1q2,0.4119,High,0.16851,1q2/unIGH High,3.46555,0,TTP
CHIPID1000461,TT3a,4,1q≥3,0.0447,Low,0.29138,1q≥3/unIGH Low,2.49567,1,TTP
CHIPID1000468,TT3b,3,1q≥3,0.13389,Low,0.5006,1q≥3/unIGH Low,5.74631,0,TTP
CHIPID1000476,TT3b,2,1q2,0.25582,Low,0.34814,1q2/unIGH Low,3.03091,1,TTP
CHIPID1000479,TT3b,3,1q≥3,0.23707,Low,0.50434,1q≥3/unIGH Low,12.01147,0,TTP
CHIPID1000486,TT3b,2,1q2,0.24334,Low,0.57466,1q2/unIGH Low,1.05278,0,TTP
CHIPID1000490,TT4_S-TT3,2,1q2,0.20936,Low,0.4129,1q2/unIGH Low,4.67732,0,TTP
CHIPID1000493,TT3a,4,1q≥3,0.28664,Low,0.16023,1q≥3/unIGH Low,8.26469,1,TTP
CHIPID1000495,TT3b,3,1q≥3,0.27684,Low,0.29677,1q≥3/unIGH Low,6.94114,0,TTP
CHIPID1000496,TT4_S-TT3,3,1q≥3,0.10313,Low,0.34298,1q≥3/unIGH Low,3.062,1,TTP
CHIPID1000498,TT3b,2,1q2,0.45652,High,0.22782,1q2/unIGH High,15.14255,0,TTP
CHIPID1000504,TT3a,2,1q2,0.26811,Low,0.41944,1q2/unIGH Low,7.76308,0,TTP
CHIPID1000507,TT4_S-TT3,3,1q≥3,0.33901,High,0.21837,1q≥3/unIGH High,3.17174,0,TTP
CHIPID1000521,TT4_S-TT3,3,1q≥3,0.19877,Low,0.21495,1q≥3/unIGH Low,7.50944,0,TTP
CHIPID1000524,TT3a,2,1q2,0.16688,Low,0.54722,1q2/unIGH Low,2.22321,1,TTP
CHIPID1000525,TT4_S-TT3,3,1q≥3,0.39386,High,0.52841,1q≥3/unIGH High,4.00594,0,TTP
CHIPID1000527,TT3a,2,1q2,0.1693,Low,0.57647,1q2/unIGH Low,0.9203,1,TTP
CHIPID1000535,TT4_S-TT3,3,1q≥3,0.35906,High,0.24471,1q≥3/unIGH High,3.31627,0,TTP
CHIPID1000540,TT3b,2,1q2,0.21789,Low,0.33008,1q2/unIGH Low,5.87221,1,TTP
CHIPID1000541,TT3a,2,1q2,0.29783,High,0.21963,1q2/unIGH High,13.442,0,TTP
CHIPID1000544,TT3a,3,1q≥3,0.15615,Low,0.14638,1q≥3/unIGH Low,0.1,1,TTP
CHIPID1000553,TT3b,2,1q2,0.30274,High,0.20161,1q2/unIGH High,5.55848,0,TTP
CHIPID1000557,TT4_S-TT3,3,1q≥3,0.2686,Low,0.41341,1q≥3/unIGH Low,11.3275,0,TTP
CHIPID1000559,TT3b,3,1q≥3,0.29631,High,0.2154,1q≥3/unIGH High,9.94786,0,TTP
CHIPID1000562,TT3a,2,1q2,0.35117,High,0.37347,1q2/unIGH High,1.27551,0,TTP
CHIPID1000563,TT4_S-TT3,3,1q≥3,0.20098,Low,0.47174,1q≥3/unIGH Low,7.13023,0,TTP
CHIPID1000567,TT3b,2,1q2,0.1397,Low,0.26588,1q2/unIGH Low,4.25663,1,TTP
CHIPID1000568,TT3a,3,1q≥3,0.28547,Low,0.12013,1q≥3/unIGH Low,2.38949,1,TTP
CHIPID1000569,TT4_S-TT3,3,1q≥3,0.21919,Low,0.26468,1q≥3/unIGH Low,7.77479,1,TTP
