PHENOTYPE_ROWNAME,sample_group,GEP1qcopy_lasso,GEP1q_binary_lasso,PolyIG_Score,PolyIG_binary,GEP70,GEP70_binary,FISH_1q_num,FISH1q_binary,IG_ARD,IG_ARD_binary,MGUS_Binary
CHIPID3000000,RNAS_CD138_MGUS,1q3plus,1,12.420176451612903,1,0.27167,0,NA,NA,0.41646,NA,1
CHIPID3000001,RNAS_CD138_MGUS,1q2,0,11.265805806451613,1,0.25354,0,NA,NA,0.33569,NA,1
CHIPID3000003,RNAS_CD138_MGUS,1q2,0,10.937345806451614,0,0.27044,0,NA,NA,0.31569,NA,1
CHIPID3000004,RNAS_CD138_MGUS,1q2,0,12.109316129032258,1,0.08451,0,NA,NA,0.39872,NA,1
CHIPID3000005,RNAS_CD138_MGUS,1q2,0,11.867419032258065,1,0.26926,0,NA,NA,0.37521,NA,1
CHIPID3000006,RNAS_CD138_MGUS,1q2,0,11.382447096774193,1,0.18096,0,NA,NA,0.35958,NA,1
CHIPID3000007,RNAS_CD138_MGUS,1q2,0,12.53547,1,0.09513,0,NA,NA,0.42249,NA,1
CHIPID3000010,RNAS_CD138_MGUS,1q2,0,12.240262580645162,1,0.16157,0,NA,NA,0.40703,NA,1
CHIPID3000012,RNAS_CD138_MGUS,1q2,0,11.62910064516129,1,0.19894,0,NA,NA,0.3701,NA,1
CHIPID3000014,RNAS_CD138_MGUS,1q2,0,11.226061612903226,1,0.17835,0,NA,NA,0.34898,NA,1
CHIPID3000015,RNAS_CD138_MGUS,1q2,0,11.732328387096775,1,0.10484,0,NA,NA,0.37238,NA,1
CHIPID3000018,RNAS_CD138_MGUS,1q2,0,11.002298064516129,1,0.05124,0,NA,NA,0.33229,NA,1
CHIPID3000019,RNAS_CD138_MGUS,1q2,0,13.54849064516129,1,0.1064,0,NA,NA,0.4838,NA,1
CHIPID3000020,RNAS_CD138_MGUS,1q2,0,12.314785483870967,1,0.19738,0,NA,NA,0.4036,NA,1
CHIPID3000022,RNAS_CD138_MGUS,1q2,0,11.186914838709678,1,0.28851,0,NA,NA,0.34464,NA,1
CHIPID3000023,RNAS_CD138_MGUS,1q2,0,11.80541258064516,1,0.08537,0,NA,NA,0.38403,NA,1
CHIPID3000026,RNAS_CD138_MGUS,1q2,0,12.707624516129032,1,0.05521,0,NA,NA,0.43332,NA,1
CHIPID3000028,RNAS_CD138_MGUS,1q2,0,12.556815483870968,1,0.05323,0,NA,NA,0.43064,NA,1
CHIPID3000029,RNAS_CD138_MGUS,1q2,0,11.284019677419355,1,0.17208,0,NA,NA,0.34457,NA,1
CHIPID3000030,RNAS_CD138_MGUS,1q2,0,11.606376774193548,1,0.11266,0,NA,NA,0.3649,NA,1
CHIPID3000031,RNAS_CD138_MGUS,1q2,0,11.017342258064517,1,0.11809,0,NA,NA,0.32784,NA,1
CHIPID3000035,RNAS_CD138_MGUS,1q2,0,10.958375806451613,0,0.07132,0,NA,NA,0.32023,NA,1
CHIPID3000036,RNAS_CD138_MGUS,1q2,0,12.993086129032259,1,0.28987,0,NA,NA,0.44758,NA,1
CHIPID3000037,RNAS_CD138_MGUS,1q2,0,11.341724516129032,1,0.24768,0,NA,NA,0.35355,NA,1
CHIPID3000039,RNAS_CD138_MGUS,1q2,0,13.525656451612903,1,0.09671,0,NA,NA,0.48698,NA,1
CHIPID3000040,RNAS_CD138_MGUS,1q2,0,11.07621,1,0.27827,0,NA,NA,0.32792,NA,1
CHIPID3000044,RNAS_CD138_MGUS,1q2,0,10.688695161290322,0,0.29359,0,NA,NA,0.30902,NA,1
CHIPID3000045,RNAS_CD138_MGUS,1q2,0,12.274190322580646,1,0.08062,0,NA,NA,0.40878,NA,1
CHIPID3000046,RNAS_CD138_MGUS,1q2,0,12.466014516129032,1,0.0836,0,NA,NA,0.41524,NA,1
CHIPID3000047,RNAS_CD138_MGUS,1q2,0,12.346665161290323,1,0.21792,0,NA,NA,0.40729,NA,1
CHIPID3000048,RNAS_CD138_MGUS,1q2,0,12.492185806451614,1,0.08142,0,NA,NA,0.42078,NA,1
CHIPID3000049,RNAS_CD138_MGUS,1q2,0,13.006141612903226,1,0.24587,0,NA,NA,0.45454,NA,1
CHIPID3000051,RNAS_CD138_MGUS,1q2,0,11.580641935483872,1,0.19097,0,NA,NA,0.36705,NA,1
CHIPID3000056,RNAS_CD138_MGUS,1q2,0,11.875455806451614,1,0.07467,0,NA,NA,0.38162,NA,1
CHIPID3000057,RNAS_CD138_MGUS,1q2,0,13.84322,1,0.21758,0,NA,NA,0.50108,NA,1
CHIPID3000058,RNAS_CD138_MGUS,1q2,0,12.717198709677419,1,0.20078,0,NA,NA,0.43376,NA,1
CHIPID3000060,RNAS_CD138_MGUS,1q2,0,13.065686129032258,1,0.22469,0,NA,NA,0.45809,NA,1
CHIPID3000066,RNAS_CD138_MGUS,1q2,0,12.06225935483871,1,0.17213,0,NA,NA,0.39235,NA,1
CHIPID3000073,RNAS_CD138_MGUS,1q2,0,10.990239677419355,0,0.28038,0,NA,NA,0.32449,NA,1
CHIPID3000074,RNAS_CD138_MGUS,1q2,0,11.098063225806452,1,0.1841,0,NA,NA,0.33447,NA,1
CHIPID3000075,RNAS_CD138_MGUS,1q2,0,12.335278387096775,1,0.09265,0,NA,NA,0.41246,NA,1
CHIPID3000079,RNAS_CD138_MGUS,1q2,0,11.369644193548387,1,0.09553,0,NA,NA,0.35473,NA,1
CHIPID3000082,RNAS_CD138_MGUS,1q2,0,13.486982258064517,1,0.22655,0,NA,NA,0.47958,NA,1
CHIPID3000085,RNAS_CD138_MGUS,1q2,0,13.211633548387097,1,0.05262,0,NA,NA,0.46121,NA,1
CHIPID3000088,RNAS_CD138_MGUS,1q2,0,10.685741935483872,0,0.09231,0,NA,NA,0.3037,NA,1
CHIPID1000000,RNAS_CD138_NDMM,1q2,0,11.635149032258065,1,0.45219,0,2,0,0.29993,1,0
CHIPID1000001,RNAS_CD138_NDMM,1q3plus,1,10.025276451612903,0,0.73032,1,3,1,0.13905,0,0
CHIPID1000002,RNAS_CD138_NDMM,1q3plus,1,11.68840870967742,1,0.15207,0,3,1,0.31696,1,0
CHIPID1000010,RNAS_CD138_NDMM,1q2,0,10.80697064516129,0,0.47308,0,2,0,0.22934,0,0
CHIPID1000011,RNAS_CD138_NDMM,1q3plus,1,10.915852258064517,0,0.75511,1,3,1,0.22946,0,0
CHIPID1000012,RNAS_CD138_NDMM,1q2,0,11.485863225806451,1,0.41128,0,2,0,0.29187,1,0
CHIPID1000013,RNAS_CD138_NDMM,1q2,0,9.680578064516128,0,0.39175,0,2,0,0.11691,0,0
CHIPID1000014,RNAS_CD138_NDMM,1q3plus,1,11.492147741935483,1,0.36255,0,3,1,0.29431,1,0
CHIPID1000015,RNAS_CD138_NDMM,1q3plus,1,10.294018387096774,0,0.8551,1,3,1,0.17292,0,0
CHIPID1000017,RNAS_CD138_NDMM,1q2,0,10.517885161290323,0,0.19756,0,2,0,0.20071,0,0
CHIPID1000018,RNAS_CD138_NDMM,1q3plus,1,11.86009,1,0.8558,1,3,1,0.32469,1,0
CHIPID1000019,RNAS_CD138_NDMM,1q2,0,9.605429032258064,0,0.41888,0,2,0,0.10006,0,0
CHIPID1000024,RNAS_CD138_NDMM,1q3plus,1,10.770782903225806,0,0.54464,0,3,1,0.22074,0,0
CHIPID1000025,RNAS_CD138_NDMM,1q2,0,12.020610645161291,1,0.86296,1,2,0,0.34808,1,0
CHIPID1000028,RNAS_CD138_NDMM,1q3plus,1,9.89126,0,0.29552,0,4,1,0.12267,0,0
CHIPID1000030,RNAS_CD138_NDMM,1q2,0,10.656670967741935,0,0.16549,0,2,0,0.21007,0,0
CHIPID1000031,RNAS_CD138_NDMM,1q3plus,1,11.715168387096774,1,0.25466,0,3,1,0.32328,1,0
CHIPID1000035,RNAS_CD138_NDMM,1q3plus,1,9.059640322580645,0,0.40067,0,3,1,0.04,0,0
CHIPID1000036,RNAS_CD138_NDMM,1q2,0,12.560085161290322,1,0.1523,0,2,0,0.39821,1,0
CHIPID1000039,RNAS_CD138_NDMM,1q2,0,9.729228064516128,0,0.33049,0,2,0,0.11631,0,0
CHIPID1000043,RNAS_CD138_NDMM,1q2,0,11.685213548387097,1,0.20053,0,2,0,0.30672,1,0
CHIPID1000045,RNAS_CD138_NDMM,1q2,0,10.850215806451613,0,0.32255,0,2,0,0.21355,0,0
CHIPID1000049,RNAS_CD138_NDMM,1q2,0,11.450076451612903,1,0.54176,0,2,0,0.27792,0,0
CHIPID1000053,RNAS_CD138_NDMM,1q3plus,1,11.156086451612904,1,0.28445,0,3,1,0.26134,0,0
CHIPID1000056,RNAS_CD138_NDMM,1q3plus,1,9.074751290322581,0,0.57383,0,3,1,0.04821,0,0
CHIPID1000058,RNAS_CD138_NDMM,1q2,0,10.31595129032258,0,0.54113,0,2,0,0.17052,0,0
CHIPID1000059,RNAS_CD138_NDMM,1q2,0,11.038999677419355,1,0.32578,0,2,0,0.24351,0,0
CHIPID1000060,RNAS_CD138_NDMM,1q2,0,12.897896774193548,1,0.12071,0,2,0,0.43538,1,0
CHIPID1000062,RNAS_CD138_NDMM,1q2,0,11.254418387096774,1,0.19392,0,2,0,0.2736,0,0
CHIPID1000063,RNAS_CD138_NDMM,1q2,0,11.007598387096774,1,0.39945,0,2,0,0.23875,0,0
CHIPID1000064,RNAS_CD138_NDMM,1q3plus,1,11.091828709677419,1,0.22375,0,3,1,0.25,0,0
CHIPID1000065,RNAS_CD138_NDMM,1q2,0,11.207121290322581,1,0.52537,0,2,0,0.2679,0,0
CHIPID1000066,RNAS_CD138_NDMM,1q2,0,9.337204838709678,0,0.56958,0,2,0,0.07776,0,0
CHIPID1000068,RNAS_CD138_NDMM,1q3plus,1,10.48970129032258,0,0.41437,0,3,1,0.18419,0,0
CHIPID1000069,RNAS_CD138_NDMM,1q3plus,1,11.10771806451613,1,0.49563,0,4,1,0.25355,0,0
CHIPID1000070,RNAS_CD138_NDMM,1q2,0,10.56308,0,0.74367,1,2,0,0.19528,0,0
CHIPID1000073,RNAS_CD138_NDMM,1q3plus,1,11.848626774193548,1,0.31913,0,3,1,0.32397,1,0
CHIPID1000075,RNAS_CD138_NDMM,1q3plus,1,11.728053548387097,1,0.18603,0,4,1,0.31887,1,0
CHIPID1000076,RNAS_CD138_NDMM,1q3plus,1,10.252255806451613,0,0.89341,1,3,1,0.16356,0,0
CHIPID1000079,RNAS_CD138_NDMM,1q3plus,1,12.105472903225806,1,0.84439,1,3,1,0.3564,1,0
CHIPID1000080,RNAS_CD138_NDMM,1q2,0,11.67721129032258,1,0.24961,0,2,0,0.30709,1,0
CHIPID1000081,RNAS_CD138_NDMM,1q3plus,1,9.446006774193549,0,0.53508,0,3,1,0.09392,0,0
CHIPID1000086,RNAS_CD138_NDMM,1q2,0,12.766176451612903,1,0.53587,0,2,0,0.4065,1,0
CHIPID1000089,RNAS_CD138_NDMM,1q2,0,9.832951612903226,0,0.17817,0,2,0,0.12845,0,0
CHIPID1000090,RNAS_CD138_NDMM,1q3plus,1,11.313519032258064,1,0.35648,0,3,1,0.27364,0,0
CHIPID1000091,RNAS_CD138_NDMM,1q2,0,13.228274193548387,1,0.3643,0,2,0,0.46598,1,0
CHIPID1000093,RNAS_CD138_NDMM,1q2,0,12.724364193548388,1,0.2609,0,2,0,0.41844,1,0
CHIPID1000094,RNAS_CD138_NDMM,1q3plus,1,10.69659806451613,0,0.18324,0,4,1,0.2052,0,0
CHIPID1000095,RNAS_CD138_NDMM,1q2,0,11.145583225806451,1,0.16895,0,2,0,0.25688,0,0
CHIPID1000099,RNAS_CD138_NDMM,1q3plus,1,11.639639677419355,1,0.18194,0,4,1,0.31348,1,0
CHIPID1000101,RNAS_CD138_NDMM,1q3plus,1,10.315321612903226,0,0.7404,1,3,1,0.18136,0,0
CHIPID1000103,RNAS_CD138_NDMM,1q3plus,1,11.645214516129032,1,0.53481,0,3,1,0.30714,1,0
CHIPID1000107,RNAS_CD138_NDMM,1q3plus,1,10.318561290322581,0,0.40016,0,3,1,0.17425,0,0
CHIPID1000109,RNAS_CD138_NDMM,1q2,0,10.015237096774193,0,0.57536,0,2,0,0.15125,0,0
CHIPID1000110,RNAS_CD138_NDMM,1q2,0,11.233367419354838,1,0.57255,0,2,0,0.2621,0,0
CHIPID1000111,RNAS_CD138_NDMM,1q3plus,1,11.459391612903225,1,0.59237,0,4,1,0.27688,0,0
CHIPID1000114,RNAS_CD138_NDMM,1q3plus,1,10.59737870967742,0,0.21073,0,3,1,0.20068,0,0
CHIPID1000116,RNAS_CD138_NDMM,1q3plus,1,10.957211612903226,0,0.40139,0,3,1,0.22993,0,0
CHIPID1000117,RNAS_CD138_NDMM,1q2,0,11.333588064516128,1,0.44554,0,2,0,0.27691,0,0
CHIPID1000118,RNAS_CD138_NDMM,1q3plus,1,11.188878064516128,1,0.48946,0,3,1,0.2486,0,0
CHIPID1000119,RNAS_CD138_NDMM,1q2,0,10.006063225806452,0,0.1448,0,2,0,0.14659,0,0
CHIPID1000120,RNAS_CD138_NDMM,1q2,0,11.692215161290322,1,0.56265,0,2,0,0.3173,1,0
CHIPID1000121,RNAS_CD138_NDMM,1q2,0,11.965777419354838,1,0.38113,0,2,0,0.33022,1,0
CHIPID1000123,RNAS_CD138_NDMM,1q2,0,12.310028064516128,1,0.23782,0,2,0,0.368,1,0
CHIPID1000126,RNAS_CD138_NDMM,1q3plus,1,11.564303225806452,1,0.42065,0,3,1,0.29733,1,0
CHIPID1000127,RNAS_CD138_NDMM,1q2,0,11.010133548387097,1,0.19662,0,2,0,0.23339,0,0
CHIPID1000131,RNAS_CD138_NDMM,1q2,0,12.103246451612904,1,0.14959,0,2,0,0.3543,1,0
CHIPID1000132,RNAS_CD138_NDMM,1q2,0,11.175299032258064,1,0.33475,0,2,0,0.25122,0,0
CHIPID1000134,RNAS_CD138_NDMM,1q3plus,1,11.071993870967741,1,0.70207,1,3,1,0.2533,0,0
CHIPID1000135,RNAS_CD138_NDMM,1q2,0,9.470931935483872,0,0.27577,0,2,0,0.09102,0,0
CHIPID1000138,RNAS_CD138_NDMM,1q2,0,11.57159129032258,1,0.44038,0,2,0,0.30333,1,0
CHIPID1000139,RNAS_CD138_NDMM,1q2,0,10.945949032258065,0,0.87125,1,2,0,0.2363,0,0
CHIPID1000146,RNAS_CD138_NDMM,1q2,0,9.103924838709677,0,0.84375,1,2,0,0.05192,0,0
CHIPID1000149,RNAS_CD138_NDMM,1q3plus,1,12.582515806451614,1,0.12641,0,3,1,0.39965,1,0
CHIPID1000152,RNAS_CD138_NDMM,1q2,0,11.270473870967741,1,0.46938,0,2,0,0.27457,0,0
CHIPID1000153,RNAS_CD138_NDMM,1q2,0,8.905833225806452,0,0.18946,0,2,0,0.04,0,0
CHIPID1000154,RNAS_CD138_NDMM,1q2,0,12.81270193548387,1,0.26075,0,2,0,0.43008,1,0
CHIPID1000159,RNAS_CD138_NDMM,1q3plus,1,10.268559677419354,0,0.43374,0,3,1,0.15967,0,0
CHIPID1000161,RNAS_CD138_NDMM,1q3plus,1,10.851612258064517,0,0.86317,1,3,1,0.22137,0,0
CHIPID1000167,RNAS_CD138_NDMM,1q2,0,10.962181290322581,0,0.45193,0,2,0,0.23533,0,0
CHIPID1000170,RNAS_CD138_NDMM,1q3plus,1,11.404888064516129,1,0.20244,0,3,1,0.27852,0,0
CHIPID1000172,RNAS_CD138_NDMM,1q2,0,11.050296451612903,1,0.17592,0,2,0,0.2506,0,0
CHIPID1000175,RNAS_CD138_NDMM,1q2,0,10.928668387096774,0,0.49058,0,2,0,0.23706,0,0
CHIPID1000177,RNAS_CD138_NDMM,1q3plus,1,9.291556451612903,0,0.83512,1,3,1,0.06201,0,0
CHIPID1000179,RNAS_CD138_NDMM,1q2,0,11.337865806451612,1,0.16389,0,2,0,0.26926,0,0
CHIPID1000183,RNAS_CD138_NDMM,1q3plus,1,9.453229677419355,0,0.20831,0,4,1,0.07079,0,0
CHIPID1000185,RNAS_CD138_NDMM,1q2,0,10.966337096774193,0,0.50643,0,2,0,0.24035,0,0
CHIPID1000186,RNAS_CD138_NDMM,1q2,0,11.285542580645162,1,0.36201,0,2,0,0.26892,0,0
CHIPID1000187,RNAS_CD138_NDMM,1q2,0,9.659079032258065,0,0.44998,0,2,0,0.10173,0,0
CHIPID1000188,RNAS_CD138_NDMM,1q3plus,1,10.04481677419355,0,0.37479,0,3,1,0.14133,0,0
CHIPID1000189,RNAS_CD138_NDMM,1q3plus,1,11.54191193548387,1,0.26315,0,4,1,0.28064,0,0
CHIPID1000193,RNAS_CD138_NDMM,1q2,0,11.174639032258064,1,0.42606,0,2,0,0.25259,0,0
CHIPID1000199,RNAS_CD138_NDMM,1q2,0,11.259360967741936,1,0.4954,0,2,0,0.26012,0,0
CHIPID1000205,RNAS_CD138_NDMM,1q2,0,11.477198387096774,1,0.82428,1,2,0,0.29161,1,0
CHIPID1000207,RNAS_CD138_NDMM,1q2,0,11.01555806451613,1,0.37673,0,2,0,0.25069,0,0
CHIPID1000208,RNAS_CD138_NDMM,1q2,0,10.382953870967741,0,0.3293,0,2,0,0.1754,0,0
CHIPID1000210,RNAS_CD138_NDMM,1q3plus,1,10.976475161290322,0,0.57712,0,3,1,0.23351,0,0
CHIPID1000218,RNAS_CD138_NDMM,1q2,0,11.680330322580645,1,0.29695,0,2,0,0.31,1,0
CHIPID1000219,RNAS_CD138_NDMM,1q3plus,1,10.768364193548388,0,0.79573,1,4,1,0.21585,0,0
CHIPID1000222,RNAS_CD138_NDMM,1q2,0,11.756168387096775,1,0.30978,0,2,0,0.3021,1,0
CHIPID1000224,RNAS_CD138_NDMM,1q2,0,11.482557419354839,1,0.87796,1,2,0,0.28945,0,0
CHIPID1000225,RNAS_CD138_NDMM,1q2,0,10.887851290322581,0,0.46829,0,2,0,0.22207,0,0
CHIPID1000226,RNAS_CD138_NDMM,1q3plus,1,10.407948387096774,0,0.2094,0,3,1,0.17641,0,0
CHIPID1000229,RNAS_CD138_NDMM,1q2,0,10.808080322580645,0,0.24466,0,2,0,0.21644,0,0
CHIPID1000233,RNAS_CD138_NDMM,1q2,0,10.066231935483872,0,0.49982,0,2,0,0.1478,0,0
CHIPID1000234,RNAS_CD138_NDMM,1q2,0,10.48969,0,0.38585,0,2,0,0.17735,0,0
CHIPID1000236,RNAS_CD138_NDMM,1q3plus,1,12.249286129032258,1,0.4307,0,3,1,0.37737,1,0
CHIPID1000237,RNAS_CD138_NDMM,1q2,0,11.058981935483871,1,0.39325,0,2,0,0.25216,0,0
CHIPID1000238,RNAS_CD138_NDMM,1q2,0,10.565289032258065,0,0.5316,0,2,0,0.19061,0,0
CHIPID1000239,RNAS_CD138_NDMM,1q3plus,1,11.747773548387096,1,0.35353,0,3,1,0.30889,1,0
CHIPID1000240,RNAS_CD138_NDMM,1q2,0,10.410813548387097,0,0.31136,0,2,0,0.1807,0,0
CHIPID1000243,RNAS_CD138_NDMM,1q3plus,1,10.98445,0,0.89941,1,4,1,0.23639,0,0
CHIPID1000245,RNAS_CD138_NDMM,1q2,0,11.44096806451613,1,0.4095,0,2,0,0.28226,0,0
CHIPID1000247,RNAS_CD138_NDMM,1q2,0,10.365364516129032,0,0.58477,0,2,0,0.18098,0,0
CHIPID1000248,RNAS_CD138_NDMM,1q3plus,1,12.176928387096774,1,0.41785,0,3,1,0.36161,1,0
CHIPID1000250,RNAS_CD138_NDMM,1q3plus,1,9.219745161290323,0,0.31193,0,4,1,0.07705,0,0
CHIPID1000253,RNAS_CD138_NDMM,1q2,0,11.027596129032258,1,0.57461,0,2,0,0.25447,0,0
CHIPID1000254,RNAS_CD138_NDMM,1q2,0,12.07896935483871,1,0.31158,0,2,0,0.34107,1,0
CHIPID1000255,RNAS_CD138_NDMM,1q3plus,1,12.725961612903225,1,0.55909,0,3,1,0.4037,1,0
CHIPID1000256,RNAS_CD138_NDMM,1q3plus,1,12.008531612903226,1,0.24467,0,3,1,0.3524,1,0
CHIPID1000258,RNAS_CD138_NDMM,1q3plus,1,11.608662580645161,1,0.31165,0,3,1,0.3022,1,0
CHIPID1000263,RNAS_CD138_NDMM,1q3plus,1,9.723500967741936,0,0.50894,0,3,1,0.10976,0,0
CHIPID1000265,RNAS_CD138_NDMM,1q2,0,10.88175,0,0.29481,0,2,0,0.22636,0,0
CHIPID1000267,RNAS_CD138_NDMM,1q2,0,11.143375483870967,1,0.14919,0,2,0,0.24962,0,0
CHIPID1000269,RNAS_CD138_NDMM,1q2,0,12.21192,1,0.30359,0,2,0,0.36709,1,0
CHIPID1000277,RNAS_CD138_NDMM,1q3plus,1,11.527323548387097,1,0.53873,0,3,1,0.29287,1,0
CHIPID1000280,RNAS_CD138_NDMM,1q3plus,1,10.917883548387097,0,0.5537,0,3,1,0.22247,0,0
CHIPID1000285,RNAS_CD138_NDMM,1q2,0,11.706840322580645,1,0.19317,0,2,0,0.31015,1,0
CHIPID1000286,RNAS_CD138_NDMM,1q3plus,1,10.270783548387097,0,0.56704,0,3,1,0.17815,0,0
CHIPID1000287,RNAS_CD138_NDMM,1q2,0,9.209109677419354,0,0.20602,0,2,0,0.05769,0,0
CHIPID1000288,RNAS_CD138_NDMM,1q3plus,1,10.064387419354839,0,0.2763,0,3,1,0.14259,0,0
CHIPID1000289,RNAS_CD138_NDMM,1q3plus,1,10.518388387096774,0,0.3022,0,4,1,0.18865,0,0
CHIPID1000290,RNAS_CD138_NDMM,1q2,0,10.937560645161291,0,0.1249,0,2,0,0.23157,0,0
CHIPID1000292,RNAS_CD138_NDMM,1q2,0,10.366820967741935,0,0.16213,0,2,0,0.17835,0,0
CHIPID1000293,RNAS_CD138_NDMM,1q2,0,11.130049032258064,1,0.43573,0,2,0,0.24085,0,0
CHIPID1000294,RNAS_CD138_NDMM,1q2,0,9.817536774193549,0,0.18502,0,2,0,0.12016,0,0
CHIPID1000296,RNAS_CD138_NDMM,1q3plus,1,12.610699032258065,1,0.19129,0,3,1,0.40464,1,0
CHIPID1000297,RNAS_CD138_NDMM,1q3plus,1,11.342370322580646,1,0.52108,0,3,1,0.2835,0,0
CHIPID1000299,RNAS_CD138_NDMM,1q3plus,1,10.73551,0,0.81021,1,3,1,0.21219,0,0
CHIPID1000300,RNAS_CD138_NDMM,1q2,0,11.317893870967742,1,0.18187,0,2,0,0.28095,0,0
CHIPID1000301,RNAS_CD138_NDMM,1q3plus,1,9.811237096774194,0,0.75094,1,4,1,0.10502,0,0
CHIPID1000302,RNAS_CD138_NDMM,1q3plus,1,10.397131612903225,0,0.25474,0,3,1,0.18015,0,0
CHIPID1000304,RNAS_CD138_NDMM,1q2,0,10.386742903225807,0,0.17473,0,2,0,0.16763,0,0
CHIPID1000305,RNAS_CD138_NDMM,1q3plus,1,9.321579677419354,0,0.41428,0,3,1,0.07758,0,0
CHIPID1000307,RNAS_CD138_NDMM,1q2,0,11.41266,1,0.5231,0,2,0,0.27233,0,0
CHIPID1000309,RNAS_CD138_NDMM,1q2,0,12.008515483870967,1,0.32172,0,2,0,0.34252,1,0
CHIPID1000310,RNAS_CD138_NDMM,1q3plus,1,11.315808387096775,1,0.22894,0,3,1,0.26697,0,0
CHIPID1000311,RNAS_CD138_NDMM,1q3plus,1,10.078953225806451,0,0.34762,0,4,1,0.14907,0,0
CHIPID1000316,RNAS_CD138_NDMM,1q3plus,1,10.67215064516129,0,0.32918,0,3,1,0.20658,0,0
CHIPID1000317,RNAS_CD138_NDMM,1q2,0,10.443511290322581,0,0.37742,0,2,0,0.18034,0,0
CHIPID1000319,RNAS_CD138_NDMM,1q2,0,10.180830322580645,0,0.42755,0,2,0,0.15362,0,0
CHIPID1000322,RNAS_CD138_NDMM,1q3plus,1,10.579926774193549,0,0.30698,0,3,1,0.1909,0,0
CHIPID1000325,RNAS_CD138_NDMM,1q2,0,10.95230193548387,0,0.86895,1,2,0,0.2386,0,0
CHIPID1000327,RNAS_CD138_NDMM,1q2,0,12.055883870967742,1,0.57761,0,2,0,0.35573,1,0
CHIPID1000328,RNAS_CD138_NDMM,1q3plus,1,11.473183225806451,1,0.17999,0,3,1,0.27437,0,0
CHIPID1000330,RNAS_CD138_NDMM,1q2,0,13.248395806451613,1,0.13573,0,2,0,0.46422,1,0
CHIPID1000331,RNAS_CD138_NDMM,1q2,0,9.997524193548387,0,0.81998,1,2,0,0.14081,0,0
CHIPID1000333,RNAS_CD138_NDMM,1q2,0,12.179500967741935,1,0.18432,0,2,0,0.34768,1,0
CHIPID1000334,RNAS_CD138_NDMM,1q3plus,1,11.461507419354838,1,0.13618,0,3,1,0.29024,1,0
CHIPID1000335,RNAS_CD138_NDMM,1q3plus,1,9.01145677419355,0,0.86075,1,3,1,0.04,0,0
CHIPID1000336,RNAS_CD138_NDMM,1q2,0,9.886014516129032,0,0.35206,0,2,0,0.1263,0,0
CHIPID1000339,RNAS_CD138_NDMM,1q2,0,9.077283870967742,0,0.35222,0,2,0,0.04,0,0
CHIPID1000345,RNAS_CD138_NDMM,1q3plus,1,10.627854838709677,0,0.53437,0,3,1,0.19985,0,0
CHIPID1000346,RNAS_CD138_NDMM,1q2,0,11.154995161290323,1,0.23482,0,2,0,0.23633,0,0
CHIPID1000347,RNAS_CD138_NDMM,1q2,0,12.079571612903226,1,0.43505,0,2,0,0.35292,1,0
CHIPID1000350,RNAS_CD138_NDMM,1q2,0,11.189505483870967,1,0.55319,0,2,0,0.25538,0,0
CHIPID1000353,RNAS_CD138_NDMM,1q2,0,11.66337064516129,1,0.16986,0,2,0,0.31282,1,0
CHIPID1000357,RNAS_CD138_NDMM,1q2,0,11.810500322580644,1,0.17506,0,2,0,0.31931,1,0
CHIPID1000360,RNAS_CD138_NDMM,1q2,0,9.175834516129033,0,0.33438,0,2,0,0.06483,0,0
CHIPID1000363,RNAS_CD138_NDMM,1q2,0,11.24356,1,0.24425,0,2,0,0.27098,0,0
CHIPID1000365,RNAS_CD138_NDMM,1q2,0,11.40807,1,0.59535,0,2,0,0.27028,0,0
CHIPID1000367,RNAS_CD138_NDMM,1q2,0,10.576737419354838,0,0.83381,1,2,0,0.19497,0,0
CHIPID1000368,RNAS_CD138_NDMM,1q2,0,10.98774064516129,0,0.12971,0,2,0,0.23826,0,0
CHIPID1000369,RNAS_CD138_NDMM,1q3plus,1,10.96349064516129,0,0.41087,0,4,1,0.2399,0,0
CHIPID1000370,RNAS_CD138_NDMM,1q3plus,1,10.60357870967742,0,0.43998,0,3,1,0.19866,0,0
CHIPID1000371,RNAS_CD138_NDMM,1q3plus,1,9.616100645161291,0,0.15471,0,3,1,0.10605,0,0
CHIPID1000372,RNAS_CD138_NDMM,1q2,0,10.147836774193548,0,0.18091,0,2,0,0.16094,0,0
CHIPID1000376,RNAS_CD138_NDMM,1q3plus,1,10.391734838709677,0,0.48441,0,4,1,0.17078,0,0
CHIPID1000377,RNAS_CD138_NDMM,1q3plus,1,10.036278064516129,0,0.86902,1,4,1,0.14859,0,0
CHIPID1000381,RNAS_CD138_NDMM,1q2,0,11.944602580645162,1,0.82998,1,2,0,0.33661,1,0
CHIPID1000383,RNAS_CD138_NDMM,1q2,0,9.606425161290323,0,0.13172,0,2,0,0.10465,0,0
CHIPID1000388,RNAS_CD138_NDMM,1q2,0,9.850608064516129,0,0.38966,0,2,0,0.11527,0,0
CHIPID1000389,RNAS_CD138_NDMM,1q2,0,10.334743548387097,0,0.50501,0,2,0,0.16642,0,0
CHIPID1000393,RNAS_CD138_NDMM,1q2,0,11.667573225806452,1,0.18415,0,2,0,0.30448,1,0
CHIPID1000394,RNAS_CD138_NDMM,1q3plus,1,10.83753806451613,0,0.4626,0,3,1,0.2246,0,0
CHIPID1000396,RNAS_CD138_NDMM,1q2,0,11.182404838709678,1,0.21139,0,2,0,0.25677,0,0
CHIPID1000397,RNAS_CD138_NDMM,1q3plus,1,10.698397096774194,0,0.31975,0,3,1,0.20956,0,0
CHIPID1000401,RNAS_CD138_NDMM,1q3plus,1,11.270230322580645,1,0.56383,0,3,1,0.26074,0,0
CHIPID1000402,RNAS_CD138_NDMM,1q2,0,11.813534193548387,1,0.58152,0,2,0,0.32273,1,0
CHIPID1000405,RNAS_CD138_NDMM,1q3plus,1,12.478275806451613,1,0.76173,1,4,1,0.40482,1,0
CHIPID1000407,RNAS_CD138_NDMM,1q2,0,10.941246451612903,0,0.16029,0,2,0,0.23108,0,0
CHIPID1000408,RNAS_CD138_NDMM,1q2,0,12.360354193548387,1,0.77726,1,2,0,0.37473,1,0
CHIPID1000410,RNAS_CD138_NDMM,1q2,0,11.86137,1,0.36454,0,2,0,0.32374000000000003,1,0
CHIPID1000411,RNAS_CD138_NDMM,1q3plus,1,11.815877741935484,1,0.40245,0,4,1,0.31291,1,0
CHIPID1000414,RNAS_CD138_NDMM,1q3plus,1,11.424159354838709,1,0.1421,0,3,1,0.27223,0,0
CHIPID1000415,RNAS_CD138_NDMM,1q3plus,1,10.64002935483871,0,0.27248,0,3,1,0.20277,0,0
CHIPID1000417,RNAS_CD138_NDMM,1q2,0,11.968983548387097,1,0.72099,1,2,0,0.3303,1,0
CHIPID1000418,RNAS_CD138_NDMM,1q2,0,12.122418064516129,1,0.88151,1,2,0,0.3483,1,0
CHIPID1000419,RNAS_CD138_NDMM,1q2,0,10.83241129032258,0,0.54371,0,2,0,0.21397,0,0
CHIPID1000421,RNAS_CD138_NDMM,1q3plus,1,10.996287096774193,0,0.83074,1,3,1,0.23295,0,0
CHIPID1000422,RNAS_CD138_NDMM,1q3plus,1,10.003220967741935,0,0.81836,1,4,1,0.14912,0,0
CHIPID1000424,RNAS_CD138_NDMM,1q2,0,11.211452903225807,1,0.18706,0,2,0,0.26825,0,0
CHIPID1000425,RNAS_CD138_NDMM,1q2,0,9.609201612903226,0,0.13763,0,2,0,0.09125,0,0
CHIPID1000426,RNAS_CD138_NDMM,1q2,0,11.902632580645161,1,0.37261,0,2,0,0.33296,1,0
CHIPID1000427,RNAS_CD138_NDMM,1q3plus,1,10.894175483870967,0,0.52878,0,3,1,0.23987,0,0
CHIPID1000428,RNAS_CD138_NDMM,1q3plus,1,11.096138709677419,1,0.16083,0,3,1,0.24918,0,0
CHIPID1000429,RNAS_CD138_NDMM,1q3plus,1,10.298337419354839,0,0.79869,1,3,1,0.15837,0,0
CHIPID1000430,RNAS_CD138_NDMM,1q2,0,10.118973870967741,0,0.27879,0,2,0,0.15488,0,0
CHIPID1000431,RNAS_CD138_NDMM,1q2,0,9.745440322580645,0,0.15211,0,2,0,0.11731,0,0
CHIPID1000432,RNAS_CD138_NDMM,1q2,0,11.35415,1,0.5714,0,2,0,0.27835,0,0
CHIPID1000434,RNAS_CD138_NDMM,1q3plus,1,12.33434193548387,1,0.45362,0,3,1,0.37118,1,0
CHIPID1000436,RNAS_CD138_NDMM,1q3plus,1,10.28107193548387,0,0.19123,0,3,1,0.17726,0,0
CHIPID1000437,RNAS_CD138_NDMM,1q2,0,10.108732903225807,0,0.39195,0,3,1,0.15577,0,0
CHIPID1000440,RNAS_CD138_NDMM,1q2,0,11.161965483870969,1,0.44774,0,2,0,0.25319,0,0
CHIPID1000443,RNAS_CD138_NDMM,1q2,0,11.265410322580646,1,0.33099,0,2,0,0.26563,0,0
CHIPID1000444,RNAS_CD138_NDMM,1q3plus,1,9.808556774193548,0,0.21764,0,3,1,0.13549,0,0
CHIPID1000445,RNAS_CD138_NDMM,1q2,0,11.496013225806452,1,0.46851,0,2,0,0.29587,1,0
CHIPID1000447,RNAS_CD138_NDMM,1q2,0,10.569816129032258,0,0.30632,0,2,0,0.1941,0,0
CHIPID1000449,RNAS_CD138_NDMM,1q2,0,10.41499,0,0.14335,0,2,0,0.19238,0,0
CHIPID1000451,RNAS_CD138_NDMM,1q3plus,1,10.927551612903226,0,0.35933,0,3,1,0.24149,0,0
CHIPID1000452,RNAS_CD138_NDMM,1q3plus,1,11.157243870967742,1,0.87348,1,3,1,0.24862,0,0
CHIPID1000453,RNAS_CD138_NDMM,1q3plus,1,10.999331612903227,0,0.1524,0,3,1,0.2376,0,0
CHIPID1000454,RNAS_CD138_NDMM,1q3plus,1,10.962491612903225,0,0.89675,1,3,1,0.23055,0,0
CHIPID1000455,RNAS_CD138_NDMM,1q2,0,12.633495483870968,1,0.12013,0,2,0,0.41095,1,0
CHIPID1000456,RNAS_CD138_NDMM,1q3plus,1,12.641909677419354,1,0.80448,1,3,1,0.40371,1,0
CHIPID1000457,RNAS_CD138_NDMM,1q3plus,1,11.608279677419356,1,0.53018,0,3,1,0.29491,1,0
CHIPID1000460,RNAS_CD138_NDMM,1q2,0,12.659688387096773,1,0.16851,0,2,0,0.4119,1,0
CHIPID1000461,RNAS_CD138_NDMM,1q3plus,1,9.074340645161291,0,0.29138,0,4,1,0.0447,0,0
CHIPID1000465,RNAS_CD138_NDMM,1q3plus,1,9.68797935483871,0,0.46944,0,4,1,0.10691,0,0
CHIPID1000468,RNAS_CD138_NDMM,1q3plus,1,9.934783225806452,0,0.5006,0,3,1,0.13389,0,0
CHIPID1000469,RNAS_CD138_NDMM,1q2,0,11.055336129032257,1,0.187,0,2,0,0.25632,0,0
CHIPID1000470,RNAS_CD138_NDMM,1q2,0,8.997001612903226,0,0.20144,0,2,0,0.04,0,0
CHIPID1000472,RNAS_CD138_NDMM,1q3plus,1,11.569224838709678,1,0.55884,0,4,1,0.28905,0,0
CHIPID1000473,RNAS_CD138_NDMM,1q2,0,10.663790322580645,0,0.54246,0,2,0,0.19481,0,0
CHIPID1000476,RNAS_CD138_NDMM,1q2,0,11.11743,1,0.34814,0,2,0,0.25582,0,0
CHIPID1000478,RNAS_CD138_NDMM,1q2,0,9.100475483870968,0,0.25281,0,2,0,0.04,0,0
CHIPID1000479,RNAS_CD138_NDMM,1q3plus,1,10.925739032258065,0,0.50434,0,3,1,0.23707,0,0
CHIPID1000480,RNAS_CD138_NDMM,1q3plus,1,12.489723870967742,1,0.27876,0,3,1,0.37293,1,0
CHIPID1000486,RNAS_CD138_NDMM,1q2,0,11.051214193548388,1,0.57466,0,2,0,0.24334,0,0
CHIPID1000490,RNAS_CD138_NDMM,1q2,0,10.670626129032257,0,0.4129,0,2,0,0.20936,0,0
CHIPID1000493,RNAS_CD138_NDMM,1q3plus,1,11.51555935483871,1,0.16023,0,4,1,0.28664,0,0
CHIPID1000494,RNAS_CD138_NDMM,1q2,0,10.900316129032259,0,0.39962,0,2,0,0.2341,0,0
CHIPID1000495,RNAS_CD138_NDMM,1q3plus,1,11.409967419354839,1,0.29677,0,3,1,0.27684,0,0
CHIPID1000496,RNAS_CD138_NDMM,1q3plus,1,9.653669032258065,0,0.34298,0,3,1,0.10313,0,0
CHIPID1000498,RNAS_CD138_NDMM,1q2,0,13.197652580645162,1,0.22782,0,2,0,0.45652,1,0
CHIPID1000501,RNAS_CD138_NDMM,1q2,0,10.591017096774193,0,0.21144,0,2,0,0.18758,0,0
CHIPID1000504,RNAS_CD138_NDMM,1q2,0,11.312134516129031,1,0.41944,0,2,0,0.26811,0,0
CHIPID1000505,RNAS_CD138_NDMM,1q2,0,13.144269354838709,1,0.26039,0,2,0,0.45665,1,0
CHIPID1000506,RNAS_CD138_NDMM,1q2,0,10.24220935483871,0,0.8506,1,2,0,0.16837,0,0
CHIPID1000507,RNAS_CD138_NDMM,1q3plus,1,11.973316774193549,1,0.21837,0,3,1,0.33901,1,0
CHIPID1000510,RNAS_CD138_NDMM,1q2,0,11.589322903225806,1,0.21379,0,2,0,0.29685,1,0
CHIPID1000511,RNAS_CD138_NDMM,1q2,0,11.020805806451612,1,0.38447,0,2,0,0.24277,0,0
CHIPID1000512,RNAS_CD138_NDMM,1q2,0,11.555751290322581,1,0.77129,1,2,0,0.29649,1,0
CHIPID1000514,RNAS_CD138_NDMM,1q3plus,1,11.650097741935484,1,0.84464,1,3,1,0.31501,1,0
CHIPID1000515,RNAS_CD138_NDMM,1q2,0,10.266967419354838,0,0.19314,0,2,0,0.15786,0,0
CHIPID1000518,RNAS_CD138_NDMM,1q3plus,1,10.322247096774193,0,0.21593,0,3,1,0.17505,0,0
CHIPID1000520,RNAS_CD138_NDMM,1q2,0,12.610581612903225,1,0.40842,0,2,0,0.40281,1,0
CHIPID1000521,RNAS_CD138_NDMM,1q3plus,1,10.582061290322581,0,0.21495,0,3,1,0.19877,0,0
CHIPID1000522,RNAS_CD138_NDMM,1q3plus,1,12.023787096774194,1,0.73637,1,3,1,0.34069,1,0
CHIPID1000524,RNAS_CD138_NDMM,1q2,0,10.279437419354839,0,0.54722,0,2,0,0.16688,0,0
CHIPID1000525,RNAS_CD138_NDMM,1q3plus,1,12.626778709677419,1,0.52841,0,3,1,0.39386,1,0
CHIPID1000526,RNAS_CD138_NDMM,1q3plus,1,10.617248387096774,0,0.456,0,3,1,0.19164,0,0
CHIPID1000527,RNAS_CD138_NDMM,1q2,0,10.273347096774193,0,0.57647,0,2,0,0.1693,0,0
CHIPID1000530,RNAS_CD138_NDMM,1q3plus,1,10.484597096774193,0,0.81909,1,3,1,0.18728,0,0
CHIPID1000531,RNAS_CD138_NDMM,1q2,0,11.934630967741935,1,0.83814,1,2,0,0.32982,1,0
CHIPID1000533,RNAS_CD138_NDMM,1q2,0,10.545975806451613,0,0.16473,0,2,0,0.19073,0,0
CHIPID1000534,RNAS_CD138_NDMM,1q2,0,11.673487741935483,1,0.2982,0,2,0,0.30386,1,0
CHIPID1000535,RNAS_CD138_NDMM,1q3plus,1,12.121937096774193,1,0.24471,0,3,1,0.35906,1,0
CHIPID1000539,RNAS_CD138_NDMM,1q2,0,11.71274064516129,1,0.44016,0,2,0,0.31791,1,0
CHIPID1000540,RNAS_CD138_NDMM,1q2,0,10.741254516129032,0,0.33008,0,2,0,0.21789,0,0
CHIPID1000541,RNAS_CD138_NDMM,1q2,0,11.67817,1,0.21963,0,2,0,0.29783,1,0
CHIPID1000542,RNAS_CD138_NDMM,1q2,0,12.90255870967742,1,0.33316,0,2,0,0.44581,1,0
CHIPID1000544,RNAS_CD138_NDMM,1q3plus,1,10.190632580645161,0,0.14638,0,3,1,0.15615,0,0
CHIPID1000545,RNAS_CD138_NDMM,1q2,0,10.466082258064516,0,0.78779,1,2,0,0.17277,0,0
CHIPID1000550,RNAS_CD138_NDMM,1q3plus,1,11.17622129032258,1,0.1785,0,3,1,0.26874,0,0
CHIPID1000551,RNAS_CD138_NDMM,1q2,0,10.125905806451613,0,0.27181,0,2,0,0.153,0,0
CHIPID1000553,RNAS_CD138_NDMM,1q2,0,11.64760806451613,1,0.20161,0,2,0,0.30274,1,0
CHIPID1000555,RNAS_CD138_NDMM,1q3plus,1,11.3298,1,0.57172,0,4,1,0.2713,0,0
CHIPID1000557,RNAS_CD138_NDMM,1q3plus,1,11.348713870967742,1,0.41341,0,3,1,0.2686,0,0
CHIPID1000559,RNAS_CD138_NDMM,1q3plus,1,11.581949677419354,1,0.2154,0,3,1,0.29631,1,0
CHIPID1000562,RNAS_CD138_NDMM,1q2,0,12.14559741935484,1,0.37347,0,2,0,0.35117,1,0
CHIPID1000563,RNAS_CD138_NDMM,1q3plus,1,10.509118387096773,0,0.47174,0,3,1,0.20098,0,0
CHIPID1000567,RNAS_CD138_NDMM,1q2,0,10.014333225806451,0,0.26588,0,2,0,0.1397,0,0
CHIPID1000568,RNAS_CD138_NDMM,1q3plus,1,11.432544516129033,1,0.12013,0,3,1,0.28547,0,0
CHIPID1000569,RNAS_CD138_NDMM,1q3plus,1,10.75392870967742,0,0.26468,0,3,1,0.21919,0,0
CHIPID4000000,RNBX_WB_MGUS,NA,NA,11.030832903225807,NA,0.27167,NA,NA,NA,0.41646,NA,0
CHIPID4000001,RNBX_WB_MGUS,NA,NA,10.085908709677419,NA,0.25354,NA,NA,NA,0.33569,NA,0
CHIPID4000003,RNBX_WB_MGUS,NA,NA,9.944183225806452,NA,0.27044,NA,NA,NA,0.31569,NA,0
CHIPID4000004,RNBX_WB_MGUS,NA,NA,10.789366129032258,NA,0.08451,NA,NA,NA,0.39872,NA,0
CHIPID4000005,RNBX_WB_MGUS,NA,NA,10.446549677419355,NA,0.26926,NA,NA,NA,0.37521,NA,0
CHIPID4000006,RNBX_WB_MGUS,NA,NA,10.272772258064517,NA,0.18096,NA,NA,NA,0.35958,NA,0
CHIPID4000007,RNBX_WB_MGUS,NA,NA,10.824288064516129,NA,0.09513,NA,NA,NA,0.42249,NA,0
CHIPID4000010,RNBX_WB_MGUS,NA,NA,10.916360967741936,NA,0.16157,NA,NA,NA,0.40703,NA,0
CHIPID4000012,RNBX_WB_MGUS,NA,NA,10.434523548387096,NA,0.19894,NA,NA,NA,0.3701,NA,0
CHIPID4000014,RNBX_WB_MGUS,NA,NA,10.353490967741935,NA,0.17835,NA,NA,NA,0.34898,NA,0
CHIPID4000015,RNBX_WB_MGUS,NA,NA,10.317491612903225,NA,0.10484,NA,NA,NA,0.37238,NA,0
CHIPID4000018,RNBX_WB_MGUS,NA,NA,9.911038064516129,NA,0.05124,NA,NA,NA,0.33229,NA,0
CHIPID4000019,RNBX_WB_MGUS,NA,NA,11.77526935483871,NA,0.1064,NA,NA,NA,0.4838,NA,0
CHIPID4000020,RNBX_WB_MGUS,NA,NA,10.77822935483871,NA,0.19738,NA,NA,NA,0.4036,NA,0
CHIPID4000022,RNBX_WB_MGUS,NA,NA,10.091880322580645,NA,0.28851,NA,NA,NA,0.34464,NA,0
CHIPID4000023,RNBX_WB_MGUS,NA,NA,10.543584838709677,NA,0.08537,NA,NA,NA,0.38403,NA,0
CHIPID4000026,RNBX_WB_MGUS,NA,NA,11.031089032258064,NA,0.05521,NA,NA,NA,0.43332,NA,0
CHIPID4000028,RNBX_WB_MGUS,NA,NA,11.152664838709677,NA,0.05323,NA,NA,NA,0.43064,NA,0
CHIPID4000029,RNBX_WB_MGUS,NA,NA,10.129343225806451,NA,0.17208,NA,NA,NA,0.34457,NA,0
CHIPID4000030,RNBX_WB_MGUS,NA,NA,10.284901935483871,NA,0.11266,NA,NA,NA,0.3649,NA,0
CHIPID4000031,RNBX_WB_MGUS,NA,NA,9.737876129032259,NA,0.11809,NA,NA,NA,0.32784,NA,0
CHIPID4000035,RNBX_WB_MGUS,NA,NA,9.742832580645162,NA,0.07132,NA,NA,NA,0.32023,NA,0
CHIPID4000036,RNBX_WB_MGUS,NA,NA,11.230072903225807,NA,0.28987,NA,NA,NA,0.44758,NA,0
CHIPID4000037,RNBX_WB_MGUS,NA,NA,10.30920806451613,NA,0.24768,NA,NA,NA,0.35355,NA,0
CHIPID4000039,RNBX_WB_MGUS,NA,NA,11.704583548387097,NA,0.09671,NA,NA,NA,0.48698,NA,0
CHIPID4000040,RNBX_WB_MGUS,NA,NA,9.953151935483872,NA,0.27827,NA,NA,NA,0.32792,NA,0
CHIPID4000044,RNBX_WB_MGUS,NA,NA,9.707044193548388,NA,0.29359,NA,NA,NA,0.30902,NA,0
CHIPID4000045,RNBX_WB_MGUS,NA,NA,10.746381612903226,NA,0.08062,NA,NA,NA,0.40878,NA,0
CHIPID4000046,RNBX_WB_MGUS,NA,NA,10.967044516129032,NA,0.0836,NA,NA,NA,0.41524,NA,0
CHIPID4000047,RNBX_WB_MGUS,NA,NA,10.698012903225807,NA,0.21792,NA,NA,NA,0.40729,NA,0
CHIPID4000048,RNBX_WB_MGUS,NA,NA,10.897806451612903,NA,0.08142,NA,NA,NA,0.42078,NA,0
CHIPID4000049,RNBX_WB_MGUS,NA,NA,11.327890967741935,NA,0.24587,NA,NA,NA,0.45454,NA,0
CHIPID4000051,RNBX_WB_MGUS,NA,NA,10.338035161290323,NA,0.19097,NA,NA,NA,0.36705,NA,0
CHIPID4000056,RNBX_WB_MGUS,NA,NA,10.572464516129033,NA,0.07467,NA,NA,NA,0.38162,NA,0
CHIPID4000057,RNBX_WB_MGUS,NA,NA,11.84628,NA,0.21758,NA,NA,NA,0.50108,NA,0
CHIPID4000058,RNBX_WB_MGUS,NA,NA,11.220727096774194,NA,0.20078,NA,NA,NA,0.43376,NA,0
CHIPID4000060,RNBX_WB_MGUS,NA,NA,11.35316870967742,NA,0.22469,NA,NA,NA,0.45809,NA,0
CHIPID4000066,RNBX_WB_MGUS,NA,NA,10.572142258064517,NA,0.17213,NA,NA,NA,0.39235,NA,0
CHIPID4000073,RNBX_WB_MGUS,NA,NA,9.929917419354839,NA,0.28038,NA,NA,NA,0.32449,NA,0
CHIPID4000074,RNBX_WB_MGUS,NA,NA,10.062924193548387,NA,0.1841,NA,NA,NA,0.33447,NA,0
CHIPID4000075,RNBX_WB_MGUS,NA,NA,10.796155161290322,NA,0.09265,NA,NA,NA,0.41246,NA,0
CHIPID4000079,RNBX_WB_MGUS,NA,NA,10.21455806451613,NA,0.09553,NA,NA,NA,0.35473,NA,0
CHIPID4000082,RNBX_WB_MGUS,NA,NA,11.547425161290322,NA,0.22655,NA,NA,NA,0.47958,NA,0
CHIPID4000085,RNBX_WB_MGUS,NA,NA,11.581347419354838,NA,0.05262,NA,NA,NA,0.46121,NA,0
CHIPID4000088,RNBX_WB_MGUS,NA,NA,9.684032903225807,NA,0.09231,NA,NA,NA,0.3037,NA,0
CHIPID2000000,RNBX_WB_NDMM,NA,NA,10.28279741935484,NA,0.45219,NA,NA,NA,0.29993,NA,0
CHIPID2000001,RNBX_WB_NDMM,NA,NA,9.181871935483871,NA,0.73032,NA,NA,NA,0.13905,NA,0
CHIPID2000002,RNBX_WB_NDMM,NA,NA,10.439403225806451,NA,0.15207,NA,NA,NA,0.31696,NA,0
CHIPID2000010,RNBX_WB_NDMM,NA,NA,9.82192741935484,NA,0.47308,NA,NA,NA,0.22934,NA,0
CHIPID2000011,RNBX_WB_NDMM,NA,NA,9.896064516129032,NA,0.75511,NA,NA,NA,0.22946,NA,0
CHIPID2000012,RNBX_WB_NDMM,NA,NA,10.128642903225806,NA,0.41128,NA,NA,NA,0.29187,NA,0
CHIPID2000013,RNBX_WB_NDMM,NA,NA,8.952408387096774,NA,0.39175,NA,NA,NA,0.11691,NA,0
CHIPID2000014,RNBX_WB_NDMM,NA,NA,10.216966451612903,NA,0.36255,NA,NA,NA,0.29431,NA,0
CHIPID2000015,RNBX_WB_NDMM,NA,NA,9.452820322580646,NA,0.8551,NA,NA,NA,0.17292,NA,0
CHIPID2000017,RNBX_WB_NDMM,NA,NA,9.691609032258064,NA,0.19756,NA,NA,NA,0.20071,NA,0
CHIPID2000018,RNBX_WB_NDMM,NA,NA,10.447085806451613,NA,0.8558,NA,NA,NA,0.32469,NA,0
CHIPID2000019,RNBX_WB_NDMM,NA,NA,9.040837096774194,NA,0.41888,NA,NA,NA,0.10006,NA,0
CHIPID2000024,RNBX_WB_NDMM,NA,NA,9.83144064516129,NA,0.54464,NA,NA,NA,0.22074,NA,0
CHIPID2000025,RNBX_WB_NDMM,NA,NA,10.508157096774193,NA,0.86296,NA,NA,NA,0.34808,NA,0
CHIPID2000028,RNBX_WB_NDMM,NA,NA,9.079183870967743,NA,0.29552,NA,NA,NA,0.12267,NA,0
CHIPID2000030,RNBX_WB_NDMM,NA,NA,9.794791612903225,NA,0.16549,NA,NA,NA,0.21007,NA,0
CHIPID2000031,RNBX_WB_NDMM,NA,NA,10.413865161290323,NA,0.25466,NA,NA,NA,0.32328,NA,0
CHIPID2000035,RNBX_WB_NDMM,NA,NA,8.578599677419355,NA,0.40067,NA,NA,NA,0.04,NA,0
CHIPID2000036,RNBX_WB_NDMM,NA,NA,10.976931612903225,NA,0.1523,NA,NA,NA,0.39821,NA,0
CHIPID2000039,RNBX_WB_NDMM,NA,NA,9.062414193548387,NA,0.33049,NA,NA,NA,0.11631,NA,0
CHIPID2000043,RNBX_WB_NDMM,NA,NA,10.37718129032258,NA,0.20053,NA,NA,NA,0.30672,NA,0
CHIPID2000045,RNBX_WB_NDMM,NA,NA,9.679595161290322,NA,0.32255,NA,NA,NA,0.21355,NA,0
CHIPID2000049,RNBX_WB_NDMM,NA,NA,10.206484193548388,NA,0.54176,NA,NA,NA,0.27792,NA,0
CHIPID2000053,RNBX_WB_NDMM,NA,NA,10.165878387096773,NA,0.28445,NA,NA,NA,0.26134,NA,0
CHIPID2000056,RNBX_WB_NDMM,NA,NA,8.637203870967742,NA,0.57383,NA,NA,NA,0.04821,NA,0
CHIPID2000058,RNBX_WB_NDMM,NA,NA,9.44747064516129,NA,0.54113,NA,NA,NA,0.17052,NA,0
CHIPID2000059,RNBX_WB_NDMM,NA,NA,9.926687741935483,NA,0.32578,NA,NA,NA,0.24351,NA,0
CHIPID2000060,RNBX_WB_NDMM,NA,NA,11.264110967741935,NA,0.12071,NA,NA,NA,0.43538,NA,0
CHIPID2000062,RNBX_WB_NDMM,NA,NA,10.313695806451612,NA,0.19392,NA,NA,NA,0.2736,NA,0
CHIPID2000063,RNBX_WB_NDMM,NA,NA,9.950449677419355,NA,0.39945,NA,NA,NA,0.23875,NA,0
CHIPID2000064,RNBX_WB_NDMM,NA,NA,10.020125806451613,NA,0.22375,NA,NA,NA,0.25,NA,0
CHIPID2000065,RNBX_WB_NDMM,NA,NA,10.000326451612903,NA,0.52537,NA,NA,NA,0.2679,NA,0
CHIPID2000066,RNBX_WB_NDMM,NA,NA,8.790894193548388,NA,0.56958,NA,NA,NA,0.07776,NA,0
CHIPID2000068,RNBX_WB_NDMM,NA,NA,9.577670322580644,NA,0.41437,NA,NA,NA,0.18419,NA,0
CHIPID2000069,RNBX_WB_NDMM,NA,NA,10.117435806451613,NA,0.49563,NA,NA,NA,0.25355,NA,0
CHIPID2000070,RNBX_WB_NDMM,NA,NA,9.617783870967742,NA,0.74367,NA,NA,NA,0.19528,NA,0
CHIPID2000073,RNBX_WB_NDMM,NA,NA,10.404138709677419,NA,0.31913,NA,NA,NA,0.32397,NA,0
CHIPID2000075,RNBX_WB_NDMM,NA,NA,10.406930000000001,NA,0.18603,NA,NA,NA,0.31887,NA,0
CHIPID2000076,RNBX_WB_NDMM,NA,NA,9.433280967741936,NA,0.89341,NA,NA,NA,0.16356,NA,0
CHIPID2000079,RNBX_WB_NDMM,NA,NA,10.680022903225806,NA,0.84439,NA,NA,NA,0.3564,NA,0
CHIPID2000080,RNBX_WB_NDMM,NA,NA,10.365904193548387,NA,0.24961,NA,NA,NA,0.30709,NA,0
CHIPID2000081,RNBX_WB_NDMM,NA,NA,8.874514193548388,NA,0.53508,NA,NA,NA,0.09392,NA,0
CHIPID2000086,RNBX_WB_NDMM,NA,NA,11.174664193548388,NA,0.53587,NA,NA,NA,0.4065,NA,0
CHIPID2000089,RNBX_WB_NDMM,NA,NA,9.116937419354839,NA,0.17817,NA,NA,NA,0.12845,NA,0
CHIPID2000090,RNBX_WB_NDMM,NA,NA,10.260333548387097,NA,0.35648,NA,NA,NA,0.27364,NA,0
CHIPID2000091,RNBX_WB_NDMM,NA,NA,11.536291612903225,NA,0.3643,NA,NA,NA,0.46598,NA,0
CHIPID2000093,RNBX_WB_NDMM,NA,NA,11.108809677419355,NA,0.2609,NA,NA,NA,0.41844,NA,0
CHIPID2000094,RNBX_WB_NDMM,NA,NA,9.656578064516129,NA,0.18324,NA,NA,NA,0.2052,NA,0
CHIPID2000095,RNBX_WB_NDMM,NA,NA,9.97418741935484,NA,0.16895,NA,NA,NA,0.25688,NA,0
CHIPID2000099,RNBX_WB_NDMM,NA,NA,10.29977064516129,NA,0.18194,NA,NA,NA,0.31348,NA,0
CHIPID2000101,RNBX_WB_NDMM,NA,NA,9.338713225806451,NA,0.7404,NA,NA,NA,0.18136,NA,0
CHIPID2000103,RNBX_WB_NDMM,NA,NA,10.38694129032258,NA,0.53481,NA,NA,NA,0.30714,NA,0
CHIPID2000107,RNBX_WB_NDMM,NA,NA,9.591803870967741,NA,0.40016,NA,NA,NA,0.17425,NA,0
CHIPID2000109,RNBX_WB_NDMM,NA,NA,9.195955483870968,NA,0.57536,NA,NA,NA,0.15125,NA,0
CHIPID2000110,RNBX_WB_NDMM,NA,NA,10.11093870967742,NA,0.57255,NA,NA,NA,0.2621,NA,0
CHIPID2000111,RNBX_WB_NDMM,NA,NA,10.104095806451612,NA,0.59237,NA,NA,NA,0.27688,NA,0
CHIPID2000114,RNBX_WB_NDMM,NA,NA,9.64859741935484,NA,0.21073,NA,NA,NA,0.20068,NA,0
CHIPID2000116,RNBX_WB_NDMM,NA,NA,9.83642064516129,NA,0.40139,NA,NA,NA,0.22993,NA,0
CHIPID2000117,RNBX_WB_NDMM,NA,NA,10.159526774193548,NA,0.44554,NA,NA,NA,0.27691,NA,0
CHIPID2000118,RNBX_WB_NDMM,NA,NA,9.906573870967742,NA,0.48946,NA,NA,NA,0.2486,NA,0
CHIPID2000119,RNBX_WB_NDMM,NA,NA,9.368256129032257,NA,0.1448,NA,NA,NA,0.14659,NA,0
CHIPID2000120,RNBX_WB_NDMM,NA,NA,10.491134193548387,NA,0.56265,NA,NA,NA,0.3173,NA,0
CHIPID2000121,RNBX_WB_NDMM,NA,NA,10.510834838709677,NA,0.38113,NA,NA,NA,0.33022,NA,0
CHIPID2000123,RNBX_WB_NDMM,NA,NA,10.727772580645162,NA,0.23782,NA,NA,NA,0.368,NA,0
CHIPID2000126,RNBX_WB_NDMM,NA,NA,10.351469032258064,NA,0.42065,NA,NA,NA,0.29733,NA,0
CHIPID2000127,RNBX_WB_NDMM,NA,NA,9.915522580645161,NA,0.19662,NA,NA,NA,0.23339,NA,0
CHIPID2000131,RNBX_WB_NDMM,NA,NA,10.639566451612904,NA,0.14959,NA,NA,NA,0.3543,NA,0
CHIPID2000132,RNBX_WB_NDMM,NA,NA,10.094012903225806,NA,0.33475,NA,NA,NA,0.25122,NA,0
CHIPID2000134,RNBX_WB_NDMM,NA,NA,9.94739741935484,NA,0.70207,NA,NA,NA,0.2533,NA,0
CHIPID2000135,RNBX_WB_NDMM,NA,NA,8.926565806451613,NA,0.27577,NA,NA,NA,0.09102,NA,0
CHIPID2000138,RNBX_WB_NDMM,NA,NA,10.432902258064516,NA,0.44038,NA,NA,NA,0.30333,NA,0
CHIPID2000139,RNBX_WB_NDMM,NA,NA,9.916015483870968,NA,0.87125,NA,NA,NA,0.2363,NA,0
CHIPID2000146,RNBX_WB_NDMM,NA,NA,8.574728387096775,NA,0.84375,NA,NA,NA,0.05192,NA,0
CHIPID2000149,RNBX_WB_NDMM,NA,NA,11.034729677419355,NA,0.12641,NA,NA,NA,0.39965,NA,0
CHIPID2000152,RNBX_WB_NDMM,NA,NA,10.15527064516129,NA,0.46938,NA,NA,NA,0.27457,NA,0
CHIPID2000153,RNBX_WB_NDMM,NA,NA,8.587767741935483,NA,0.18946,NA,NA,NA,0.04,NA,0
CHIPID2000154,RNBX_WB_NDMM,NA,NA,11.137077096774194,NA,0.26075,NA,NA,NA,0.43008,NA,0
CHIPID2000159,RNBX_WB_NDMM,NA,NA,9.27251935483871,NA,0.43374,NA,NA,NA,0.15967,NA,0
CHIPID2000161,RNBX_WB_NDMM,NA,NA,9.88925741935484,NA,0.86317,NA,NA,NA,0.22137,NA,0
CHIPID2000167,RNBX_WB_NDMM,NA,NA,9.884425806451613,NA,0.45193,NA,NA,NA,0.23533,NA,0
CHIPID2000170,RNBX_WB_NDMM,NA,NA,10.182677096774194,NA,0.20244,NA,NA,NA,0.27852,NA,0
CHIPID2000172,RNBX_WB_NDMM,NA,NA,10.115860322580644,NA,0.17592,NA,NA,NA,0.2506,NA,0
CHIPID2000175,RNBX_WB_NDMM,NA,NA,9.890223870967741,NA,0.49058,NA,NA,NA,0.23706,NA,0
CHIPID2000177,RNBX_WB_NDMM,NA,NA,8.756755483870968,NA,0.83512,NA,NA,NA,0.06201,NA,0
CHIPID2000179,RNBX_WB_NDMM,NA,NA,10.130713225806451,NA,0.16389,NA,NA,NA,0.26926,NA,0
CHIPID2000183,RNBX_WB_NDMM,NA,NA,8.859970322580645,NA,0.20831,NA,NA,NA,0.07079,NA,0
CHIPID2000185,RNBX_WB_NDMM,NA,NA,9.68406064516129,NA,0.50643,NA,NA,NA,0.24035,NA,0
CHIPID2000186,RNBX_WB_NDMM,NA,NA,10.161010322580646,NA,0.36201,NA,NA,NA,0.26892,NA,0
CHIPID2000187,RNBX_WB_NDMM,NA,NA,8.908334193548388,NA,0.44998,NA,NA,NA,0.10173,NA,0
CHIPID2000188,RNBX_WB_NDMM,NA,NA,9.192079032258064,NA,0.37479,NA,NA,NA,0.14133,NA,0
CHIPID2000189,RNBX_WB_NDMM,NA,NA,10.155051612903225,NA,0.26315,NA,NA,NA,0.28064,NA,0
CHIPID2000193,RNBX_WB_NDMM,NA,NA,9.880857741935484,NA,0.42606,NA,NA,NA,0.25259,NA,0
CHIPID2000199,RNBX_WB_NDMM,NA,NA,10.011666774193548,NA,0.4954,NA,NA,NA,0.26012,NA,0
CHIPID2000205,RNBX_WB_NDMM,NA,NA,10.16961806451613,NA,0.82428,NA,NA,NA,0.29161,NA,0
CHIPID2000207,RNBX_WB_NDMM,NA,NA,10.00369806451613,NA,0.37673,NA,NA,NA,0.25069,NA,0
CHIPID2000208,RNBX_WB_NDMM,NA,NA,9.506962580645162,NA,0.3293,NA,NA,NA,0.1754,NA,0
CHIPID2000210,RNBX_WB_NDMM,NA,NA,9.930920967741935,NA,0.57712,NA,NA,NA,0.23351,NA,0
CHIPID2000218,RNBX_WB_NDMM,NA,NA,10.548935806451613,NA,0.29695,NA,NA,NA,0.31,NA,0
CHIPID2000219,RNBX_WB_NDMM,NA,NA,9.87256064516129,NA,0.79573,NA,NA,NA,0.21585,NA,0
CHIPID2000222,RNBX_WB_NDMM,NA,NA,10.330905161290323,NA,0.30978,NA,NA,NA,0.3021,NA,0
CHIPID2000224,RNBX_WB_NDMM,NA,NA,10.212388064516128,NA,0.87796,NA,NA,NA,0.28945,NA,0
CHIPID2000225,RNBX_WB_NDMM,NA,NA,9.96558193548387,NA,0.46829,NA,NA,NA,0.22207,NA,0
CHIPID2000226,RNBX_WB_NDMM,NA,NA,9.620268387096774,NA,0.2094,NA,NA,NA,0.17641,NA,0
CHIPID2000229,RNBX_WB_NDMM,NA,NA,9.840652903225806,NA,0.24466,NA,NA,NA,0.21644,NA,0
CHIPID2000233,RNBX_WB_NDMM,NA,NA,9.443328064516129,NA,0.49982,NA,NA,NA,0.1478,NA,0
CHIPID2000234,RNBX_WB_NDMM,NA,NA,9.538931935483872,NA,0.38585,NA,NA,NA,0.17735,NA,0
CHIPID2000236,RNBX_WB_NDMM,NA,NA,10.878728387096775,NA,0.4307,NA,NA,NA,0.37737,NA,0
CHIPID2000237,RNBX_WB_NDMM,NA,NA,10.077603870967742,NA,0.39325,NA,NA,NA,0.25216,NA,0
CHIPID2000238,RNBX_WB_NDMM,NA,NA,9.591463225806452,NA,0.5316,NA,NA,NA,0.19061,NA,0
CHIPID2000239,RNBX_WB_NDMM,NA,NA,10.425604838709678,NA,0.35353,NA,NA,NA,0.30889,NA,0
CHIPID2000240,RNBX_WB_NDMM,NA,NA,9.52521193548387,NA,0.31136,NA,NA,NA,0.1807,NA,0
CHIPID2000243,RNBX_WB_NDMM,NA,NA,9.874677741935484,NA,0.89941,NA,NA,NA,0.23639,NA,0
CHIPID2000245,RNBX_WB_NDMM,NA,NA,10.322055806451614,NA,0.4095,NA,NA,NA,0.28226,NA,0
CHIPID2000247,RNBX_WB_NDMM,NA,NA,9.515827096774194,NA,0.58477,NA,NA,NA,0.18098,NA,0
CHIPID2000248,RNBX_WB_NDMM,NA,NA,10.713105483870967,NA,0.41785,NA,NA,NA,0.36161,NA,0
CHIPID2000250,RNBX_WB_NDMM,NA,NA,8.919992258064516,NA,0.31193,NA,NA,NA,0.07705,NA,0
CHIPID2000253,RNBX_WB_NDMM,NA,NA,9.971779677419354,NA,0.57461,NA,NA,NA,0.25447,NA,0
CHIPID2000254,RNBX_WB_NDMM,NA,NA,10.511416451612904,NA,0.31158,NA,NA,NA,0.34107,NA,0
CHIPID2000255,RNBX_WB_NDMM,NA,NA,11.041695483870967,NA,0.55909,NA,NA,NA,0.4037,NA,0
CHIPID2000256,RNBX_WB_NDMM,NA,NA,10.609186451612903,NA,0.24467,NA,NA,NA,0.3524,NA,0
CHIPID2000258,RNBX_WB_NDMM,NA,NA,10.357502903225807,NA,0.31165,NA,NA,NA,0.3022,NA,0
CHIPID2000263,RNBX_WB_NDMM,NA,NA,9.01167806451613,NA,0.50894,NA,NA,NA,0.10976,NA,0
CHIPID2000265,RNBX_WB_NDMM,NA,NA,9.99495935483871,NA,0.29481,NA,NA,NA,0.22636,NA,0
CHIPID2000267,RNBX_WB_NDMM,NA,NA,9.963842580645162,NA,0.14919,NA,NA,NA,0.24962,NA,0
CHIPID2000269,RNBX_WB_NDMM,NA,NA,10.852980322580645,NA,0.30359,NA,NA,NA,0.36709,NA,0
CHIPID2000277,RNBX_WB_NDMM,NA,NA,10.367489032258064,NA,0.53873,NA,NA,NA,0.29287,NA,0
CHIPID2000280,RNBX_WB_NDMM,NA,NA,9.750754516129032,NA,0.5537,NA,NA,NA,0.22247,NA,0
CHIPID2000285,RNBX_WB_NDMM,NA,NA,10.430383225806452,NA,0.19317,NA,NA,NA,0.31015,NA,0
CHIPID2000286,RNBX_WB_NDMM,NA,NA,9.592454838709678,NA,0.56704,NA,NA,NA,0.17815,NA,0
CHIPID2000287,RNBX_WB_NDMM,NA,NA,8.727309677419354,NA,0.20602,NA,NA,NA,0.05769,NA,0
CHIPID2000288,RNBX_WB_NDMM,NA,NA,9.175351290322581,NA,0.2763,NA,NA,NA,0.14259,NA,0
CHIPID2000289,RNBX_WB_NDMM,NA,NA,9.559673225806451,NA,0.3022,NA,NA,NA,0.18865,NA,0
CHIPID2000290,RNBX_WB_NDMM,NA,NA,9.784953870967742,NA,0.1249,NA,NA,NA,0.23157,NA,0
CHIPID2000292,RNBX_WB_NDMM,NA,NA,9.431681935483871,NA,0.16213,NA,NA,NA,0.17835,NA,0
CHIPID2000293,RNBX_WB_NDMM,NA,NA,9.971442580645162,NA,0.43573,NA,NA,NA,0.24085,NA,0
CHIPID2000294,RNBX_WB_NDMM,NA,NA,9.02484870967742,NA,0.18502,NA,NA,NA,0.12016,NA,0
CHIPID2000296,RNBX_WB_NDMM,NA,NA,11.03450129032258,NA,0.19129,NA,NA,NA,0.40464,NA,0
CHIPID2000297,RNBX_WB_NDMM,NA,NA,10.184322903225807,NA,0.52108,NA,NA,NA,0.2835,NA,0
CHIPID2000299,RNBX_WB_NDMM,NA,NA,9.784506129032259,NA,0.81021,NA,NA,NA,0.21219,NA,0
CHIPID2000300,RNBX_WB_NDMM,NA,NA,10.248036774193547,NA,0.18187,NA,NA,NA,0.28095,NA,0
CHIPID2000301,RNBX_WB_NDMM,NA,NA,9.029801290322581,NA,0.75094,NA,NA,NA,0.10502,NA,0
CHIPID2000302,RNBX_WB_NDMM,NA,NA,9.564744838709677,NA,0.25474,NA,NA,NA,0.18015,NA,0
CHIPID2000304,RNBX_WB_NDMM,NA,NA,9.350228064516129,NA,0.17473,NA,NA,NA,0.16763,NA,0
CHIPID2000305,RNBX_WB_NDMM,NA,NA,8.788058709677419,NA,0.41428,NA,NA,NA,0.07758,NA,0
CHIPID2000307,RNBX_WB_NDMM,NA,NA,10.123440967741935,NA,0.5231,NA,NA,NA,0.27233,NA,0
CHIPID2000309,RNBX_WB_NDMM,NA,NA,10.556655483870967,NA,0.32172,NA,NA,NA,0.34252,NA,0
CHIPID2000310,RNBX_WB_NDMM,NA,NA,10.124142258064516,NA,0.22894,NA,NA,NA,0.26697,NA,0
CHIPID2000311,RNBX_WB_NDMM,NA,NA,9.33980064516129,NA,0.34762,NA,NA,NA,0.14907,NA,0
CHIPID2000316,RNBX_WB_NDMM,NA,NA,9.668854516129032,NA,0.32918,NA,NA,NA,0.20658,NA,0
CHIPID2000317,RNBX_WB_NDMM,NA,NA,9.644258387096775,NA,0.37742,NA,NA,NA,0.18034,NA,0
CHIPID2000319,RNBX_WB_NDMM,NA,NA,9.38787193548387,NA,0.42755,NA,NA,NA,0.15362,NA,0
CHIPID2000322,RNBX_WB_NDMM,NA,NA,9.561209032258065,NA,0.30698,NA,NA,NA,0.1909,NA,0
CHIPID2000325,RNBX_WB_NDMM,NA,NA,9.90251,NA,0.86895,NA,NA,NA,0.2386,NA,0
CHIPID2000327,RNBX_WB_NDMM,NA,NA,10.774594838709678,NA,0.57761,NA,NA,NA,0.35573,NA,0
CHIPID2000328,RNBX_WB_NDMM,NA,NA,10.173523548387097,NA,0.17999,NA,NA,NA,0.27437,NA,0
CHIPID2000330,RNBX_WB_NDMM,NA,NA,11.391476129032258,NA,0.13573,NA,NA,NA,0.46422,NA,0
CHIPID2000331,RNBX_WB_NDMM,NA,NA,9.28004935483871,NA,0.81998,NA,NA,NA,0.14081,NA,0
CHIPID2000333,RNBX_WB_NDMM,NA,NA,10.58014,NA,0.18432,NA,NA,NA,0.34768,NA,0
CHIPID2000334,RNBX_WB_NDMM,NA,NA,10.306237419354838,NA,0.13618,NA,NA,NA,0.29024,NA,0
CHIPID2000335,RNBX_WB_NDMM,NA,NA,8.50346129032258,NA,0.86075,NA,NA,NA,0.04,NA,0
CHIPID2000336,RNBX_WB_NDMM,NA,NA,9.064335161290323,NA,0.35206,NA,NA,NA,0.1263,NA,0
CHIPID2000339,RNBX_WB_NDMM,NA,NA,8.573151612903226,NA,0.35222,NA,NA,NA,0.04,NA,0
CHIPID2000345,RNBX_WB_NDMM,NA,NA,9.667016774193549,NA,0.53437,NA,NA,NA,0.19985,NA,0
CHIPID2000346,RNBX_WB_NDMM,NA,NA,9.839220322580646,NA,0.23482,NA,NA,NA,0.23633,NA,0
CHIPID2000347,RNBX_WB_NDMM,NA,NA,10.687825483870968,NA,0.43505,NA,NA,NA,0.35292,NA,0
CHIPID2000350,RNBX_WB_NDMM,NA,NA,10.023980967741936,NA,0.55319,NA,NA,NA,0.25538,NA,0
CHIPID2000353,RNBX_WB_NDMM,NA,NA,10.550909677419355,NA,0.16986,NA,NA,NA,0.31282,NA,0
CHIPID2000357,RNBX_WB_NDMM,NA,NA,10.511491612903226,NA,0.17506,NA,NA,NA,0.31931,NA,0
CHIPID2000360,RNBX_WB_NDMM,NA,NA,8.718817419354838,NA,0.33438,NA,NA,NA,0.06483,NA,0
CHIPID2000363,RNBX_WB_NDMM,NA,NA,10.237042580645161,NA,0.24425,NA,NA,NA,0.27098,NA,0
CHIPID2000365,RNBX_WB_NDMM,NA,NA,10.120555806451613,NA,0.59535,NA,NA,NA,0.27028,NA,0
CHIPID2000367,RNBX_WB_NDMM,NA,NA,9.578894838709678,NA,0.83381,NA,NA,NA,0.19497,NA,0
CHIPID2000368,RNBX_WB_NDMM,NA,NA,9.941792903225807,NA,0.12971,NA,NA,NA,0.23826,NA,0
CHIPID2000369,RNBX_WB_NDMM,NA,NA,10.006264838709678,NA,0.41087,NA,NA,NA,0.2399,NA,0
CHIPID2000370,RNBX_WB_NDMM,NA,NA,9.648657741935484,NA,0.43998,NA,NA,NA,0.19866,NA,0
CHIPID2000371,RNBX_WB_NDMM,NA,NA,9.074766451612904,NA,0.15471,NA,NA,NA,0.10605,NA,0
CHIPID2000372,RNBX_WB_NDMM,NA,NA,9.366486774193548,NA,0.18091,NA,NA,NA,0.16094,NA,0
CHIPID2000376,RNBX_WB_NDMM,NA,NA,9.489185806451612,NA,0.48441,NA,NA,NA,0.17078,NA,0
CHIPID2000377,RNBX_WB_NDMM,NA,NA,9.25705935483871,NA,0.86902,NA,NA,NA,0.14859,NA,0
CHIPID2000381,RNBX_WB_NDMM,NA,NA,10.521215483870968,NA,0.82998,NA,NA,NA,0.33661,NA,0
CHIPID2000383,RNBX_WB_NDMM,NA,NA,8.977916774193549,NA,0.13172,NA,NA,NA,0.10465,NA,0
CHIPID2000388,RNBX_WB_NDMM,NA,NA,9.090032258064516,NA,0.38966,NA,NA,NA,0.11527,NA,0
CHIPID2000389,RNBX_WB_NDMM,NA,NA,9.431838064516128,NA,0.50501,NA,NA,NA,0.16642,NA,0
CHIPID2000393,RNBX_WB_NDMM,NA,NA,10.250048709677419,NA,0.18415,NA,NA,NA,0.30448,NA,0
CHIPID2000394,RNBX_WB_NDMM,NA,NA,9.709078387096774,NA,0.4626,NA,NA,NA,0.2246,NA,0
CHIPID2000396,RNBX_WB_NDMM,NA,NA,9.994242580645162,NA,0.21139,NA,NA,NA,0.25677,NA,0
CHIPID2000397,RNBX_WB_NDMM,NA,NA,9.908732258064516,NA,0.31975,NA,NA,NA,0.20956,NA,0
CHIPID2000401,RNBX_WB_NDMM,NA,NA,10.015069677419355,NA,0.56383,NA,NA,NA,0.26074,NA,0
CHIPID2000402,RNBX_WB_NDMM,NA,NA,10.442346129032257,NA,0.58152,NA,NA,NA,0.32273,NA,0
CHIPID2000405,RNBX_WB_NDMM,NA,NA,11.09456935483871,NA,0.76173,NA,NA,NA,0.40482,NA,0
CHIPID2000407,RNBX_WB_NDMM,NA,NA,9.848814516129032,NA,0.16029,NA,NA,NA,0.23108,NA,0
CHIPID2000408,RNBX_WB_NDMM,NA,NA,10.831390967741935,NA,0.77726,NA,NA,NA,0.37473,NA,0
CHIPID2000410,RNBX_WB_NDMM,NA,NA,10.584511612903226,NA,0.36454,NA,NA,NA,0.32374000000000003,NA,0
CHIPID2000411,RNBX_WB_NDMM,NA,NA,10.496555161290322,NA,0.40245,NA,NA,NA,0.31291,NA,0
CHIPID2000414,RNBX_WB_NDMM,NA,NA,10.158722903225806,NA,0.1421,NA,NA,NA,0.27223,NA,0
CHIPID2000415,RNBX_WB_NDMM,NA,NA,9.537115161290323,NA,0.27248,NA,NA,NA,0.20277,NA,0
CHIPID2000417,RNBX_WB_NDMM,NA,NA,10.482082903225807,NA,0.72099,NA,NA,NA,0.3303,NA,0
CHIPID2000418,RNBX_WB_NDMM,NA,NA,10.684734193548387,NA,0.88151,NA,NA,NA,0.3483,NA,0
CHIPID2000419,RNBX_WB_NDMM,NA,NA,9.741260322580645,NA,0.54371,NA,NA,NA,0.21397,NA,0
CHIPID2000421,RNBX_WB_NDMM,NA,NA,9.906137419354838,NA,0.83074,NA,NA,NA,0.23295,NA,0
CHIPID2000422,RNBX_WB_NDMM,NA,NA,9.451146129032258,NA,0.81836,NA,NA,NA,0.14912,NA,0
CHIPID2000424,RNBX_WB_NDMM,NA,NA,10.159886129032259,NA,0.18706,NA,NA,NA,0.26825,NA,0
CHIPID2000425,RNBX_WB_NDMM,NA,NA,8.916198387096774,NA,0.13763,NA,NA,NA,0.09125,NA,0
CHIPID2000426,RNBX_WB_NDMM,NA,NA,10.623075483870968,NA,0.37261,NA,NA,NA,0.33296,NA,0
CHIPID2000427,RNBX_WB_NDMM,NA,NA,9.774889032258065,NA,0.52878,NA,NA,NA,0.23987,NA,0
CHIPID2000428,RNBX_WB_NDMM,NA,NA,9.892115161290322,NA,0.16083,NA,NA,NA,0.24918,NA,0
CHIPID2000429,RNBX_WB_NDMM,NA,NA,9.441442903225807,NA,0.79869,NA,NA,NA,0.15837,NA,0
CHIPID2000430,RNBX_WB_NDMM,NA,NA,9.425672258064516,NA,0.27879,NA,NA,NA,0.15488,NA,0
CHIPID2000431,RNBX_WB_NDMM,NA,NA,9.047860322580645,NA,0.15211,NA,NA,NA,0.11731,NA,0
CHIPID2000432,RNBX_WB_NDMM,NA,NA,10.339202903225807,NA,0.5714,NA,NA,NA,0.27835,NA,0
CHIPID2000434,RNBX_WB_NDMM,NA,NA,10.782895483870968,NA,0.45362,NA,NA,NA,0.37118,NA,0
CHIPID2000436,RNBX_WB_NDMM,NA,NA,9.586906451612903,NA,0.19123,NA,NA,NA,0.17726,NA,0
CHIPID2000437,RNBX_WB_NDMM,NA,NA,9.42746064516129,NA,0.39195,NA,NA,NA,0.15577,NA,0
CHIPID2000440,RNBX_WB_NDMM,NA,NA,9.953726451612903,NA,0.44774,NA,NA,NA,0.25319,NA,0
CHIPID2000443,RNBX_WB_NDMM,NA,NA,10.042827096774193,NA,0.33099,NA,NA,NA,0.26563,NA,0
CHIPID2000444,RNBX_WB_NDMM,NA,NA,9.191489032258064,NA,0.21764,NA,NA,NA,0.13549,NA,0
CHIPID2000445,RNBX_WB_NDMM,NA,NA,10.253261612903225,NA,0.46851,NA,NA,NA,0.29587,NA,0
CHIPID2000447,RNBX_WB_NDMM,NA,NA,9.662446129032258,NA,0.30632,NA,NA,NA,0.1941,NA,0
CHIPID2000449,RNBX_WB_NDMM,NA,NA,9.70045258064516,NA,0.14335,NA,NA,NA,0.19238,NA,0
CHIPID2000451,RNBX_WB_NDMM,NA,NA,9.99253129032258,NA,0.35933,NA,NA,NA,0.24149,NA,0
CHIPID2000452,RNBX_WB_NDMM,NA,NA,9.884699032258064,NA,0.87348,NA,NA,NA,0.24862,NA,0
CHIPID2000453,RNBX_WB_NDMM,NA,NA,9.953959354838709,NA,0.1524,NA,NA,NA,0.2376,NA,0
CHIPID2000454,RNBX_WB_NDMM,NA,NA,9.772025483870967,NA,0.89675,NA,NA,NA,0.23055,NA,0
CHIPID2000455,RNBX_WB_NDMM,NA,NA,11.158742903225807,NA,0.12013,NA,NA,NA,0.41095,NA,0
CHIPID2000456,RNBX_WB_NDMM,NA,NA,11.083123225806451,NA,0.80448,NA,NA,NA,0.40371,NA,0
CHIPID2000457,RNBX_WB_NDMM,NA,NA,10.416201290322581,NA,0.53018,NA,NA,NA,0.29491,NA,0
CHIPID2000460,RNBX_WB_NDMM,NA,NA,11.069533870967742,NA,0.16851,NA,NA,NA,0.4119,NA,0
CHIPID2000461,RNBX_WB_NDMM,NA,NA,8.530264193548387,NA,0.29138,NA,NA,NA,0.0447,NA,0
CHIPID2000465,RNBX_WB_NDMM,NA,NA,8.935556774193548,NA,0.46944,NA,NA,NA,0.10691,NA,0
CHIPID2000468,RNBX_WB_NDMM,NA,NA,9.148065483870967,NA,0.5006,NA,NA,NA,0.13389,NA,0
CHIPID2000469,RNBX_WB_NDMM,NA,NA,10.038975806451614,NA,0.187,NA,NA,NA,0.25632,NA,0
CHIPID2000470,RNBX_WB_NDMM,NA,NA,8.642483548387096,NA,0.20144,NA,NA,NA,0.04,NA,0
CHIPID2000472,RNBX_WB_NDMM,NA,NA,10.162424838709677,NA,0.55884,NA,NA,NA,0.28905,NA,0
CHIPID2000473,RNBX_WB_NDMM,NA,NA,9.526293548387097,NA,0.54246,NA,NA,NA,0.19481,NA,0
CHIPID2000476,RNBX_WB_NDMM,NA,NA,10.07668129032258,NA,0.34814,NA,NA,NA,0.25582,NA,0
CHIPID2000478,RNBX_WB_NDMM,NA,NA,8.549618387096775,NA,0.25281,NA,NA,NA,0.04,NA,0
CHIPID2000479,RNBX_WB_NDMM,NA,NA,9.931433225806451,NA,0.50434,NA,NA,NA,0.23707,NA,0
CHIPID2000480,RNBX_WB_NDMM,NA,NA,10.820107419354839,NA,0.27876,NA,NA,NA,0.37293,NA,0
CHIPID2000486,RNBX_WB_NDMM,NA,NA,10.09264870967742,NA,0.57466,NA,NA,NA,0.24334,NA,0
CHIPID2000490,RNBX_WB_NDMM,NA,NA,9.627736129032257,NA,0.4129,NA,NA,NA,0.20936,NA,0
CHIPID2000493,RNBX_WB_NDMM,NA,NA,10.23784741935484,NA,0.16023,NA,NA,NA,0.28664,NA,0
CHIPID2000494,RNBX_WB_NDMM,NA,NA,9.768793548387096,NA,0.39962,NA,NA,NA,0.2341,NA,0
CHIPID2000495,RNBX_WB_NDMM,NA,NA,10.250665161290323,NA,0.29677,NA,NA,NA,0.27684,NA,0
CHIPID2000496,RNBX_WB_NDMM,NA,NA,9.004088387096774,NA,0.34298,NA,NA,NA,0.10313,NA,0
CHIPID2000498,RNBX_WB_NDMM,NA,NA,11.45953806451613,NA,0.22782,NA,NA,NA,0.45652,NA,0
CHIPID2000501,RNBX_WB_NDMM,NA,NA,9.560692258064517,NA,0.21144,NA,NA,NA,0.18758,NA,0
CHIPID2000504,RNBX_WB_NDMM,NA,NA,10.076597741935483,NA,0.41944,NA,NA,NA,0.26811,NA,0
CHIPID2000505,RNBX_WB_NDMM,NA,NA,11.355573870967742,NA,0.26039,NA,NA,NA,0.45665,NA,0
CHIPID2000506,RNBX_WB_NDMM,NA,NA,9.470567096774193,NA,0.8506,NA,NA,NA,0.16837,NA,0
CHIPID2000507,RNBX_WB_NDMM,NA,NA,10.65893935483871,NA,0.21837,NA,NA,NA,0.33901,NA,0
CHIPID2000510,RNBX_WB_NDMM,NA,NA,10.397379677419355,NA,0.21379,NA,NA,NA,0.29685,NA,0
CHIPID2000511,RNBX_WB_NDMM,NA,NA,9.828935483870968,NA,0.38447,NA,NA,NA,0.24277,NA,0
CHIPID2000512,RNBX_WB_NDMM,NA,NA,10.23226677419355,NA,0.77129,NA,NA,NA,0.29649,NA,0
CHIPID2000514,RNBX_WB_NDMM,NA,NA,10.524961935483871,NA,0.84464,NA,NA,NA,0.31501,NA,0
CHIPID2000515,RNBX_WB_NDMM,NA,NA,9.37731129032258,NA,0.19314,NA,NA,NA,0.15786,NA,0
CHIPID2000518,RNBX_WB_NDMM,NA,NA,9.369433548387097,NA,0.21593,NA,NA,NA,0.17505,NA,0
CHIPID2000520,RNBX_WB_NDMM,NA,NA,10.968329677419355,NA,0.40842,NA,NA,NA,0.40281,NA,0
CHIPID2000521,RNBX_WB_NDMM,NA,NA,9.71956,NA,0.21495,NA,NA,NA,0.19877,NA,0
CHIPID2000522,RNBX_WB_NDMM,NA,NA,10.611211612903226,NA,0.73637,NA,NA,NA,0.34069,NA,0
CHIPID2000524,RNBX_WB_NDMM,NA,NA,9.289156774193549,NA,0.54722,NA,NA,NA,0.16688,NA,0
CHIPID2000525,RNBX_WB_NDMM,NA,NA,10.926762903225807,NA,0.52841,NA,NA,NA,0.39386,NA,0
CHIPID2000526,RNBX_WB_NDMM,NA,NA,9.663192903225806,NA,0.456,NA,NA,NA,0.19164,NA,0
CHIPID2000527,RNBX_WB_NDMM,NA,NA,9.455532903225807,NA,0.57647,NA,NA,NA,0.1693,NA,0
CHIPID2000530,RNBX_WB_NDMM,NA,NA,9.621139032258064,NA,0.81909,NA,NA,NA,0.18728,NA,0
CHIPID2000531,RNBX_WB_NDMM,NA,NA,10.529325161290323,NA,0.83814,NA,NA,NA,0.32982,NA,0
CHIPID2000533,RNBX_WB_NDMM,NA,NA,9.60275129032258,NA,0.16473,NA,NA,NA,0.19073,NA,0
CHIPID2000534,RNBX_WB_NDMM,NA,NA,10.396707741935483,NA,0.2982,NA,NA,NA,0.30386,NA,0
CHIPID2000535,RNBX_WB_NDMM,NA,NA,10.769515483870968,NA,0.24471,NA,NA,NA,0.35906,NA,0
CHIPID2000539,RNBX_WB_NDMM,NA,NA,10.58955129032258,NA,0.44016,NA,NA,NA,0.31791,NA,0
CHIPID2000540,RNBX_WB_NDMM,NA,NA,9.84747129032258,NA,0.33008,NA,NA,NA,0.21789,NA,0
CHIPID2000541,RNBX_WB_NDMM,NA,NA,10.431636129032258,NA,0.21963,NA,NA,NA,0.29783,NA,0
CHIPID2000542,RNBX_WB_NDMM,NA,NA,11.420411612903226,NA,0.33316,NA,NA,NA,0.44581,NA,0
CHIPID2000544,RNBX_WB_NDMM,NA,NA,9.400704838709677,NA,0.14638,NA,NA,NA,0.15615,NA,0
CHIPID2000545,RNBX_WB_NDMM,NA,NA,9.386837741935484,NA,0.78779,NA,NA,NA,0.17277,NA,0
CHIPID2000550,RNBX_WB_NDMM,NA,NA,10.193776774193548,NA,0.1785,NA,NA,NA,0.26874,NA,0
CHIPID2000551,RNBX_WB_NDMM,NA,NA,9.335902580645161,NA,0.27181,NA,NA,NA,0.153,NA,0
CHIPID2000553,RNBX_WB_NDMM,NA,NA,10.412793870967741,NA,0.20161,NA,NA,NA,0.30274,NA,0
CHIPID2000555,RNBX_WB_NDMM,NA,NA,10.10002129032258,NA,0.57172,NA,NA,NA,0.2713,NA,0
CHIPID2000557,RNBX_WB_NDMM,NA,NA,10.256424193548387,NA,0.41341,NA,NA,NA,0.2686,NA,0
CHIPID2000559,RNBX_WB_NDMM,NA,NA,10.389869677419355,NA,0.2154,NA,NA,NA,0.29631,NA,0
CHIPID2000562,RNBX_WB_NDMM,NA,NA,10.798130967741935,NA,0.37347,NA,NA,NA,0.35117,NA,0
CHIPID2000563,RNBX_WB_NDMM,NA,NA,9.570256774193549,NA,0.47174,NA,NA,NA,0.20098,NA,0
CHIPID2000567,RNBX_WB_NDMM,NA,NA,9.227344516129032,NA,0.26588,NA,NA,NA,0.1397,NA,0
CHIPID2000568,RNBX_WB_NDMM,NA,NA,10.247008387096773,NA,0.12013,NA,NA,NA,0.28547,NA,0
CHIPID2000569,RNBX_WB_NDMM,NA,NA,9.90757870967742,NA,0.26468,NA,NA,NA,0.21919,NA,0
