"GENE","Probe_ID","Correlation_to_GeneMean","Training_SD"
"GEP1Q27","PROBE0027_at",1,0.926001666868731
"GEP1Q07","PROBE0007_at",1,1.21162633264018
"GEP1Q30","PROBE0030_at",1,1.0501013253404
"GEP1Q09","PROBE0009_at",1,1.11454333079194
"GEP1Q19","PROBE0019_at",1,1.08243666538701
"GEP1Q03","PROBE0003_at",1,0.954238765045086
"GEP1Q21","PROBE0021_at",1,1.28509610497784
"GEP1Q02","PROBE0002_at",1,1.15758017819795
"GEP1Q110","PROBE0110_at",1,0.603992387419542
"GEP1Q43","PROBE0043_at",1,0.606339281503557
"GEP1Q72","PROBE0072_at",1,0.578360956019546
"GEP1Q17","PROBE0017_at",1,1.24231861619522
"GEP1Q97","PROBE0097_at",1,0.572565182337545
"GEP1Q01","PROBE0001_at",1,1.1697969485763
"GEP1Q16","PROBE0016_at",1,0.929219722440885
"GEP1Q33","PROBE0033_at",1,1.21011253530912
"GEP1Q18","PROBE0018_at",1,0.93153485440592
"GEP1Q46","PROBE0046_at",1,0.786131995695792
"GEP1Q29","PROBE0029_at",1,1.11579743694186
"GEP1Q10","PROBE0010_at",1,1.37062123089758
"GEP1Q04","PROBE0004_at",1,1.33654909322684
"GEP1Q35","PROBE0035_at",1,0.96976044735305
"GEP1Q89","PROBE0089_at",1,1.11537872481402
"GEP1Q12","PROBE0012_at",1,1.29947805911676
"GEP1Q61","PROBE0061_at",1,0.725722630614501
"GEP1Q13","PROBE0013_at",1,1.28626779034725
"GEP1Q106","PROBE0106_at",1,0.621861731195211
"GEP1Q24","PROBE0024_at",1,1.6799758593575
"GEP1Q42","PROBE0042_at",1,0.645679026326009
"GEP1Q15","PROBE0015_at",1,1.24824226037983
"GEP1Q05","PROBE0005_at",1,0.861274536048365
"GEP1Q31","PROBE0031_at",1,1.30451665963831
"GEP1Q32","PROBE0032_at",1,1.17015678693711
"GEP1Q82","PROBE0082_at",1,1.14201196539236
"GEP1Q70","PROBE0070_at",1,0.699443024842975
"GEP1Q56","PROBE0056_at",1,1.14060602031428
"GEP1Q36","PROBE0036_at",1,1.13323823707213
"GEP1Q105","PROBE0105_at",1,0.901853128626833
"GEP1Q22","PROBE0022_at",1,0.882468892452352
"GEP1Q14","PROBE0014_at",1,1.36129955973387
