cutpoint,n_low,n_high,HR,CI_lower_95,CI_upper_95,p_value,score_metric
11.670530483870968,163,48,0.2428213253055508,0.11712505598471404,0.5034123188025563,1.4178275795425212e-4,1.41542939290595
11.675349516129032,164,47,0.24316269244472477,0.11728646243847568,0.5041340131473768,1.440456953118098e-4,1.4140245434341596
11.67769064516129,165,46,0.2583202084265687,0.12461927162283659,0.5354655761711073,2.7323384504668904e-4,1.3535553456782745
11.665471935483872,162,49,0.2699615649627569,0.13524601377029905,0.5388642853527532,2.0463140977272523e-4,1.3094756821065576
11.679250161290323,166,45,0.276574565576235,0.13351125545923387,0.5729366416379743,5.424031133903765e-4,1.285274817789197
11.68277193548387,167,44,0.28316916790372293,0.1366485188327318,0.5867958052984029,6.89040993692654e-4,1.2617107934858427
11.832252258064516,177,34,0.288778886159949,0.12539510437484425,0.6650438668043447,0.0035189440545165913,1.2420939835004916
11.643623870967742,160,51,0.2919442044222764,0.1510320092253589,0.5643268531810357,2.508840298021423e-4,1.2311925757177355
11.688714354838709,168,43,0.2924984040964819,0.14107976706372016,0.6064322204355983,9.516761466092701e-4,1.229296068405514
11.65548935483871,161,50,0.29966927363675105,0.15496459173457444,0.57949801665526,3.416913930411069e-4,1.2050758336500011
11.77913693548387,174,37,0.30146510771569246,0.13881227131980373,0.6547058866334423,0.002442059347970492,1.1991009984815217
11.699527741935484,169,42,0.30177373811795705,0.14547539996090345,0.6259985471231543,0.0012902029625108272,1.19807775393643
11.854998387096774,178,33,0.3071749089832344,0.1332576645389622,0.7080750291948138,0.005603523561570604,1.180337957531193
11.52873564516129,152,59,0.3126135336493335,0.1735515752204121,0.5631018980761683,1.076623137686031e-4,1.162787568108068
11.553107580645161,153,58,0.3171845388904092,0.17604655622297152,0.5714740115887249,1.3198691137036484e-4,1.148271532873428
11.882001290322581,179,32,0.3189815346083373,0.13827866450187812,0.7358273222237253,0.007378355345338464,1.1426220631130297
11.812017258064515,175,36,0.3193710777463875,0.1469716901050646,0.6939968182169953,0.0039460042969550945,1.1414015991285043
11.567947258064516,154,57,0.32148361540827203,0.17838851495567215,0.5793630548561698,1.5916586627454422e-4,1.1348086995633924
11.482665483870967,150,61,0.3223680941652282,0.1823280152540978,0.5699682958260349,9.884725008840559e-5,1.1320612367542315
11.63739435483871,159,52,0.32436429849967185,0.1723794278283032,0.610352403802963,4.817945301571199e-4,1.1258880167440166
11.709790483870968,170,41,0.3245631428566315,0.1565234453549819,0.6730061011758922,0.002492605021044973,1.1252751766928473
11.503853548387095,151,60,0.3299780806910755,0.18656829961542837,0.583622908934748,1.3847757369543303e-4,1.1087290488759158
11.814705967741936,176,35,0.3382360888798131,0.15553785354437877,0.735535750389346,0.006239873286514484,1.0840111395180962
11.576770483870966,155,56,0.34152118055326763,0.18971316058325557,0.6148056171111631,3.4134358021972565e-4,1.0743455797766703
11.445522258064516,146,65,0.3443706961894341,0.20074528821173201,0.590754470256427,1.0815512127335561e-4,1.0660365966066008
11.713954516129032,171,40,0.34496572636038575,0.16630758317121302,0.7155497668487979,0.00424857817622793,1.0643102107686475
11.721610967741935,172,39,0.3455823937278644,0.16660086240070343,0.7168461743459527,0.0043145608357004,1.0625241874243962
11.737913548387096,173,38,0.34765720698662633,0.16758812791628963,0.7212058221099907,0.0045423137672764985,1.0565383220705782
11.467345322580645,149,62,0.347937005430596,0.1999640662756227,0.6054095718435031,1.8711756038439117e-4,1.0557338344711549
11.621905806451613,158,53,0.34859446696021296,0.1896843865231155,0.640633130763593,6.884276451035345e-4,1.053846018195982
11.454734032258063,147,64,0.3517414253643737,0.20497730877576567,0.6035889097007642,1.4919702712223588e-4,1.0448589603583287
11.595114677419355,156,55,0.3568312693566683,0.19819603548568024,0.6424374457272671,5.928303917009118e-4,1.0304922437848274
11.436756290322581,145,66,0.3622924260155316,0.21398000674459736,0.6134021768906848,1.573948343484491e-4,1.0153035865838316
11.460449516129032,148,63,0.3703263066422718,0.2159280920953711,0.6351261295391488,3.0708269709921627e-4,0.9933707521538871
10.029575000000001,32,179,0.3731564228847852,0.22953949883944488,0.6066307395642015,7.007126995858501e-5,0.9857575829445812
10.065309677419355,34,177,0.37433172423948957,0.2316483234432645,0.6049007292143369,5.9973644729416586e-5,0.9826129114798414
11.608471129032258,157,54,0.37479339286308455,0.2081805466014368,0.6747512657979206,0.0010702434908263867,0.9813803572068583
11.189191774193548,119,92,0.3792564650846444,0.2440910451443399,0.5892697383611306,1.616289797107439e-5,0.9695426138727049
11.248989193548386,124,87,0.3812661077873257,0.2427615593982978,0.5987926808000061,2.831520892847218e-5,0.9642577020190499
10.098963548387097,36,175,0.38194904746364705,0.23786254245799293,0.6133167221322834,6.800432177258631e-5,0.9624680628749639
10.054602096774193,33,178,0.38327645293127743,0.23565569746710666,0.6233706248162596,1.1134578431651763e-4,0.9589987409604321
11.409018709677419,141,70,0.38514089554594616,0.2327667135760432,0.637262549885484,2.0429152283360876e-4,0.9541460491852767
11.428351935483871,144,67,0.3852627047350339,0.23023103734735173,0.6446887151701451,2.8215457062520514e-4,0.9538298274281137
11.256889677419355,125,86,0.38931426701843963,0.2478193743545565,0.6115970508716531,4.2495744267651136e-5,0.9433683771604404
11.17931306451613,117,94,0.39168094978417,0.2532779802445613,0.6057137942891656,2.510047989791388e-5,0.9373076742028607
11.262385645161292,126,85,0.3924226518788784,0.24975527405542888,0.6165857289302918,4.961593577862508e-5,0.9354158264563298
11.411313709677419,142,69,0.3948092995889517,0.23854485248940163,0.6534384683435751,3.001273780665685e-4,0.9293524165103824
11.185641451612902,118,93,0.395672554728995,0.2557993301511027,0.6120296346096382,3.0988654285323934e-5,0.9271682917806355
11.238463709677418,123,88,0.3968678007927725,0.254095237755621,0.619862271710787,4.861529827694354e-5,0.9241520492344544
10.07259258064516,35,176,0.39862578303506097,0.24676482383789558,0.6439431375547331,1.7077422723153787e-4,0.9197321893137733
11.198313387096775,120,91,0.4006497845166643,0.25835905611202814,0.6213068442379107,4.387247728093826e-5,0.9146675885925606
11.024200967741935,102,109,0.4017133146118298,0.2648245024990594,0.6093604844476056,1.7867379562158488e-5,0.9120165925056886
10.122439838709678,37,174,0.4021523868863671,0.25307036327179505,0.6390576130193073,1.1584895546284557e-4,0.9109241903360658
11.01818193548387,101,110,0.40241662606052525,0.26557693220794487,0.6097635799299744,1.762906974993687e-5,0.9102673438023154
11.345542096774194,137,74,0.40347854963206226,0.24838289610163997,0.6554192843720436,2.4566174849832836e-4,0.9076319534483837
11.298838548387096,130,81,0.40568166350343793,0.2553854392170032,0.6444283300077794,1.3301188109748603e-4,0.9021865069727267
11.209287096774194,121,90,0.4060402119900196,0.26133265508887654,0.6308765879137069,6.102131124917873e-5,0.9013030799745751
11.406479032258066,140,71,0.40675366104202604,0.24823010608336837,0.6665127908196814,3.568967653314084e-4,0.8995475322055464
11.164817096774193,114,97,0.4067766458711904,0.26475249810530604,0.624988397882466,4.0431302533046066e-5,0.8994910258185682
11.278008225806452,129,82,0.40683952453242594,0.25741946534294335,0.6429909972086256,1.1761705220442649e-4,0.8993364599098559
11.418409677419355,143,68,0.40705446973377946,0.24586747794510305,0.6739132101369021,4.754288711034637e-4,0.8988082702245529
11.174969032258064,115,96,0.4074005054774234,0.26454976292594345,0.627387339257311,4.5779368254618155e-5,0.8979585344503305
11.222410161290323,122,89,0.40749357488198956,0.2622470496486829,0.6331854401891365,6.546075880431455e-5,0.8977301135862844
11.267820322580645,127,84,0.4076723933552716,0.2595244750684995,0.6403896212877377,9.853420964308283e-5,0.8972913845835587
11.175760161290322,116,95,0.4083803610285262,0.26516950752332474,0.6289355093330996,4.8094390710945094e-5,0.8955562814371808
11.316851129032258,133,78,0.409959096128497,0.25629044352779834,0.6557656157018008,1.988193612242431e-4,0.8916978898009473
10.280254677419354,45,166,0.41286618918692675,0.2671937407588094,0.6379583956182744,6.76269050549247e-5,0.8846317356455984
11.150289193548387,113,98,0.414281509401647,0.27062290703126557,0.6342004485683774,4.991237830293214e-5,0.8812095618345561
11.033297903225806,103,108,0.4145758741905156,0.2732729833978296,0.6289430931802651,3.463701866035143e-5,0.8804992712415743
10.298511612903226,46,165,0.4145761498870646,0.26935692441384473,0.6380878621524225,6.280569434646665e-5,0.8804986062331296
11.34011806451613,136,75,0.41468977264565116,0.25739143562351285,0.6681170533911599,2.9769250949826786e-4,0.8802245740892534
10.31725629032258,47,164,0.4153953045085224,0.26987298650376346,0.6393869250982694,6.538379322545138e-5,0.8785246711463255
11.012845806451613,100,111,0.41631342203354155,0.2753291483843549,0.629489708526357,3.2674585418013795e-5,0.8763168840481431
11.312826774193548,131,80,0.4169353910849039,0.2624046529020818,0.6624696567556277,2.131129216654419e-4,0.8748240066336552
11.044648064516128,104,107,0.42009314896810745,0.27682168943744356,0.637515991498279,4.5947575792975344e-5,0.8672788090375952
11.270352096774193,128,83,0.421534852084074,0.26833149629722286,0.6622093715182744,1.7789456404262733e-4,0.8638528191125486
10.843876935483872,83,128,0.4219815559447343,0.28081908110255616,0.6341037541266923,3.290929350691679e-5,0.8627936721933719
11.351431935483872,138,73,0.42204951338414576,0.25990503659297826,0.685349518742672,4.876835020904741e-4,0.8626326415346016
11.379519032258065,139,72,0.42420139873883606,0.26121154098488536,0.688893094131692,5.275553872997746e-4,0.8575469394999992
10.276392258064515,44,167,0.42714581219853215,0.2753992804386201,0.6625055250259021,1.455355572229002e-4,0.8506298434861054
11.325740967741936,134,77,0.42864570435987953,0.2680975661284317,0.6853368440434042,4.030988267446899e-4,0.8471245652306244
10.15336806451613,38,173,0.4292958343859577,0.27032292194915325,0.6817583654848213,3.3932843738484114e-4,0.8456090070692379
10.384848387096774,52,159,0.4297253764059663,0.2819013962699631,0.6550655710495521,8.61620905214845e-5,0.8446089338454045
11.33572693548387,135,76,0.4300919392397866,0.26898672546765123,0.6876884942089314,4.258079427856754e-4,0.8437562809635464
10.374887419354838,51,160,0.43091388750470366,0.2819002075738259,0.658696848940019,1.0097847440791998e-4,0.8418470058133087
11.008865967741936,99,112,0.43097477840831216,0.2855625721004694,0.6504327869646208,6.11932027300686e-5,0.8417057093648973
10.865982903225806,84,127,0.4311339427185788,0.2867924877552111,0.6481218459345415,5.232045045351543e-5,0.8413364651891349
11.314663709677419,132,79,0.43309475766340366,0.27260520810846905,0.6880685457810043,3.9583740219297403e-4,0.836798735052306
11.144479354838708,112,99,0.4331878725706842,0.28387556143807763,0.6610351803152601,1.0461088624803472e-4,0.8365837592363555
11.050755322580645,105,106,0.4350536542745432,0.2867065103474179,0.6601582987016337,9.162025006841158e-5,0.8322859123397257
11.071521451612902,106,105,0.4366808467506213,0.28774545560383313,0.6627043388701892,9.895290591405887e-5,0.8285526785075961
10.822809193548387,82,129,0.43778183053510694,0.2914660859118604,0.6575479632461427,6.89538370450266e-5,0.8260345965017247
11.093983709677419,107,104,0.43861135790302086,0.28889032028346945,0.6659272041124874,1.0958089626041817e-4,0.8241415475219189
10.962835967741935,95,116,0.4399935089710168,0.2924924862810345,0.661877815728291,8.120215108999577e-5,0.8209953045172452
10.897245806451613,87,124,0.4407612980102109,0.2934689560255587,0.6619798034335412,7.886529108023301e-5,0.819251824430399
10.394433225806452,54,157,0.44105105936164246,0.28996166934691525,0.6708681095751753,1.3056286757966452e-4,0.8185946293719757
10.320404193548388,48,163,0.4411331562639578,0.2867681932607829,0.6785915109436018,1.9568252567169118e-4,0.818408507468867
10.909099838709679,88,123,0.4425801367155549,0.2946482624598545,0.6647830731458914,8.603387570637626e-5,0.8151337310086062
10.997669516129033,98,113,0.44274155249293046,0.29388476870001956,0.6669963985235866,9.745687296703882e-5,0.8147690821332161
11.136712258064517,111,100,0.44303296199444325,0.291259455311014,0.6738947073974958,1.4221668191274607e-4,0.8141111053970151
10.350782258064516,50,161,0.44329783276384044,0.2891719050800583,0.679571442041413,1.8984184543121261e-4,0.8135134261132796
10.788876774193547,80,131,0.44347489499383674,0.29543741308421667,0.6656908494989165,8.726222292219441e-5,0.8131140853875063
10.964913870967742,96,115,0.4447887253289612,0.2956016793653175,0.6692688979458281,1.0179751181697934e-4,0.8101558840986757
10.402539999999998,55,156,0.44557582561046544,0.29288357252381836,0.6778728306870201,1.5932028600283352e-4,0.808387843163732
10.272065322580644,43,168,0.44611903460083513,0.2864086656264107,0.6948888665707629,3.57227171707403e-4,0.8071694688480214
10.92181129032258,89,122,0.44612657548996654,0.29694933947963703,0.6702453748749726,1.0167474733028681e-4,0.807152565679104
10.977038870967743,97,114,0.44651881418767164,0.2967151125312545,0.6719544876655477,1.104152641146807e-4,0.806273742514865
10.269671612903226,42,169,0.4472041754951485,0.28573723436196063,0.6999142937281817,4.2972195262200845e-4,0.8047400202099968
10.389238870967741,53,158,0.4489409228309355,0.2944639585752966,0.6844571171543042,1.9771038385238735e-4,0.8008639748834113
10.959696451612903,94,117,0.45192151471610825,0.30084016473075964,0.6788756270163673,1.3052443983295977e-4,0.7942467542356876
10.884800645161292,85,126,0.4521648230576451,0.30120176251039016,0.6787909390261246,1.286058535208028e-4,0.7937085128371726
10.891013387096773,86,125,0.4526256829490902,0.3016402951786161,0.6791864752148472,1.290268544160467e-4,0.7926898020345257
11.123739516129032,110,101,0.45410430602497187,0.2994222468435143,0.688695388950816,2.0309349488326027e-4,0.7894283583753556
10.932556129032259,91,120,0.4542226126404506,0.30283261731222977,0.6812944512552175,1.3603038173163538e-4,0.7891678649038607
10.2288,40,171,0.4546314219278956,0.2891242236474026,0.7148820918452196,6.417428851775191e-4,0.788268250005391
10.807525483870968,81,130,0.4548295392925268,0.3028884361838388,0.6829904515981324,1.45845846170951e-4,0.7878325691434017
10.409380967741935,56,155,0.45588844686334523,0.2995736615810433,0.6937668514868688,2.4578527290931493e-4,0.7855071334671578
10.267763548387096,41,170,0.4579320955459032,0.29118212936968896,0.7201740181823515,7.223576742723559e-4,0.7810343688602086
10.762355806451612,79,132,0.4612394479055374,0.3072801786890536,0.6923382732066328,1.8827275210042156e-4,0.7738379610586532
10.328495322580645,49,162,0.46386698933337644,0.3015702668202916,0.7135072898994848,4.7146127247252946e-4,0.7681574287704243
10.747591612903225,78,133,0.4649272996294589,0.30967283104524823,0.6980185934011001,2.208078094029656e-4,0.7658742305008001
10.939403548387098,92,119,0.4655571462111423,0.3102853292825291,0.6985295015057189,2.2156983017656458e-4,0.7645204267253654
10.949229032258064,93,118,0.4665965211602874,0.31095806307596424,0.7001340032970856,2.3167807936843012e-4,0.7622903751442316
11.112574032258065,109,102,0.46930237432475386,0.3102637603167797,0.7098628545015416,3.396856317319872e-4,0.7565079969046552
11.101928387096773,108,103,0.47079875601713866,0.31175656995747747,0.7109760948983936,3.411015892270457e-4,0.7533245458740631
10.412901774193548,57,154,0.4720543816127331,0.3101264046002106,0.7185306890815724,4.616613070808277e-4,0.7506610847521382
10.718926290322582,77,134,0.47218020236913955,0.3144750184197012,0.7089725111703624,2.963574351543894e-4,0.7503945815774281
10.926645322580645,90,121,0.4722411108158554,0.31509839435259257,0.7077524695192345,2.786333322662408e-4,0.750265595825095
10.185731451612902,39,172,0.47967355882408685,0.3033339908910641,0.7585260140450115,0.0016780041714593039,0.7346494922265929
10.663648548387096,74,137,0.48711660420785646,0.32424274627399424,0.7318053798325622,5.330765001151453e-4,0.7192517508675219
10.46660064516129,59,152,0.4877971073218118,0.3219783702379229,0.7390124303558007,7.068611134909769e-4,0.7178557232674863
10.68437435483871,76,135,0.49018985515288066,0.32632082738982887,0.7363492426051982,5.944967624557088e-4,0.7129625034248369
10.48969564516129,60,151,0.4936886733757693,0.3258002513145476,0.7480918299974438,8.7279081678791e-4,0.7058501763022139
10.633942096774193,72,139,0.4945610470714631,0.32898449407296293,0.7434716033339129,7.114543822607832e-4,0.7040846834227512
10.55563241935484,64,147,0.4954512165289505,0.3279987901766278,0.748392723728737,8.462856061805314e-4,0.7022863830781834
10.580994032258065,67,144,0.49614662113163893,0.3288293247000331,0.7485995048796125,8.388409550328293e-4,0.700883788820146
10.671388387096773,75,136,0.499380092709435,0.3322981671311767,0.7504720207982353,8.342611584150002e-4,0.6943877643470207
10.567552580645161,65,146,0.49970486125365976,0.3307548828868224,0.754954684814081,9.837779992341608e-4,0.6937376323349717
10.42925064516129,58,153,0.5070587971112974,0.33391893126792904,0.769973187059759,0.0014403593958635065,0.6791283114813053
10.499409838709678,61,150,0.5073878913925179,0.334746955292923,0.7690659116121563,0.0013867958322728144,0.6784794961290652
10.622551612903226,71,140,0.5078060050088244,0.3375027385119077,0.764043989272473,0.00114937172133905,0.6776557842422434
10.648350161290322,73,138,0.5081679479675557,0.33794071634680417,0.7641419067022065,0.00114439329956547,0.6769432798065086
10.532182096774193,63,148,0.5124666782577411,0.33866846486923907,0.7754548284438656,0.0015600308833286806,0.6685195881170137
10.586539193548386,68,143,0.5143809186699697,0.3408723795914994,0.7762075936127276,0.0015416725528596081,0.6647912010897222
10.574871451612903,66,145,0.5145697061718407,0.34050537648311763,0.7776146892144669,0.0016110169916877218,0.664424249557877
10.610413548387097,70,141,0.519231811753889,0.3447344796074663,0.7820560178494746,0.001710700486197134,0.6554048447568093
10.513753387096774,62,149,0.5248470354349657,0.3461930726563169,0.7956959060192962,0.0023940129181764438,0.644648419920654
10.597297903225806,69,142,0.5381153861443456,0.3567847906962873,0.8116045760811952,0.0031211083905651913,0.6196822694290076
