"Probe_ID","Gene","PC_ME_Other","PC_ME_Other_Label","N_MGUS","N_GEP70_High","Mean_MGUS","Mean_GEP70_High","Log2FC_GEP70_High_vs_MGUS","FoldChange_GEP70_High_over_MGUS","T_Statistic","B_Statistic","PValue","FDR","ME_GeneSet"
"PROBE0639_at","MEHIGH008",2,"Microenvironment",45,43,9.25286222222222,11.3962046511628,2.14334242894057,4.41784385560372,16.2151406725716,55.8944029151102,3.23212977890149e-29,1.2928519115606e-25,"GEP70_ME"
"PROBE0704_at","MEHIGH073",2,"Microenvironment",45,43,10.2264506666667,12.5381730232558,2.31172235658915,4.96475441835653,15.7865064777166,54.0563596245664,2.10690792519922e-28,4.21381585039845e-25,"GEP70_ME"
"PROBE0696_at","MEHIGH065",2,"Microenvironment",45,43,7.06813822222222,9.1568588372093,2.08872061498708,4.25370686048453,15.0735890709221,50.9458497870279,5.01193451922793e-27,5.01193451922793e-24,"GEP70_ME"
"PROBE0644_at","MEHIGH013",2,"Microenvironment",45,43,7.007748,8.95779534883721,1.95004734883721,3.86387212479271,14.8597293365655,49.9999230208272,1.3129089144544e-26,1.05032713156352e-23,"GEP70_ME"
"PROBE0694_at","MEHIGH063",2,"Microenvironment",45,43,10.1517355555556,12.0831211627907,1.93138560723514,3.81421351770443,14.5005054995273,48.3979278659592,6.70209378429135e-26,4.4680625228609e-23,"GEP70_ME"
"PROBE0675_at","MEHIGH044",2,"Microenvironment",45,43,8.90809333333333,11.0269223255814,2.11882899224806,4.34341255470446,13.333596183762,43.0846517807266,1.48502534692679e-23,8.48585912529591e-21,"GEP70_ME"
"PROBE0725_at","MEHIGH094",2,"Microenvironment",45,43,11.5725582222222,13.4693141860465,1.89675596382429,3.72374934271988,13.0344469792498,41.6970003469876,6.07773350193635e-23,2.70121488974949e-20,"GEP70_ME"
"PROBE0656_at","MEHIGH025",2,"Microenvironment",45,43,10.2998106666667,12.0942469767442,1.79443631007752,3.46879915431183,12.8345748566408,40.7644211233913,1.56651130314373e-22,6.2660452125749e-20,"GEP70_ME"
"PROBE0657_at","MEHIGH026",2,"Microenvironment",45,43,8.85452088888889,10.9227746511628,2.0682537622739,4.19378750179068,12.5699000296776,39.5230307846742,5.52279631178641e-22,1.8409321039288e-19,"GEP70_ME"
"PROBE0636_at","MEHIGH005",2,"Microenvironment",45,43,8.90210622222222,10.6582511627907,1.75614494056847,3.37794289817624,12.4447256081108,38.9334586968325,1.00462777011059e-21,3.09116236957104e-19,"GEP70_ME"
"PROBE0731_at","MEHIGH100",2,"Microenvironment",45,43,7.86933555555556,9.40082069767442,1.53148514211886,2.89083274688587,12.3868570297336,38.6603758797769,1.32541909696207e-21,3.78691170560591e-19,"GEP70_ME"
"PROBE0723_at","MEHIGH092",2,"Microenvironment",45,43,9.54441977777778,10.8938093023256,1.3493895245478,2.54804282385061,12.049266915778,37.0609512713864,6.71598541141455e-21,1.58023186150931e-18,"GEP70_ME"
"PROBE0665_at","MEHIGH034",2,"Microenvironment",45,43,8.84900044444444,10.623101627907,1.77410118346254,3.42024858239913,11.9399977386427,36.5410349170218,1.13805516945598e-20,2.52901148767996e-18,"GEP70_ME"
"PROBE0655_at","MEHIGH024",2,"Microenvironment",45,43,8.44786577777778,10.38927,1.94140422222222,3.84079302790161,11.8141040464359,35.9407355343781,2.0922315320614e-20,4.40469796223452e-18,"GEP70_ME"
"PROBE0681_at","MEHIGH050",2,"Microenvironment",45,43,8.58490377777778,10.2967851162791,1.71188133850129,3.27587733982947,11.7093449476809,35.4402009917107,3.47609587037318e-20,6.95219174074635e-18,"GEP70_ME"
"PROBE0680_at","MEHIGH049",2,"Microenvironment",45,43,6.92090244444444,8.92025488372093,1.99935243927649,3.99820498332217,11.5623744850154,34.7364954870395,7.09655164116403e-20,1.29028211657528e-17,"GEP70_ME"
"PROBE0651_at","MEHIGH020",2,"Microenvironment",45,43,7.40409511111111,9.10798441860465,1.70388930749355,3.25778028559378,11.5625398424412,34.7372881783841,7.09084888783618e-20,1.29028211657528e-17,"GEP70_ME"
"PROBE0633_at","MEHIGH002",2,"Microenvironment",45,43,7.95121977777778,10.3266348837209,2.37541510594315,5.18885098941071,11.5306175431649,34.5842201564739,8.28162938022259e-20,1.38027156337043e-17,"GEP70_ME"
"PROBE0716_at","MEHIGH085",2,"Microenvironment",45,43,8.68985511111111,10.2757058139535,1.58585070284238,3.00184753305121,11.5008427543828,34.4413798514176,9.57255118495936e-20,1.5316081895935e-17,"GEP70_ME"
"PROBE0701_at","MEHIGH070",2,"Microenvironment",45,43,6.02477111111111,7.75642511627907,1.73165400516796,3.32108352085564,11.3933063278433,33.9249415679856,1.61613697450932e-19,2.48636457616818e-17,"GEP70_ME"
"PROBE0646_at","MEHIGH015",2,"Microenvironment",45,43,6.848942,8.78297372093023,1.93403172093024,3.82121576272162,11.36645114235,33.7958399708888,1.84219508476669e-19,2.72917790335806e-17,"GEP70_ME"
"PROBE0682_at","MEHIGH051",2,"Microenvironment",45,43,8.53657822222222,10.9407853488372,2.40420712661499,5.29344568099673,11.2646426232759,33.3059538596802,3.0274723676578e-19,4.32496052522543e-17,"GEP70_ME"
"PROBE0638_at","MEHIGH007",2,"Microenvironment",45,43,7.75836422222222,9.87017395348837,2.11180973126615,4.32233152317315,11.2230004279998,33.1053740895095,3.71033111244986e-19,5.11769808613773e-17,"GEP70_ME"
"PROBE0672_at","MEHIGH041",2,"Microenvironment",45,43,8.261746,9.94272232558139,1.6809763255814,3.20644869980279,11.14166835676,32.7132882898071,5.5217681841827e-19,7.12486217313897e-17,"GEP70_ME"
"PROBE0699_at","MEHIGH068",2,"Microenvironment",45,43,7.405716,9.01433046511628,1.60861446511628,3.04958824877191,11.1212587088122,32.6148305061773,6.1014916322616e-19,7.626864540327e-17,"GEP70_ME"
"PROBE0647_at","MEHIGH016",2,"Microenvironment",45,43,8.67934955555556,10.282893255814,1.6035437002584,3.03888841241242,11.0926648236462,32.4768471559881,7.01777302432934e-19,8.50639154464162e-17,"GEP70_ME"
"PROBE0710_at","MEHIGH079",2,"Microenvironment",45,43,9.06707377777778,11.1314195348837,2.06434575710595,4.18244264727655,10.9307617324293,31.694628645611,1.55115171904351e-18,1.77274482176401e-16,"GEP70_ME"
"PROBE0724_at","MEHIGH093",2,"Microenvironment",45,43,8.53923088888889,9.99463279069767,1.45540190180879,2.74232945376166,10.647976041592,30.3249166927405,6.22004629942222e-18,6.37953466607407e-16,"GEP70_ME"
"PROBE0730_at","MEHIGH099",2,"Microenvironment",45,43,9.60012955555556,11.5004209302326,1.90029137467701,3.73288580430175,10.531898330762,29.7615647401127,1.10117693237171e-17,1.10117693237171e-15,"GEP70_ME"
"PROBE0705_at","MEHIGH074",2,"Microenvironment",45,43,7.764434,9.78533255813953,2.02089855813954,4.05836481586076,10.5001998669275,29.6076252731729,1.2871883971901e-17,1.25579355823425e-15,"GEP70_ME"
"PROBE0664_at","MEHIGH033",2,"Microenvironment",45,43,10.6104428888889,12.5869455813953,1.97650269250646,3.9353793003793,10.4885930423935,29.551248104652,1.36290948040356e-17,1.29800902895577e-15,"GEP70_ME"
"PROBE0676_at","MEHIGH045",2,"Microenvironment",45,43,8.59905955555556,10.2055534883721,1.60649393281654,3.04510913157836,9.92338598495513,26.8007503945167,2.21652366831749e-16,1.92741188549347e-14,"GEP70_ME"
"PROBE0721_at","MEHIGH090",2,"Microenvironment",45,43,9.19726688888889,10.9535386046512,1.75627171576227,3.3782397441274,9.84734955145109,26.4302014990299,3.22747981807795e-16,2.74679133453443e-14,"GEP70_ME"
"PROBE0685_at","MEHIGH054",2,"Microenvironment",45,43,9.10019777777778,10.5881090697674,1.48791129198966,2.80482603366046,9.81386609838384,26.2670064001034,3.8083526544311e-16,3.17362721202592e-14,"GEP70_ME"
"PROBE0700_at","MEHIGH069",2,"Microenvironment",45,43,7.55578222222222,9.12478697674419,1.56900475452197,2.9669996456612,9.65845363841844,25.5094478771351,8.21097189714612e-16,6.70283420175193e-14,"GEP70_ME"
"PROBE0645_at","MEHIGH014",2,"Microenvironment",45,43,8.67051177777778,10.050506744186,1.37999496640827,2.60267463008441,9.60918324215368,25.269268137064,1.04757541624276e-15,8.21627777445303e-14,"GEP70_ME"
"PROBE0712_at","MEHIGH081",2,"Microenvironment",45,43,8.14474355555556,9.52473395348837,1.37999039793282,2.60266638840062,9.60974308518352,25.2719971993816,1.0446798620784e-15,8.21627777445303e-14,"GEP70_ME"
"PROBE0707_at","MEHIGH076",2,"Microenvironment",45,43,8.651676,10.0033853488372,1.35170934883721,2.55214332077276,9.2634631738872,23.5845148064013,5.78587539355752e-15,4.06026343407546e-13,"GEP70_ME"
"PROBE0642_at","MEHIGH011",2,"Microenvironment",45,43,10.7737448888889,12.5456662790698,1.77192139018088,3.41508477076037,8.96224949575935,22.1187376079455,2.56025994843858e-14,1.73576945656853e-12,"GEP70_ME"
"PROBE0689_at","MEHIGH058",2,"Microenvironment",45,43,10.5725873333333,12.5713553488372,1.99876801550388,3.99658567171454,8.92682265668351,21.9465536475709,3.04911608165983e-14,1.99942038141628e-12,"GEP70_ME"
"PROBE0666_at","MEHIGH035",2,"Microenvironment",45,43,8.76156288888889,10.2048190697674,1.44325618087856,2.71933931689145,8.91010988272007,21.8653438468233,3.31106927347703e-14,2.13617372482389e-12,"GEP70_ME"
"PROBE0691_at","MEHIGH060",2,"Microenvironment",45,43,11.1237766666667,12.9943823255814,1.87060565891472,3.65686066820785,8.86539686676988,21.6481389181208,4.12769929211834e-14,2.62076145531323e-12,"GEP70_ME"
"PROBE0703_at","MEHIGH072",2,"Microenvironment",45,43,9.48525244444444,10.8249365116279,1.33968406718346,2.53095887777567,8.84015152307932,21.5255448548195,4.67463460608794e-14,2.92164662880496e-12,"GEP70_ME"
"PROBE0679_at","MEHIGH048",2,"Microenvironment",45,43,8.51620888888889,9.82740465116279,1.3111957622739,2.48147128855833,8.83595099348366,21.5051496590959,4.77241361709163e-14,2.93686991821023e-12,"GEP70_ME"
"PROBE0728_at","MEHIGH097",2,"Microenvironment",45,43,10.5748075555556,12.3110302325581,1.73622267700259,3.33161727209042,8.76423239240663,21.1570673663193,6.79491889240329e-14,4.05666799546465e-12,"GEP70_ME"
"PROBE0653_at","MEHIGH022",2,"Microenvironment",45,43,7.69958222222222,9.35291,1.65332777777778,3.14558375848309,8.71811869762793,20.933403670255,8.5268948910903e-14,4.94312747309582e-12,"GEP70_ME"
"PROBE0663_at","MEHIGH032",2,"Microenvironment",45,43,9.13463644444444,10.6437023255814,1.50906588113695,2.84625689474578,8.5879436358191,20.3027056290494,1.6176473516885e-13,8.98692973160279e-12,"GEP70_ME"
"PROBE0688_at","MEHIGH057",2,"Microenvironment",45,43,11.1869937777778,12.7118188372093,1.52482505943152,2.87751821226794,8.56503736489445,20.1918378600339,1.81040014145779e-13,9.87401333508655e-12,"GEP70_ME"
"PROBE0673_at","MEHIGH042",2,"Microenvironment",45,43,8.22590311111111,9.4974588372093,1.27155572609819,2.41421761692813,8.31109226682796,18.9653467300649,6.29166555853612e-13,3.26839769274603e-11,"GEP70_ME"
"PROBE0641_at","MEHIGH010",2,"Microenvironment",45,43,8.72402377777778,9.76565837209302,1.04163459431525,2.05855870924791,8.26682562736394,18.7520953308339,7.81366100839937e-13,3.95628405488576e-11,"GEP70_ME"
"PROBE0662_at","MEHIGH031",2,"Microenvironment",45,43,8.64841755555556,10.5607725581395,1.91235500258398,3.76423057670749,8.23348995607169,18.5916210760831,9.19735891526136e-13,4.5419056371661e-11,"GEP70_ME"
"PROBE0670_at","MEHIGH039",2,"Microenvironment",45,43,9.46229844444444,10.6355920930233,1.17329364857881,2.25525981695927,8.21290067347365,18.4925586139248,1.01712991707769e-12,4.96160935159848e-11,"GEP70_ME"
"PROBE0717_at","MEHIGH086",2,"Microenvironment",45,43,8.19908355555556,9.91933348837209,1.72024993281654,3.29493483488818,8.09974000522455,17.9488457355627,1.76739905019866e-12,8.51758578408994e-11,"GEP70_ME"
"PROBE0677_at","MEHIGH046",2,"Microenvironment",45,43,10.0132802222222,11.4247079069767,1.41142768475452,2.66000265324024,8.05084967218359,17.7143472089677,2.24308077291303e-12,1.05556742254731e-10,"GEP70_ME"
"PROBE0652_at","MEHIGH021",2,"Microenvironment",45,43,9.37547088888889,11.0796151162791,1.70414422739019,3.25835597648168,8.01933699565141,17.5633368021591,2.61522311776468e-12,1.21638284547195e-10,"GEP70_ME"
"PROBE0659_at","MEHIGH028",2,"Microenvironment",45,43,10.2350353333333,11.5054760465116,1.27044071317829,2.41235246608856,7.92520371630898,17.1129164644285,4.13406493290675e-12,1.90071950938241e-10,"GEP70_ME"
"PROBE0635_at","MEHIGH004",2,"Microenvironment",45,43,8.97418888888889,10.5535453488372,1.57935645994832,2.98836518591897,7.84298609845213,16.720377571543,6.16208877159749e-12,2.70861044905384e-10,"GEP70_ME"
"PROBE0684_at","MEHIGH053",2,"Microenvironment",45,43,8.48961666666667,10.0043141860465,1.51469751937985,2.85738912621461,7.69751561212668,16.0279784530212,1.24621439978769e-11,5.30303999909656e-10,"GEP70_ME"
"PROBE0714_at","MEHIGH083",2,"Microenvironment",45,43,10.4716308888889,11.7283158139535,1.2566849250646,2.38946051055239,7.68951749468181,15.9899930054092,1.29531755879567e-11,5.45396866861336e-10,"GEP70_ME"
"PROBE0678_at","MEHIGH047",2,"Microenvironment",45,43,9.00641533333333,10.0956855813953,1.08927024806201,2.12766386603408,7.65016155120497,15.8032118945793,1.56642352071768e-11,6.526764669657e-10,"GEP70_ME"
"PROBE0698_at","MEHIGH067",2,"Microenvironment",45,43,11.7628342222222,13.2279451162791,1.46511089405685,2.76084691362805,7.26074574205189,13.9680343619783,1.01474968817412e-10,4.05899875269647e-09,"GEP70_ME"
"PROBE0722_at","MEHIGH091",2,"Microenvironment",45,43,10.5519948888889,12.0733176744186,1.52132278552972,2.87054124618351,7.226028385263,13.8056771564573,1.19728966618028e-10,4.74174125219912e-09,"GEP70_ME"
"PROBE0660_at","MEHIGH029",2,"Microenvironment",45,43,9.555044,10.7147997674419,1.15975576744187,2.23419601907438,7.19760108694312,13.6729018767944,1.3707456461839e-10,5.37547312228982e-09,"GEP70_ME"
"PROBE0674_at","MEHIGH043",2,"Microenvironment",45,43,9.54762622222222,11.0743125581395,1.52668633591731,2.88123300522074,7.18800654988095,13.6281229327632,1.43474430295368e-10,5.57182253574245e-09,"GEP70_ME"
"PROBE0711_at","MEHIGH080",2,"Microenvironment",45,43,8.379052,9.71848302325581,1.33943102325581,2.53051499490756,7.15336745761319,13.466603462014,1.69146688332399e-10,6.50564185893841e-09,"GEP70_ME"
"PROBE0640_at","MEHIGH009",2,"Microenvironment",45,43,8.94607222222222,10.9074244186047,1.96135219638243,3.89426806462243,7.12106167303675,13.3161724453259,1.97175639216868e-10,7.51145292254737e-09,"GEP70_ME"
"PROBE0690_at","MEHIGH059",2,"Microenvironment",45,43,9.13571288888889,10.2111430232558,1.07543013436693,2.10735027720507,7.02624358058028,12.8758498432665,3.08898137679118e-10,1.15475939319296e-08,"GEP70_ME"
"PROBE0697_at","MEHIGH066",2,"Microenvironment",45,43,8.92390533333333,10.6882318604651,1.76432652713178,3.39715378122088,7.00397327624521,12.7726948941761,3.43162766855814e-10,1.27097321057709e-08,"GEP70_ME"
"PROBE0719_at","MEHIGH088",2,"Microenvironment",45,43,8.37884311111111,9.81751627906977,1.43867316795866,2.71071449143421,6.80962610850338,11.8770058762563,8.55783403556175e-10,3.08390415695919e-08,"GEP70_ME"
"PROBE0695_at","MEHIGH064",2,"Microenvironment",45,43,11.3463333333333,13.2990272093023,1.95269387596899,3.87096664384923,6.75922254115758,11.646094008087,1.08326140564126e-09,3.86879073443309e-08,"GEP70_ME"
"PROBE0708_at","MEHIGH077",2,"Microenvironment",45,43,9.30480688888889,10.7107353488372,1.40592845994832,2.649882629022,6.74331663963348,11.5733482505588,1.16677861962109e-09,4.13018980396847e-08,"GEP70_ME"
"PROBE0632_at","MEHIGH001",2,"Microenvironment",45,43,11.9610824444444,12.9508881395349,0.989805695090443,1.9859175057184,6.63414285477718,11.0756825581285,1.93962935684645e-09,6.80571704156647e-08,"GEP70_ME"
"PROBE0634_at","MEHIGH003",2,"Microenvironment",45,43,6.80338822222222,8.08977534883721,1.28638712661499,2.43916461534299,6.5823698689967,10.84070628407,2.46592741894385e-09,8.50319799635809e-08,"GEP70_ME"
"PROBE0687_at","MEHIGH056",2,"Microenvironment",45,43,7.75744866666667,9.43057209302326,1.67312342635659,3.18904272548757,6.50165718241002,10.4757551385481,3.58071243045877e-09,1.21380082388433e-07,"GEP70_ME"
"PROBE0658_at","MEHIGH027",2,"Microenvironment",45,43,8.74487755555556,10.2515286046512,1.50665104909561,2.84149671810709,6.49723408100617,10.4558048673595,3.65448941284845e-09,1.22839980263814e-07,"GEP70_ME"
"PROBE0661_at","MEHIGH030",2,"Microenvironment",45,43,8.01733111111111,9.04321930232558,1.02588819121447,2.03621258705171,6.27784607713681,9.47297886160496,9.98725855521058e-09,3.24788896104409e-07,"GEP70_ME"
"PROBE0726_at","MEHIGH095",2,"Microenvironment",45,43,11.0624384444444,11.9965669767442,0.934128532299741,1.91073609610239,6.1973489338073,9.1158128504214,1.43966066272595e-08,4.57035131024112e-07,"GEP70_ME"
"PROBE0702_at","MEHIGH071",2,"Microenvironment",45,43,7.65411733333333,8.91250674418605,1.25838941085272,2.39228522973337,6.07152189509601,8.56145277135088,2.54051120194388e-08,8.00161008486261e-07,"GEP70_ME"
"PROBE0669_at","MEHIGH038",2,"Microenvironment",45,43,8.38760266666667,9.68848093023256,1.30087826356589,2.46378824054886,6.0526016046397,8.47852294835049,2.76591328362207e-08,8.51050241114482e-07,"GEP70_ME"
"PROBE0693_at","MEHIGH062",2,"Microenvironment",45,43,9.41380066666667,10.7690381395349,1.35523747286822,2.55839224859763,5.93981351851668,7.9865611543336,4.58083421473069e-08,1.38813158022142e-06,"GEP70_ME"
"PROBE0727_at","MEHIGH096",2,"Microenvironment",45,43,8.56248111111111,9.4759911627907,0.913510051679587,1.88362274902934,5.71737717151038,7.02895303181279,1.22454671461523e-07,3.54941076700066e-06,"GEP70_ME"
"PROBE0648_at","MEHIGH017",2,"Microenvironment",45,43,10.0678553333333,11.1903541860465,1.12249885271318,2.17723759482514,5.55389667911537,6.33652005608419,2.49602321761563e-07,6.88558128997415e-06,"GEP70_ME"
"PROBE0713_at","MEHIGH082",2,"Microenvironment",45,43,7.32123288888889,8.19588279069767,0.874649901808789,1.83356308244466,5.51990320645185,6.19381030685859,2.89098506113894e-07,7.92050701681901e-06,"GEP70_ME"
"PROBE0718_at","MEHIGH087",2,"Microenvironment",45,43,8.53296711111111,9.64285558139535,1.10988847028424,2.15828961672581,5.46376804501696,5.95913405922277,3.68129123513574e-07,9.94943577063714e-06,"GEP70_ME"
"PROBE0683_at","MEHIGH052",2,"Microenvironment",45,43,9.30305288888889,10.9007362790698,1.59768339018088,3.02656931061484,5.44376577050713,5.87581452855493,4.0112225177161e-07,1.07683825978956e-05,"GEP70_ME"
"PROBE0692_at","MEHIGH061",2,"Microenvironment",45,43,11.8065568888889,13.0257255813953,1.21916869250646,2.32812527763362,5.34139896243501,5.45193341294001,6.20915797593973e-07,1.55228949398493e-05,"GEP70_ME"
"PROBE0654_at","MEHIGH023",2,"Microenvironment",45,43,8.13898555555556,9.27476976744186,1.13578421188631,2.19737974206249,5.34205251768037,5.45462605590149,6.19193932130932e-07,1.55228949398493e-05,"GEP70_ME"
"PROBE0668_at","MEHIGH037",2,"Microenvironment",45,43,10.5588188888889,11.6630858139535,1.10426692506459,2.14989607915389,5.26754284429788,5.14879528639037,8.48905119212747e-07,2.0705002907628e-05,"GEP70_ME"
"PROBE0686_at","MEHIGH055",2,"Microenvironment",45,43,10.1630713333333,11.8135374418605,1.65046610852713,3.13935049480357,5.13224349829798,4.59951221760123,1.49711456821795e-06,3.54346643365196e-05,"GEP70_ME"
"PROBE0709_at","MEHIGH078",2,"Microenvironment",45,43,8.48361933333333,9.95913860465116,1.47551927131783,2.78083717033131,5.12154331013795,4.55641381128884,1.56532329929042e-06,3.6615749691004e-05,"GEP70_ME"
"PROBE0667_at","MEHIGH036",2,"Microenvironment",45,43,9.77216422222222,10.6809213953488,0.908757173126624,1.87742746927691,5.08676644773168,4.41669175541719,1.80862678865051e-06,4.18179604312257e-05,"GEP70_ME"
"PROBE0729_at","MEHIGH098",2,"Microenvironment",45,43,8.74981177777778,9.81728604651163,1.06747426873385,2.09576109735535,5.04992110161036,4.26925306026903,2.10662616271307e-06,4.76073709087698e-05,"GEP70_ME"
"PROBE0720_at","MEHIGH089",2,"Microenvironment",45,43,7.31929688888889,8.70794093023256,1.38864404134367,2.61832474264619,5.0085149275093,4.10430183158992,2.49878600618887e-06,5.58387934343882e-05,"GEP70_ME"
"PROBE0671_at","MEHIGH040",2,"Microenvironment",45,43,8.57683666666667,9.72238581395349,1.14554914728682,2.21230323726296,4.89864986594956,3.67048829730919,3.91655533782019e-06,8.65537091230982e-05,"GEP70_ME"
"PROBE0649_at","MEHIGH018",2,"Microenvironment",45,43,10.885894,12.4695969767442,1.58370297674419,2.99738203647337,4.870882894441,3.56175158413664,4.38399207624955e-06,9.58249634152907e-05,"GEP70_ME"
"PROBE0643_at","MEHIGH012",2,"Microenvironment",45,43,9.57436311111111,10.5808574418605,1.00649433074935,2.00902334828303,4.70932317162271,2.93653421809163,8.39040615578681e-06,0.000172998065067769,"GEP70_ME"
"PROBE0650_at","MEHIGH019",2,"Microenvironment",45,43,8.20398177777778,9.08474837209302,0.880766594315249,1.84135346787482,4.5995107331789,2.51905648917793,1.29539956208336e-05,0.000260381821524293,"GEP70_ME"
"PROBE0715_at","MEHIGH084",2,"Microenvironment",45,43,9.02781444444445,10.0387825581395,1.01096811369509,2.01526297918321,4.10445228642848,0.717847674802457,8.52020724669704e-05,0.00153517247688235,"GEP70_ME"
"PROBE0706_at","MEHIGH075",2,"Microenvironment",45,43,7.89458288888889,8.51860046511628,0.62401757622739,1.5411609924319,4.03890527589639,0.489901063828501,0.000108283849049352,0.00190808544580357,"GEP70_ME"
