"Probe_ID","GENE","PCC","FDR"
"PROBE0150_at","IG30",0.957447109795463,6.94298370805102e-101
"PROBE0136_at","IG16",0.95141421103437,5.93372317659163e-96
"PROBE0124_at","IG04",0.951337594742456,5.93372317659163e-96
"PROBE0138_at","IG18",0.949834355364874,7.45572758711641e-95
"PROBE0143_at","IG23",0.94948912064915,1.12561764200425e-94
"PROBE0133_at","IG13",0.947073153679653,7.07611188679924e-93
"PROBE0147_at","IG27",0.945861252907885,4.91775796280665e-92
"PROBE0126_at","IG06",0.944440742669733,4.70838845551716e-91
"PROBE0121_at","IG01",0.944067473424421,7.76656624791894e-91
"PROBE0135_at","IG15",0.943956071925537,8.3994378062406e-91
"PROBE0131_at","IG11",0.942318234221721,1.08962066518359e-89
"PROBE0130_at","IG10",0.942222432393406,1.16402579500023e-89
"PROBE0148_at","IG28",0.94009945967738,2.99114532771544e-88
"PROBE0132_at","IG12",0.937379288267853,1.65690880167044e-86
"PROBE0123_at","IG03",0.93717940840186,2.07325265798442e-86
"PROBE0151_at","IG31",0.936997205153585,2.53697738596941e-86
"PROBE0144_at","IG24",0.934291486504797,1.13875480287055e-84
"PROBE0149_at","IG29",0.934101906188711,1.40124720181515e-84
"PROBE0142_at","IG22",0.933089343888226,5.38300821445876e-84
"PROBE0146_at","IG26",0.932486782563302,1.16425326649234e-83
"PROBE0137_at","IG17",0.930563173177015,1.45799526684352e-82
"PROBE0145_at","IG25",0.925799441872523,6.04599276386731e-80
"PROBE0134_at","IG14",0.924688906178464,2.24800908526661e-79
"PROBE0129_at","IG09",0.922773400842782,2.13490440956039e-78
"PROBE0141_at","IG21",0.9223321088238,3.44724430183775e-78
"PROBE0122_at","IG02",0.920242277764932,3.73251272356605e-77
"PROBE0125_at","IG05",0.917825597083713,5.44934361161823e-76
"PROBE0140_at","IG20",0.914531035368366,1.87492979181195e-74
"PROBE0128_at","IG08",0.910214591673922,1.58268845740909e-72
"PROBE0127_at","IG07",0.906257378325605,7.59378576267803e-71
"PROBE0139_at","IG19",0.905810562263547,1.12964758704497e-70
